customer_id,cohort_month,order_month
2824,2021-03,2023-05
5012,2022-05,2022-05
2679,2021-10,2023-11
2424,2021-05,2021-11
1488,2021-03,2021-03
9279,2021-09,2023-12
4257,2022-07,2025-03
9928,2021-05,2021-05
5557,2021-11,2023-03
3615,2021-08,2022-07
5552,2020-10,2022-12
2674,2021-12,2023-01
6881,2020-08,2021-01
5333,2020-08,2024-10
8527,2020-02,2023-12
2291,2022-03,2022-03
6925,2020-08,2022-11
2139,2021-02,2024-05
5741,2021-05,2021-05
2654,2020-11,2020-11
6977,2024-03,2024-10
4432,2020-02,2024-09
2169,2020-03,2023-07
9751,2020-07,2022-04
8573,2023-08,2023-08
4598,2020-02,2024-11
4752,2025-01,2025-01
7572,2022-05,2022-05
6155,2024-07,2024-07
7482,2020-04,2020-04
8517,2022-04,2023-12
5040,2023-10,2023-10
5304,2022-11,2022-11
7543,2020-10,2025-03
9348,2021-06,2021-06
2796,2020-02,2020-02
7916,2020-11,2020-11
7252,2021-04,2021-04
9669,2020-07,2025-02
1188,2021-06,2021-06
9797,2022-10,2022-10
6573,2021-03,2021-03
3591,2021-09,2021-09
5315,2020-01,2020-01
9317,2020-06,2020-08
5889,2021-08,2021-08
4258,2022-03,2022-03
9837,2021-11,2024-05
1009,2021-09,2022-05
1319,2020-12,2020-12
6038,2022-05,2025-03
2290,2021-12,2022-12
2133,2020-03,2022-12
3060,2021-01,2021-01
3705,2021-11,2021-11
7932,2020-02,2020-09
4295,2025-02,2025-02
7118,2020-06,2020-06
8397,2020-07,2021-12
2049,2021-05,2023-07
4770,2021-08,2025-02
2163,2021-02,2023-12
4750,2020-06,2020-06
6413,2024-07,2024-07
5562,2021-03,2021-03
9834,2020-09,2020-09
8744,2021-12,2021-12
7669,2023-01,2023-06
8062,2021-09,2021-09
8651,2020-01,2020-01
2612,2021-03,2021-03
6559,2023-02,2023-02
5073,2020-07,2022-02
8350,2021-05,2025-02
5563,2021-05,2021-11
8260,2021-05,2024-11
2604,2021-08,2021-08
1241,2024-01,2024-01
3724,2021-09,2021-09
4502,2020-08,2023-10
3697,2020-09,2022-02
5345,2020-10,2020-10
5673,2021-12,2025-04
8973,2024-01,2024-08
4566,2020-05,2020-12
9883,2020-07,2020-07
1936,2022-04,2023-07
9238,2021-03,2021-03
3579,2020-07,2024-06
2312,2020-08,2021-04
2113,2020-02,2022-03
7615,2024-01,2024-01
5033,2020-02,2020-02
2343,2021-07,2021-07
9565,2023-03,2023-03
4346,2023-04,2023-04
4910,2023-07,2023-07
5915,2021-09,2021-09
1152,2021-09,2024-10
2638,2021-09,2021-09
9288,2024-04,2024-04
2127,2020-10,2020-10
5669,2020-08,2020-08
5956,2021-03,2024-09
9666,2020-08,2020-09
5905,2023-08,2023-08
3200,2021-01,2024-10
3546,2020-06,2020-06
4450,2021-02,2023-04
5325,2020-09,2021-08
1832,2022-01,2022-03
5533,2021-08,2021-08
3143,2022-05,2024-09
3647,2021-06,2022-12
8007,2022-02,2022-02
2232,2022-09,2022-09
3442,2022-03,2023-11
3426,2022-03,2022-03
6050,2020-02,2021-11
6862,2021-06,2021-06
2684,2021-10,2023-09
7658,2020-08,2025-03
3532,2021-08,2025-04
3662,2022-06,2022-06
7755,2023-05,2024-07
6442,2024-05,2024-12
5065,2024-01,2024-02
2771,2021-01,2024-08
8711,2022-02,2023-08
6728,2020-03,2020-03
4652,2020-09,2025-02
7528,2023-09,2024-01
5573,2020-11,2021-06
7548,2023-02,2023-04
6425,2023-02,2023-02
5279,2020-05,2023-01
1626,2021-09,2021-09
6663,2022-03,2022-03
8149,2022-01,2022-01
2894,2021-12,2025-02
4114,2022-04,2024-04
8144,2020-05,2022-01
4228,2022-10,2022-10
6409,2020-08,2021-12
3041,2022-10,2022-10
9308,2021-01,2023-05
6344,2024-10,2024-10
3085,2023-08,2023-08
7211,2021-06,2021-06
5930,2020-06,2020-06
5978,2020-06,2020-06
6279,2020-09,2020-09
4501,2020-02,2023-11
3780,2021-06,2021-06
9445,2022-01,2022-01
6491,2023-05,2023-05
6085,2020-04,2025-04
3414,2020-02,2021-04
8784,2020-10,2023-04
8461,2020-10,2020-10
4185,2020-07,2022-06
9099,2020-11,2020-11
1090,2024-04,2024-04
7965,2021-10,2023-04
9486,2020-01,2022-03
5082,2021-01,2021-01
8478,2021-06,2023-01
9702,2023-12,2023-12
6198,2020-03,2024-07
9270,2024-05,2024-05
8305,2021-10,2023-05
8777,2023-04,2024-03
5543,2020-01,2020-01
8939,2021-08,2021-08
8206,2021-04,2022-10
4841,2021-12,2021-12
9849,2020-09,2020-09
4788,2021-06,2024-03
4505,2022-03,2022-03
6421,2021-05,2022-09
2020,2020-04,2022-04
7381,2020-08,2020-08
1320,2023-11,2023-11
7232,2021-08,2024-07
5892,2020-12,2020-12
9818,2020-08,2023-06
4613,2020-01,2020-05
8140,2023-11,2023-11
6507,2023-11,2023-11
3704,2020-06,2020-06
9751,2020-07,2023-09
1444,2021-11,2021-11
3223,2020-04,2020-04
1823,2020-09,2020-09
4467,2020-08,2020-08
7211,2021-06,2024-05
5133,2023-06,2023-06
1317,2022-09,2022-09
6733,2020-10,2021-04
1659,2021-11,2021-11
4266,2022-07,2022-07
3496,2022-05,2023-10
2874,2022-03,2024-03
8619,2023-03,2023-03
3749,2021-08,2025-03
2876,2020-04,2020-04
6096,2020-01,2021-10
6111,2023-03,2023-03
7498,2023-07,2024-06
2245,2020-06,2021-05
4978,2021-10,2021-10
2983,2020-06,2020-06
1672,2022-01,2025-01
7071,2020-09,2024-11
6590,2023-02,2023-02
9031,2021-06,2021-06
8532,2020-09,2020-09
3885,2020-11,2023-12
5425,2021-12,2023-10
8921,2020-06,2020-06
5397,2023-06,2023-06
2419,2024-05,2024-05
4995,2023-03,2024-08
7209,2020-03,2020-03
6325,2021-05,2021-05
6813,2023-02,2023-02
5581,2020-04,2020-04
5526,2020-04,2020-04
4130,2020-02,2022-11
7658,2020-08,2023-02
8800,2023-12,2023-12
8342,2020-04,2020-04
5820,2020-07,2022-09
4986,2021-10,2021-10
7046,2020-07,2022-06
6632,2024-10,2024-10
6419,2021-01,2024-05
5438,2024-04,2024-04
2976,2020-11,2022-05
2958,2020-04,2020-04
4033,2021-01,2021-03
8933,2020-06,2024-05
9595,2020-08,2020-08
4180,2020-09,2023-11
3939,2022-06,2022-06
9751,2020-07,2020-07
1893,2022-11,2022-11
3068,2020-07,2023-02
2680,2021-10,2024-09
5658,2023-08,2023-08
6582,2020-09,2023-12
5136,2021-05,2021-05
2869,2020-09,2020-09
9056,2023-01,2025-02
1878,2023-04,2023-04
5978,2020-06,2022-11
2940,2021-08,2023-05
4697,2020-06,2020-06
8381,2023-11,2023-11
8025,2020-08,2022-01
1986,2022-10,2024-09
2625,2022-02,2022-02
4457,2024-07,2024-07
3573,2021-09,2021-09
2229,2020-04,2024-06
8381,2023-11,2023-11
5771,2024-02,2024-02
5632,2020-01,2020-09
2166,2022-10,2022-10
4241,2023-06,2023-06
4683,2020-11,2021-02
3330,2020-03,2020-03
6039,2024-09,2024-09
5728,2023-02,2023-02
5982,2020-07,2023-07
9199,2020-10,2024-12
2317,2024-03,2024-03
6280,2021-06,2024-07
2496,2022-03,2024-02
1339,2023-08,2023-08
5415,2024-12,2024-12
8708,2020-06,2021-04
5557,2021-11,2021-11
8141,2021-04,2024-12
2494,2024-01,2024-01
6460,2022-06,2022-07
3634,2022-05,2024-12
9117,2020-08,2020-08
1601,2020-12,2021-03
5135,2022-06,2022-06
9431,2022-07,2022-07
9889,2022-12,2022-12
4073,2024-07,2024-07
9167,2022-12,2022-12
4335,2020-03,2021-11
5719,2021-01,2022-01
8941,2020-05,2021-06
4920,2021-08,2024-12
1224,2020-09,2020-09
4681,2022-01,2023-05
8560,2022-07,2022-07
3522,2021-12,2023-06
5781,2020-01,2021-07
7807,2021-03,2021-03
4993,2020-12,2020-12
7284,2021-01,2021-01
9327,2022-07,2022-07
2143,2020-10,2020-10
6568,2023-03,2024-01
5377,2020-12,2020-12
5891,2021-05,2024-09
9022,2022-10,2022-10
9824,2020-03,2023-02
9903,2020-04,2023-12
4090,2020-02,2021-01
7274,2020-04,2022-12
1715,2021-09,2021-09
7246,2020-01,2020-01
3492,2020-07,2020-07
3068,2020-07,2023-11
6439,2021-11,2021-11
2633,2021-03,2024-01
1251,2022-04,2022-04
3529,2021-09,2021-09
6546,2023-03,2023-06
2315,2020-04,2023-11
9742,2022-11,2022-11
8994,2023-07,2023-07
2121,2024-11,2024-11
5708,2024-10,2024-10
2480,2020-02,2021-10
2646,2022-03,2023-06
5906,2022-05,2022-05
6314,2020-02,2020-09
6873,2020-05,2022-08
5000,2020-06,2022-08
3950,2021-07,2022-10
7267,2020-08,2022-04
9153,2020-07,2022-03
4804,2023-10,2023-10
8529,2020-03,2024-08
8622,2020-01,2020-01
9955,2020-05,2021-06
6661,2022-03,2022-03
7951,2021-08,2024-01
5949,2020-08,2023-01
8916,2022-05,2023-01
6881,2020-08,2020-08
5837,2020-10,2021-05
7484,2021-06,2022-07
1803,2021-03,2024-06
9138,2021-02,2023-01
4770,2021-08,2021-08
4588,2022-04,2024-05
5106,2022-01,2022-01
3240,2021-09,2021-09
1645,2020-03,2020-10
1546,2020-04,2020-04
3153,2020-06,2020-06
6352,2023-10,2023-10
4289,2020-02,2020-02
6994,2021-04,2021-04
3695,2023-07,2023-07
5835,2023-04,2023-06
2886,2023-09,2024-03
3306,2020-08,2022-12
7511,2022-02,2022-02
6992,2020-09,2020-09
1228,2022-12,2022-12
8451,2020-01,2023-10
5295,2022-06,2022-06
7086,2025-04,2025-04
8724,2020-01,2020-01
6374,2021-10,2021-10
2035,2020-04,2020-04
5951,2021-05,2021-05
3290,2022-11,2023-02
5986,2020-01,2020-01
2592,2020-08,2020-08
3222,2021-03,2023-06
9850,2020-05,2024-11
3531,2020-05,2020-05
2622,2021-04,2023-04
7686,2022-01,2022-01
1536,2022-11,2022-11
8264,2020-10,2024-01
6942,2020-03,2020-09
7018,2020-04,2020-04
6876,2020-06,2022-07
4109,2020-11,2020-11
2501,2021-09,2021-09
1349,2021-12,2022-03
4990,2020-03,2020-06
4362,2021-04,2021-04
4394,2020-01,2021-01
6383,2021-01,2021-01
1046,2022-01,2024-03
3129,2020-07,2020-07
2801,2022-01,2022-01
3159,2020-05,2020-11
6304,2021-04,2021-04
1858,2021-05,2022-10
9619,2023-02,2025-04
8802,2020-08,2021-10
9408,2020-12,2020-12
9254,2021-02,2021-02
1710,2020-03,2022-07
9543,2020-10,2020-10
1510,2021-03,2024-06
7580,2020-10,2020-10
9032,2021-09,2023-01
2204,2020-10,2020-10
3430,2020-01,2024-10
9984,2022-10,2023-03
9692,2020-02,2022-09
8048,2024-04,2024-04
2874,2022-03,2022-03
4522,2024-03,2024-03
7779,2020-12,2021-12
7532,2020-12,2022-03
6120,2024-01,2024-01
5176,2020-01,2020-01
8770,2020-07,2024-11
2527,2020-09,2020-09
7105,2020-09,2021-08
1982,2024-07,2024-07
6400,2020-01,2020-01
6793,2021-02,2021-02
1842,2020-04,2022-08
6119,2022-02,2022-02
9313,2022-06,2024-06
8900,2020-12,2022-08
6736,2023-07,2023-07
2882,2020-02,2020-03
4705,2022-01,2022-01
1430,2021-06,2022-04
5381,2020-05,2020-05
6062,2020-07,2020-07
1100,2022-02,2024-06
7566,2021-03,2021-11
1502,2023-01,2023-01
4524,2022-10,2023-05
6585,2024-10,2024-10
6314,2020-02,2023-07
2391,2022-08,2023-12
3579,2020-07,2022-11
2336,2020-02,2020-02
7947,2021-12,2021-12
7785,2020-05,2024-07
2864,2023-09,2023-09
5640,2020-06,2020-06
8972,2021-11,2024-04
1744,2023-04,2023-04
1897,2020-01,2021-07
4460,2020-10,2023-04
5742,2020-03,2023-08
9149,2023-07,2023-07
3116,2022-04,2022-04
4770,2021-08,2022-12
6802,2020-11,2020-11
1693,2020-12,2020-12
2275,2022-01,2023-08
8033,2021-06,2025-04
7843,2022-01,2022-01
1341,2021-01,2023-12
8538,2020-07,2022-07
2443,2022-06,2022-06
4986,2021-10,2023-01
9584,2023-01,2023-11
6562,2022-07,2022-07
2251,2020-03,2020-10
9693,2020-09,2023-02
6752,2020-04,2020-04
3419,2022-05,2022-05
5193,2020-02,2022-07
3504,2020-11,2020-11
2234,2021-08,2024-02
9095,2021-11,2023-03
8354,2020-04,2022-05
6295,2021-09,2022-09
6179,2022-09,2024-03
8682,2023-07,2023-07
5500,2020-01,2020-01
9312,2022-11,2022-11
8404,2020-01,2024-09
5703,2020-01,2025-03
9307,2022-06,2022-06
1672,2022-01,2022-04
4084,2022-11,2025-01
9214,2020-05,2021-07
8381,2023-11,2024-08
2381,2021-09,2021-09
1641,2020-06,2020-06
8199,2023-05,2023-12
3600,2022-02,2022-02
7347,2020-05,2021-05
1857,2021-11,2025-01
6482,2020-06,2025-01
7333,2022-03,2022-03
3463,2021-07,2021-07
3317,2020-03,2023-02
7421,2021-02,2021-02
2388,2022-10,2023-03
6381,2020-02,2024-10
9624,2024-01,2024-01
7937,2023-01,2023-01
6940,2021-01,2024-09
6598,2020-10,2021-12
4145,2022-08,2025-02
3538,2023-02,2023-02
9317,2020-06,2020-06
9626,2021-07,2021-07
3147,2022-06,2024-12
3658,2020-03,2022-07
3712,2020-10,2020-10
7731,2021-10,2021-10
4891,2022-07,2023-09
5668,2020-08,2020-08
4833,2021-10,2021-10
8684,2021-10,2021-12
7026,2021-09,2021-09
8218,2020-08,2021-02
7256,2022-07,2022-07
3655,2021-01,2024-11
3267,2020-09,2020-09
8873,2022-01,2022-01
2680,2021-10,2021-10
3042,2020-03,2021-03
5469,2022-04,2022-04
3414,2020-02,2020-02
4637,2022-04,2023-02
1436,2020-07,2020-07
9224,2020-02,2021-02
2337,2022-03,2022-03
6221,2024-05,2024-05
6493,2021-02,2024-06
1627,2021-05,2021-06
3273,2020-03,2022-09
8349,2020-09,2023-12
1311,2023-12,2023-12
9991,2022-08,2024-06
9647,2020-02,2020-06
4893,2021-04,2023-05
4906,2021-02,2023-06
8489,2020-09,2020-09
9782,2020-01,2023-12
4963,2020-02,2020-09
8032,2020-04,2025-04
4941,2020-10,2025-04
2402,2020-07,2024-06
2108,2021-11,2022-06
9312,2022-11,2025-01
1333,2020-10,2020-10
1713,2024-08,2024-08
5155,2024-03,2025-02
2106,2021-07,2023-06
2698,2021-05,2021-05
6447,2020-01,2020-01
9945,2020-04,2020-04
3868,2020-03,2023-02
8612,2023-04,2024-01
3986,2020-02,2020-02
8498,2020-03,2021-03
1717,2021-10,2022-09
6170,2022-08,2023-09
7524,2020-05,2022-08
8756,2020-07,2023-02
4131,2023-08,2025-03
6438,2021-07,2021-07
8159,2021-02,2023-09
8204,2022-01,2022-01
6554,2021-02,2021-02
9151,2024-06,2024-06
5369,2025-02,2025-02
7955,2020-08,2020-08
3956,2020-07,2020-08
2680,2021-10,2023-09
5843,2020-12,2025-03
7981,2021-05,2022-09
6759,2020-07,2021-05
6776,2022-12,2022-12
5498,2021-04,2022-03
2229,2020-04,2020-12
6952,2022-01,2024-04
3621,2020-12,2022-03
8179,2020-05,2020-05
4866,2021-06,2022-09
6933,2023-12,2023-12
1530,2022-03,2022-08
8371,2021-02,2021-02
8273,2020-12,2020-12
3255,2020-02,2022-02
6150,2022-07,2023-12
2858,2023-10,2023-10
9176,2025-03,2025-03
2929,2020-03,2021-01
8311,2021-06,2021-06
5678,2020-09,2022-04
4279,2020-08,2021-09
8406,2020-09,2023-12
8292,2020-07,2025-01
6236,2020-08,2020-08
2063,2020-09,2022-11
5914,2023-09,2023-09
3852,2023-12,2024-12
4673,2020-09,2020-09
3275,2022-11,2022-11
1430,2021-06,2021-06
7044,2020-02,2020-02
3126,2022-01,2023-12
2077,2022-03,2025-02
8842,2023-05,2023-05
2208,2021-07,2021-07
2215,2023-04,2023-04
9476,2020-09,2021-11
3981,2020-01,2020-08
8088,2021-07,2022-01
3034,2022-07,2022-07
3697,2020-09,2020-09
4694,2021-03,2025-02
5653,2024-06,2024-06
4216,2020-03,2020-03
5496,2022-11,2025-03
9740,2020-05,2023-06
3762,2020-07,2020-07
3526,2020-10,2021-09
6531,2022-08,2022-08
1674,2020-10,2020-10
2330,2021-12,2021-12
5336,2020-11,2022-06
7825,2022-08,2022-08
9159,2020-04,2020-04
5745,2020-02,2022-06
8912,2022-06,2022-06
7653,2021-01,2023-05
1981,2020-04,2021-10
8933,2020-06,2022-12
3353,2022-07,2024-12
6231,2020-04,2021-02
7532,2020-12,2021-11
9437,2022-10,2023-09
4960,2023-06,2023-06
8366,2021-11,2025-02
1829,2021-08,2021-08
7850,2021-12,2024-05
6364,2020-02,2022-10
6123,2020-06,2020-06
9163,2020-12,2020-12
9171,2020-08,2020-08
1379,2021-06,2024-11
9281,2020-12,2020-12
4524,2022-10,2022-10
1828,2020-04,2023-11
8710,2021-05,2021-11
2761,2022-02,2022-04
6992,2020-09,2024-05
1741,2021-09,2021-09
4189,2022-03,2022-03
2204,2020-10,2023-01
5582,2020-11,2021-06
2946,2023-10,2025-04
7453,2020-05,2024-03
6990,2020-03,2021-04
9341,2021-02,2021-02
1742,2024-08,2024-08
6456,2022-10,2022-10
8487,2021-12,2021-12
3290,2022-11,2025-02
6218,2024-05,2024-05
5902,2022-02,2023-08
9351,2024-08,2024-08
5911,2021-07,2023-11
7035,2024-09,2024-09
7824,2023-05,2023-05
1436,2020-07,2025-01
4728,2020-10,2020-10
8871,2020-11,2022-08
7229,2021-03,2021-03
4968,2021-08,2021-08
2800,2020-02,2020-02
6139,2022-06,2022-06
4340,2023-02,2023-08
8726,2024-04,2024-04
2020,2020-04,2020-04
4397,2020-11,2020-11
8837,2020-08,2024-04
3837,2024-10,2025-03
6608,2021-08,2021-08
5331,2023-07,2023-07
5038,2023-03,2023-03
4684,2020-11,2020-11
5735,2020-11,2023-08
9011,2020-02,2024-05
5480,2020-03,2023-03
9899,2020-09,2021-08
6654,2021-02,2021-02
5758,2020-03,2020-03
2294,2022-08,2022-11
5201,2023-12,2024-10
4310,2020-01,2020-01
5450,2023-03,2023-03
4920,2021-08,2021-08
9700,2020-09,2024-06
1860,2021-06,2021-06
8739,2021-09,2023-07
1084,2022-03,2022-06
7666,2020-03,2021-12
8822,2021-01,2024-06
6262,2023-05,2024-08
2465,2021-03,2021-03
9767,2024-06,2024-06
3868,2020-03,2022-03
1595,2020-02,2020-02
9116,2023-11,2023-11
5742,2020-03,2021-03
5888,2021-03,2021-03
6489,2021-09,2022-03
9901,2024-01,2024-01
9261,2023-09,2023-09
2845,2022-07,2022-07
8518,2022-05,2022-05
4050,2020-11,2021-09
5833,2020-01,2022-12
3875,2020-10,2022-05
7643,2022-04,2022-09
6372,2020-03,2020-03
2562,2023-05,2023-05
8822,2021-01,2021-04
1111,2024-01,2024-01
8319,2021-01,2023-08
5947,2020-06,2023-11
1187,2020-02,2020-02
4871,2021-02,2021-02
8625,2023-12,2023-12
9233,2021-01,2021-01
6095,2021-06,2021-06
5833,2020-01,2022-12
4590,2021-08,2021-08
3509,2021-01,2021-09
7121,2022-06,2024-09
8714,2022-10,2022-10
4578,2021-07,2025-04
2341,2021-08,2021-11
6927,2020-02,2020-10
2838,2023-04,2024-12
9281,2020-12,2024-01
3455,2023-08,2023-08
8239,2020-01,2021-01
9008,2020-11,2022-02
8298,2022-07,2022-07
3161,2024-01,2024-07
1945,2023-07,2023-07
6049,2023-12,2023-12
5169,2020-12,2020-12
4570,2020-12,2020-12
7941,2021-10,2022-10
9866,2021-08,2023-09
8734,2024-07,2024-10
3948,2022-01,2022-11
7887,2025-03,2025-03
8348,2024-01,2024-01
7154,2022-04,2022-04
9835,2020-08,2024-11
2943,2020-11,2023-12
7439,2023-04,2023-06
4648,2020-03,2020-03
5888,2021-03,2022-10
9920,2024-08,2025-02
4762,2021-08,2024-03
3541,2020-02,2024-04
2848,2020-02,2022-11
7868,2020-10,2020-10
4943,2022-08,2023-12
1550,2020-09,2022-07
1797,2021-06,2021-06
7590,2021-10,2021-10
4559,2021-04,2021-07
3295,2023-03,2023-03
4836,2021-09,2022-03
6224,2022-11,2022-11
6253,2023-01,2023-01
9540,2023-07,2024-08
5508,2023-08,2023-08
3869,2020-02,2025-04
9120,2023-10,2023-10
7244,2022-10,2023-09
7821,2022-12,2022-12
7167,2020-02,2020-02
8758,2021-02,2023-06
5927,2024-10,2024-10
8586,2020-09,2022-11
7761,2020-03,2020-03
9683,2020-08,2020-08
5177,2024-02,2024-02
2295,2021-08,2021-08
2514,2021-10,2021-10
1844,2023-01,2023-01
1647,2021-12,2022-07
4555,2020-02,2020-02
5967,2021-01,2024-03
4470,2020-04,2020-04
2922,2020-06,2020-06
4974,2021-08,2021-10
4350,2021-09,2024-08
6269,2020-09,2024-01
8639,2020-02,2020-02
6053,2022-11,2022-11
9147,2022-06,2025-01
8692,2024-07,2024-07
4328,2020-08,2020-08
1749,2020-02,2020-02
3390,2021-11,2024-10
7841,2020-04,2023-07
6404,2020-06,2023-04
5026,2020-06,2020-06
6530,2021-08,2021-08
9037,2020-05,2020-06
6770,2021-07,2021-12
9954,2020-01,2020-01
1962,2021-09,2024-02
1794,2020-08,2020-08
3252,2021-01,2021-01
2113,2020-02,2021-12
4583,2022-06,2022-06
1990,2022-01,2022-01
8916,2022-05,2022-05
1108,2022-08,2023-03
1194,2020-01,2020-01
5501,2020-07,2020-07
1280,2024-01,2024-03
8054,2024-02,2024-07
2753,2020-10,2024-06
3439,2020-01,2024-07
9625,2020-06,2020-06
5379,2020-08,2021-04
7112,2022-12,2022-12
4984,2020-09,2020-09
5914,2023-09,2025-03
1519,2020-04,2020-04
7179,2020-07,2023-07
1154,2022-10,2022-10
9189,2020-10,2022-01
6427,2021-08,2024-01
9653,2022-12,2022-12
4463,2020-01,2023-10
8790,2022-09,2023-08
5593,2020-05,2020-05
1539,2022-12,2022-12
1256,2021-09,2021-09
3362,2020-02,2020-02
7525,2021-12,2021-12
3661,2020-08,2020-08
7375,2023-02,2023-04
6435,2020-01,2020-01
3292,2020-08,2021-09
2284,2022-02,2022-02
1879,2020-07,2020-07
2245,2020-06,2023-01
7499,2021-11,2021-11
1485,2024-08,2024-08
9038,2020-02,2020-02
7150,2020-05,2020-05
7227,2022-06,2022-06
5839,2024-09,2024-09
2204,2020-10,2021-02
7225,2020-10,2020-10
3527,2022-08,2023-07
6909,2021-09,2021-09
6050,2020-02,2020-02
2674,2021-12,2021-12
8061,2024-10,2024-10
9395,2022-07,2022-07
2468,2020-06,2024-11
6315,2021-12,2021-12
5781,2020-01,2021-10
4977,2021-04,2021-10
7237,2020-12,2020-12
5933,2020-07,2020-07
2036,2021-12,2023-04
7899,2021-02,2025-03
6916,2021-07,2021-07
9123,2020-10,2024-05
8501,2023-11,2025-04
1110,2022-06,2024-08
7224,2021-06,2021-06
8212,2020-05,2020-05
3230,2023-03,2023-03
4290,2024-03,2024-03
7524,2020-05,2022-01
9044,2024-05,2024-05
6339,2020-04,2020-04
6980,2022-01,2022-01
4273,2022-12,2022-12
3947,2020-04,2020-04
1440,2020-06,2020-06
4434,2022-05,2022-05
2133,2020-03,2024-01
9180,2020-10,2020-10
4965,2022-05,2022-05
7932,2020-02,2021-01
8357,2021-02,2021-02
7566,2021-03,2023-03
7853,2023-11,2023-11
9796,2021-01,2021-01
2791,2021-04,2021-04
6816,2023-01,2023-01
1725,2024-01,2025-04
7547,2020-04,2022-12
8052,2020-05,2021-05
5239,2024-05,2024-05
9499,2021-03,2022-10
4621,2020-01,2023-10
8586,2020-09,2022-11
9199,2020-10,2023-07
8909,2023-04,2024-08
2406,2022-03,2023-11
3321,2023-08,2023-08
8460,2020-04,2020-04
8912,2022-06,2024-04
8178,2022-05,2022-05
6225,2020-01,2021-12
2885,2023-01,2023-01
2791,2021-04,2023-09
4996,2024-07,2024-07
3623,2022-07,2022-07
8570,2021-08,2024-01
4022,2020-12,2022-10
8080,2020-01,2022-02
4232,2020-03,2023-05
7370,2020-12,2022-03
4371,2020-08,2020-08
2025,2021-10,2021-10
4063,2021-12,2024-05
8496,2021-06,2021-06
9019,2020-02,2021-06
6134,2020-06,2023-01
7431,2023-02,2024-07
6766,2021-10,2021-10
3826,2022-10,2023-10
5873,2020-04,2022-01
2388,2022-10,2022-10
2931,2020-08,2021-07
3999,2020-03,2024-04
9369,2021-02,2024-03
3258,2021-02,2024-06
4043,2022-02,2022-02
3838,2021-12,2025-04
5732,2024-02,2024-02
8389,2022-06,2022-06
1157,2021-06,2022-12
7290,2021-07,2022-05
9109,2020-01,2025-04
7809,2021-03,2023-01
9006,2024-11,2024-11
1505,2022-04,2022-04
5785,2020-12,2022-03
9808,2020-08,2025-03
9115,2020-01,2022-01
2871,2020-07,2020-09
7010,2022-11,2025-04
8231,2020-12,2021-07
2677,2022-08,2023-10
5055,2021-08,2025-04
8368,2023-06,2023-06
8193,2023-07,2023-07
4882,2022-03,2022-03
6744,2020-07,2020-07
8015,2022-06,2022-06
4385,2021-05,2021-05
6747,2020-09,2025-02
9827,2020-02,2023-11
5794,2020-02,2022-03
9428,2020-05,2020-05
2560,2021-06,2021-06
1971,2021-01,2024-05
3078,2023-12,2023-12
5090,2023-01,2023-01
5055,2021-08,2023-11
7434,2024-05,2024-05
5402,2021-08,2021-08
8405,2020-11,2021-03
7600,2021-08,2021-08
7046,2020-07,2022-02
6362,2023-10,2023-10
2526,2021-03,2021-07
6869,2020-12,2020-12
7516,2021-06,2021-06
4470,2020-04,2021-09
5646,2020-11,2020-11
3139,2022-01,2022-07
6631,2022-07,2022-07
1752,2022-10,2022-10
1266,2022-03,2022-03
8230,2021-04,2024-09
4314,2022-06,2022-06
5945,2025-04,2025-04
2529,2021-05,2024-12
2350,2021-06,2022-12
3711,2024-05,2024-05
6005,2022-07,2022-07
8032,2020-04,2024-09
2559,2021-01,2021-01
2276,2022-09,2022-09
9510,2024-07,2024-07
1132,2020-04,2021-06
7919,2020-06,2022-05
2160,2021-06,2024-03
2678,2020-11,2024-03
5902,2022-02,2022-02
3340,2021-12,2021-12
1138,2020-07,2024-02
8210,2024-04,2024-04
3480,2021-05,2021-05
8248,2021-04,2021-04
2646,2022-03,2024-09
7291,2022-01,2022-01
6152,2024-08,2024-08
5537,2024-06,2024-06
5668,2020-08,2021-03
1439,2021-01,2021-01
5942,2022-01,2022-06
9348,2021-06,2022-10
5842,2020-05,2020-05
9108,2021-10,2024-01
9185,2021-05,2021-05
9655,2020-07,2020-07
6916,2021-07,2024-02
7337,2021-07,2021-07
7895,2024-03,2024-03
3830,2021-02,2021-02
1273,2021-09,2023-10
5295,2022-06,2022-11
7520,2020-11,2024-06
9209,2021-01,2022-06
7590,2021-10,2023-07
9808,2020-08,2020-08
2369,2020-05,2020-05
4329,2022-03,2024-02
9788,2020-06,2024-07
2083,2021-06,2021-06
4909,2020-07,2022-03
8118,2021-07,2023-03
1901,2023-08,2023-08
3877,2020-10,2022-06
3248,2020-08,2020-08
9133,2020-03,2024-09
9474,2021-02,2021-02
5247,2020-05,2023-05
5403,2024-08,2024-08
1480,2023-01,2023-02
5456,2020-06,2020-06
2262,2020-09,2020-10
6900,2021-05,2024-08
3734,2023-09,2024-04
2685,2025-03,2025-03
2889,2020-05,2024-11
1042,2022-11,2023-10
5006,2020-07,2025-04
7274,2020-04,2022-01
1579,2020-10,2023-02
7870,2023-08,2023-08
7819,2020-01,2021-12
5444,2022-05,2023-03
7108,2021-10,2021-10
1862,2020-03,2023-11
1752,2022-10,2023-09
8620,2023-03,2023-03
6362,2023-10,2024-03
1130,2021-06,2024-06
5979,2021-03,2021-03
8600,2023-05,2023-05
4201,2025-02,2025-02
5016,2021-07,2021-07
1391,2022-04,2022-11
1157,2021-06,2022-10
7164,2025-03,2025-03
6038,2022-05,2024-08
4902,2023-02,2023-02
3332,2020-05,2020-05
1719,2020-02,2022-06
7767,2020-02,2020-12
8511,2025-01,2025-01
2565,2022-10,2024-01
7461,2022-12,2023-11
2020,2020-04,2025-01
4879,2023-04,2023-04
7438,2021-02,2023-05
6345,2021-07,2024-11
4827,2022-01,2022-01
3230,2023-03,2024-03
2785,2023-09,2023-09
8365,2021-06,2021-06
2978,2022-04,2022-04
8404,2020-01,2024-08
2964,2020-01,2020-01
5984,2021-12,2021-12
1660,2022-09,2024-03
3430,2020-01,2020-01
6828,2020-11,2023-10
5896,2020-08,2023-01
1509,2021-08,2024-09
5093,2022-04,2022-04
3290,2022-11,2022-11
4641,2021-08,2023-09
7098,2022-02,2024-03
2376,2021-02,2021-02
2228,2023-05,2025-02
4239,2020-06,2024-06
3110,2020-10,2023-02
3007,2020-04,2023-12
1829,2021-08,2024-06
8096,2020-10,2020-10
9128,2023-01,2024-10
7990,2023-07,2023-07
4066,2020-10,2020-10
3435,2022-11,2022-11
5026,2020-06,2022-10
7750,2021-09,2024-01
1999,2022-04,2022-12
3248,2020-08,2023-09
9614,2020-03,2021-06
1319,2020-12,2023-04
6883,2020-05,2024-06
6636,2020-05,2025-03
6269,2020-09,2023-06
1427,2024-08,2024-08
1480,2023-01,2023-01
1959,2021-10,2021-10
9674,2020-10,2020-10
4813,2024-11,2024-11
5060,2021-01,2021-01
9743,2022-03,2023-11
1916,2021-12,2023-09
7363,2020-08,2020-08
3885,2020-11,2024-02
6878,2021-03,2022-11
6761,2023-05,2023-05
3328,2021-06,2023-10
9064,2020-06,2021-02
9035,2021-05,2021-05
4811,2021-12,2023-08
9625,2020-06,2021-04
4300,2020-08,2020-08
3907,2020-03,2023-03
1975,2021-04,2023-06
3320,2020-01,2021-09
6978,2021-10,2024-06
7481,2023-10,2023-10
5944,2023-04,2023-04
8157,2022-10,2022-10
6198,2020-03,2023-01
6846,2022-06,2022-06
3872,2022-12,2022-12
5825,2021-07,2023-03
1029,2020-11,2020-11
7415,2021-09,2021-09
1530,2022-03,2022-03
4619,2023-08,2024-07
9129,2023-06,2023-06
2274,2021-06,2022-01
3750,2024-03,2024-03
6500,2020-10,2025-03
4435,2021-09,2023-02
6742,2022-09,2022-10
1020,2021-01,2022-09
7875,2024-09,2024-09
9078,2021-03,2021-03
9946,2022-04,2022-05
4695,2020-05,2023-02
1547,2021-12,2025-04
5278,2020-02,2023-07
6600,2025-02,2025-02
3636,2023-10,2023-10
2525,2020-01,2021-06
8909,2023-04,2023-04
3703,2020-02,2020-02
3573,2021-09,2023-07
4367,2020-05,2020-05
9849,2020-09,2021-03
5872,2024-08,2024-09
7437,2020-06,2020-06
3516,2020-09,2022-06
8005,2021-09,2022-12
8869,2022-11,2024-02
4390,2023-09,2023-09
2342,2025-01,2025-01
6052,2022-12,2023-04
9013,2023-03,2023-12
2493,2020-09,2020-09
4029,2023-02,2024-03
7052,2022-01,2022-01
5313,2020-10,2020-10
4706,2020-02,2024-08
2009,2020-03,2020-03
2584,2021-08,2021-08
9871,2021-04,2024-03
4727,2021-04,2021-04
9561,2023-09,2025-01
8779,2022-11,2025-01
8803,2022-01,2022-01
1568,2022-02,2022-02
3415,2021-02,2021-02
3832,2023-03,2023-03
4471,2021-04,2025-04
1699,2021-12,2022-03
8133,2021-06,2021-06
3422,2021-03,2024-12
6238,2020-02,2023-06
2425,2020-05,2020-05
6343,2020-01,2021-01
8506,2024-05,2024-05
9561,2023-09,2023-09
7790,2020-02,2020-03
2641,2021-02,2023-10
2654,2020-11,2024-11
6633,2021-11,2021-11
7275,2024-01,2025-04
8750,2022-11,2024-05
7602,2022-09,2023-07
7581,2020-05,2020-05
4892,2021-11,2021-11
5400,2021-03,2021-04
6535,2020-06,2024-03
6094,2021-02,2023-04
2609,2020-12,2020-12
3201,2020-06,2024-04
8259,2022-08,2022-08
5414,2020-02,2021-09
2462,2020-09,2020-09
7671,2020-12,2022-06
7126,2020-07,2025-03
3604,2025-01,2025-01
9303,2022-07,2022-07
1474,2020-03,2025-02
1944,2021-08,2021-08
1828,2020-04,2022-01
4262,2020-05,2024-08
9275,2020-10,2021-03
1500,2020-06,2021-02
8308,2020-06,2020-06
6730,2025-01,2025-01
2480,2020-02,2020-02
1813,2024-03,2024-03
4511,2020-01,2021-12
4688,2020-05,2020-05
7709,2020-04,2020-04
1145,2021-01,2022-11
3837,2024-10,2024-11
4666,2022-10,2022-10
5511,2024-08,2024-08
6713,2023-11,2023-11
8646,2021-04,2021-04
7506,2020-01,2022-01
9380,2022-11,2022-11
5631,2020-12,2022-01
8892,2024-11,2024-11
6327,2021-12,2021-12
5895,2022-01,2022-04
4937,2023-04,2023-04
7620,2021-05,2024-02
3292,2020-08,2020-08
9148,2024-03,2024-06
7857,2022-02,2024-04
1578,2021-06,2022-08
4111,2022-12,2022-12
4643,2022-03,2023-05
8794,2022-01,2023-07
6873,2020-05,2024-09
3967,2022-12,2022-12
3096,2023-03,2023-03
3999,2020-03,2020-07
2463,2022-02,2022-06
6031,2020-02,2020-02
7089,2020-09,2020-09
8598,2020-02,2020-02
1879,2020-07,2023-08
2166,2022-10,2022-10
9199,2020-10,2020-11
7253,2024-06,2024-06
1885,2023-04,2023-04
3250,2023-11,2023-11
7704,2020-04,2024-01
3346,2023-12,2023-12
3954,2020-03,2024-10
6449,2020-04,2020-08
6134,2020-06,2021-03
8406,2020-09,2020-11
3595,2020-12,2022-08
3120,2021-04,2024-06
8035,2022-06,2022-06
7280,2020-02,2023-02
4267,2021-04,2023-08
6279,2020-09,2021-01
4122,2022-09,2022-09
5076,2020-01,2021-02
6113,2024-10,2024-10
9246,2021-01,2022-05
2069,2021-06,2023-11
5764,2021-06,2024-12
9587,2020-03,2023-01
3192,2024-12,2024-12
6885,2020-09,2023-08
7609,2020-09,2020-09
3149,2023-10,2023-10
9267,2021-05,2022-02
1612,2020-07,2024-07
5190,2020-03,2023-04
1796,2021-07,2021-07
2771,2021-01,2025-02
1790,2020-08,2023-05
8279,2020-09,2020-12
5140,2021-03,2021-05
4366,2021-07,2022-09
1152,2021-09,2025-01
2654,2020-11,2021-11
3247,2020-07,2021-12
9381,2021-04,2023-12
5631,2020-12,2020-12
9154,2020-09,2021-02
5308,2022-08,2023-11
6864,2022-05,2025-02
3627,2020-11,2022-08
4402,2021-04,2021-04
6416,2021-06,2021-06
2458,2020-05,2021-11
9095,2021-11,2021-11
9383,2025-04,2025-04
2659,2022-07,2023-12
4787,2022-02,2022-02
5327,2020-08,2020-08
3862,2021-12,2024-01
6901,2020-11,2024-02
7979,2021-01,2021-01
1751,2020-03,2020-03
3793,2023-09,2023-09
5395,2021-05,2021-06
7105,2020-09,2020-09
2865,2020-09,2020-09
5453,2021-12,2025-04
8835,2020-08,2020-08
3732,2020-02,2020-06
1960,2020-07,2023-11
2699,2021-12,2021-12
8908,2020-11,2020-11
8178,2022-05,2024-03
6875,2021-12,2024-09
3140,2022-04,2024-04
2850,2022-04,2022-04
1753,2021-11,2022-10
6148,2023-11,2023-11
9598,2020-04,2023-06
4669,2020-11,2025-04
6542,2020-04,2021-02
2560,2021-06,2022-03
5072,2021-04,2021-09
7305,2020-10,2022-12
1894,2020-11,2022-07
9283,2022-05,2022-05
3709,2021-01,2021-01
6253,2023-01,2023-07
1824,2020-02,2024-05
7203,2023-09,2023-09
2291,2022-03,2023-03
8341,2021-07,2021-07
8324,2021-12,2022-03
1291,2024-02,2024-02
1587,2020-07,2020-07
2489,2022-01,2023-12
5990,2020-02,2020-02
4389,2020-02,2024-02
6584,2021-09,2022-09
4652,2020-09,2021-02
8751,2022-10,2022-10
8414,2020-04,2020-04
4633,2020-11,2021-09
5783,2021-04,2021-05
2741,2022-04,2022-04
9067,2025-01,2025-01
7704,2020-04,2020-04
4209,2020-08,2021-01
4532,2021-03,2021-03
6536,2020-07,2024-08
1761,2020-09,2021-10
3018,2022-02,2022-04
8493,2020-01,2024-02
3205,2021-02,2022-11
9689,2020-07,2025-02
8091,2021-02,2023-08
9328,2020-11,2023-02
3845,2020-02,2020-04
2696,2020-02,2020-11
6273,2021-08,2025-03
7859,2022-07,2022-07
5067,2020-11,2021-09
5819,2021-09,2023-05
3263,2022-07,2023-12
9393,2021-08,2022-04
9975,2025-02,2025-02
4560,2022-09,2022-09
5760,2020-08,2022-01
3173,2022-12,2022-12
3913,2022-03,2022-03
6281,2021-04,2021-04
8870,2022-08,2022-08
7839,2022-06,2022-06
5684,2020-09,2020-09
1209,2020-02,2022-07
7240,2022-01,2024-07
1927,2020-05,2020-05
5695,2020-11,2021-12
2016,2020-01,2020-01
4342,2024-08,2024-09
6876,2020-06,2024-07
4675,2022-05,2022-05
7371,2020-10,2020-10
5712,2021-07,2021-07
7251,2020-06,2022-07
6122,2021-11,2023-04
1212,2022-06,2023-09
8259,2022-08,2023-08
7025,2020-06,2020-06
4218,2022-06,2022-06
5819,2021-09,2023-02
2220,2020-05,2020-05
9418,2023-08,2023-08
8020,2021-07,2024-01
3131,2021-09,2024-12
1092,2020-03,2022-10
3536,2020-12,2020-12
1833,2022-04,2022-04
5934,2020-01,2020-09
6866,2020-12,2020-12
6207,2021-12,2021-12
9529,2020-02,2021-08
3611,2025-03,2025-03
7609,2020-09,2025-04
4495,2020-01,2024-04
6911,2025-02,2025-02
9691,2020-10,2023-07
1144,2021-08,2021-08
8301,2022-02,2022-02
4994,2024-08,2024-08
6258,2021-01,2022-04
7322,2024-12,2024-12
5633,2025-01,2025-01
7143,2022-05,2022-05
8300,2024-03,2024-03
4154,2020-02,2020-05
2572,2021-10,2021-10
9736,2020-06,2024-07
4453,2020-05,2020-05
7950,2021-06,2021-06
9810,2020-06,2021-04
8130,2020-08,2023-03
3519,2021-04,2023-08
6434,2021-07,2021-07
1889,2020-03,2024-10
2154,2020-06,2020-06
5237,2021-03,2023-07
7626,2021-01,2023-09
7381,2020-08,2023-01
1096,2021-07,2021-08
2036,2021-12,2021-12
1745,2020-02,2021-04
6860,2024-05,2024-05
5748,2020-02,2024-12
2417,2021-10,2022-12
7249,2021-04,2021-09
1504,2021-10,2024-10
4602,2024-04,2024-04
9941,2020-04,2021-08
3360,2021-09,2021-09
7113,2020-01,2022-04
3316,2020-07,2022-06
7456,2022-04,2022-04
5992,2021-04,2021-04
6633,2021-11,2023-08
9397,2025-02,2025-02
4617,2022-01,2023-09
4183,2020-12,2020-12
1891,2020-02,2020-02
8557,2021-06,2023-05
5762,2021-12,2021-12
2608,2022-01,2025-01
8982,2020-03,2024-06
3100,2021-09,2024-02
2639,2021-07,2021-07
4170,2020-05,2020-05
6379,2022-07,2024-02
3496,2022-05,2023-09
6182,2025-03,2025-03
1079,2020-05,2021-01
8145,2022-02,2022-02
3200,2021-01,2021-11
8863,2022-05,2022-05
6004,2021-05,2021-05
3879,2022-01,2025-02
5597,2021-01,2022-11
9824,2020-03,2024-09
2252,2024-01,2024-01
9309,2020-12,2023-10
7637,2021-11,2022-06
1600,2021-08,2021-08
9842,2022-03,2022-03
6993,2020-10,2024-07
5767,2024-09,2024-09
9362,2022-09,2022-09
9227,2020-11,2025-03
3717,2020-04,2020-04
8310,2025-02,2025-02
3395,2021-11,2022-01
6878,2021-03,2021-03
4796,2021-04,2021-04
4834,2021-04,2023-12
9485,2023-04,2023-04
7358,2020-01,2021-08
1760,2022-09,2023-05
6309,2021-06,2024-04
5480,2020-03,2024-12
9918,2021-02,2021-02
7201,2021-11,2021-11
2275,2022-01,2022-01
4651,2021-09,2025-01
6653,2023-01,2024-03
1108,2022-08,2022-11
8207,2022-06,2022-06
9430,2023-09,2023-09
3461,2020-01,2021-09
2938,2020-09,2020-09
6410,2023-05,2023-05
8844,2021-09,2021-09
3641,2020-09,2020-09
1367,2023-12,2023-12
3639,2020-01,2020-01
1642,2020-06,2020-06
1916,2021-12,2022-08
9464,2021-04,2021-04
1305,2024-08,2024-08
5644,2020-02,2020-02
8359,2022-10,2022-10
8891,2020-04,2023-12
3338,2022-01,2022-01
9369,2021-02,2021-02
6614,2022-04,2025-01
2127,2020-10,2024-05
3166,2021-06,2021-06
9564,2020-09,2023-09
7877,2022-08,2025-04
2577,2021-06,2021-06
1639,2023-12,2023-12
9246,2021-01,2024-03
8901,2020-02,2020-02
9835,2020-08,2020-08
8069,2021-06,2021-06
1711,2022-05,2023-05
4759,2023-04,2023-04
7246,2020-01,2020-02
2600,2021-03,2022-07
8817,2023-09,2025-04
5641,2021-04,2024-07
7695,2020-07,2020-10
1116,2021-08,2021-08
9515,2024-11,2024-11
4365,2022-09,2024-10
7698,2023-04,2024-11
7980,2024-04,2025-02
5281,2025-04,2025-04
6990,2020-03,2022-01
7511,2022-02,2023-02
8904,2021-11,2021-11
8925,2020-02,2020-02
6641,2021-05,2021-05
3262,2021-02,2022-09
2951,2020-10,2022-10
3650,2021-01,2021-01
7562,2023-05,2023-05
1852,2020-11,2023-03
1086,2022-05,2024-08
8727,2022-09,2022-09
2444,2020-07,2020-07
7075,2020-09,2020-12
7296,2023-03,2023-03
9536,2020-06,2020-06
1941,2023-04,2023-04
9099,2020-11,2021-02
9489,2022-11,2022-11
9364,2021-03,2021-03
3776,2023-03,2023-03
4919,2022-11,2022-11
2422,2023-05,2023-12
6785,2020-12,2020-12
4281,2020-06,2020-06
2124,2023-10,2023-10
5661,2020-02,2021-03
6703,2021-07,2021-07
4707,2020-11,2023-10
8450,2020-01,2021-04
1076,2020-06,2023-02
9294,2020-08,2021-01
9243,2020-01,2023-07
9409,2020-07,2020-07
5098,2021-03,2022-08
8923,2022-07,2022-07
8517,2022-04,2025-02
1448,2023-09,2023-09
2106,2021-07,2021-07
4767,2021-01,2021-01
6785,2020-12,2023-09
5314,2020-02,2020-02
7536,2022-10,2022-10
2245,2020-06,2022-01
8807,2020-02,2024-01
5408,2022-06,2024-10
4115,2022-02,2022-02
4847,2020-05,2021-02
4387,2020-03,2020-03
6833,2020-07,2020-07
2964,2020-01,2024-12
9071,2021-10,2021-10
1692,2020-06,2021-09
6167,2021-02,2021-10
5501,2020-07,2024-01
5591,2020-01,2020-01
3101,2024-11,2024-11
8836,2020-03,2020-09
9232,2021-07,2021-07
3863,2022-07,2022-07
9490,2023-10,2023-10
1137,2021-12,2021-12
7216,2023-10,2023-10
6924,2023-10,2023-10
4066,2020-10,2023-01
5413,2020-02,2022-02
6621,2020-06,2020-06
7945,2023-11,2023-11
7099,2020-12,2023-11
5581,2020-04,2025-01
3148,2020-06,2021-04
4744,2021-08,2021-08
5422,2022-06,2023-04
8081,2021-12,2024-01
3389,2020-03,2020-11
3450,2020-04,2022-09
3893,2022-08,2023-01
9470,2020-02,2020-02
8972,2021-11,2023-01
1781,2021-11,2021-11
3676,2022-02,2022-12
8807,2020-02,2022-09
8370,2020-09,2024-07
6914,2020-10,2024-03
5222,2021-07,2021-07
2986,2020-07,2021-05
4259,2022-01,2023-06
9821,2020-12,2022-04
6818,2020-04,2021-07
8987,2021-12,2021-12
2284,2022-02,2023-03
8598,2020-02,2025-02
3745,2023-10,2025-04
7911,2021-06,2023-08
7631,2022-02,2022-02
2296,2023-08,2023-08
6136,2022-12,2023-09
5382,2022-05,2022-05
5444,2022-05,2022-10
9535,2023-12,2023-12
3741,2022-11,2023-11
3048,2022-10,2023-06
5122,2020-07,2022-05
2311,2021-12,2021-12
2687,2022-03,2022-03
9985,2024-06,2024-06
9584,2023-01,2023-01
2702,2020-06,2023-12
2381,2021-09,2023-12
6068,2021-05,2023-06
5655,2022-11,2022-11
3150,2020-09,2022-11
1468,2023-07,2023-07
6328,2021-02,2023-06
9856,2021-04,2021-04
8288,2024-01,2024-01
9835,2020-08,2022-05
8480,2024-01,2024-01
8126,2020-09,2020-09
9745,2020-05,2020-05
8891,2020-04,2022-03
8239,2020-01,2020-01
5256,2025-04,2025-04
1001,2020-06,2020-06
6634,2023-06,2023-06
1136,2020-08,2020-08
8816,2021-01,2021-01
5799,2023-10,2023-10
9981,2022-03,2024-03
8161,2021-08,2021-08
7385,2020-07,2023-08
5308,2022-08,2024-02
4924,2020-11,2024-08
5454,2021-05,2023-03
9715,2020-11,2022-10
4080,2020-03,2020-03
3238,2022-03,2022-03
8460,2020-04,2021-07
9060,2023-04,2024-11
3492,2020-07,2024-08
1362,2020-05,2020-05
5622,2023-02,2025-04
8183,2023-01,2023-01
2477,2022-03,2023-03
4558,2023-06,2023-06
9165,2020-07,2020-07
1519,2020-04,2023-11
1918,2021-02,2023-01
2169,2020-03,2020-03
4148,2023-03,2023-04
7251,2020-06,2020-06
5078,2024-12,2024-12
5049,2021-05,2021-05
4263,2020-02,2024-02
9538,2021-02,2024-10
8746,2022-10,2024-08
6293,2021-01,2021-01
1691,2020-09,2024-07
9534,2023-04,2023-08
5895,2022-01,2024-06
4568,2020-12,2020-12
8113,2023-11,2025-02
5523,2021-09,2022-03
4982,2021-09,2021-09
8786,2020-09,2021-12
7084,2024-08,2024-08
3583,2020-05,2020-05
6544,2022-10,2024-11
1983,2021-10,2021-10
3521,2020-01,2024-06
3061,2023-02,2023-02
6690,2020-04,2024-12
4161,2020-07,2020-07
6868,2022-02,2022-11
1646,2022-01,2022-10
5828,2023-02,2023-02
4109,2020-11,2025-03
6696,2023-06,2024-10
5510,2021-03,2021-03
3627,2020-11,2022-03
8362,2020-12,2023-08
9873,2023-12,2023-12
9289,2020-09,2020-09
1306,2025-01,2025-01
4912,2023-02,2023-05
9830,2021-03,2023-05
9586,2021-12,2024-12
3525,2021-04,2021-05
7714,2020-07,2020-07
2577,2021-06,2022-03
1717,2021-10,2024-01
3926,2024-01,2024-01
2753,2020-10,2021-04
1521,2020-01,2020-01
9026,2024-10,2024-10
5193,2020-02,2022-07
2161,2020-06,2020-06
9051,2022-03,2025-02
8668,2022-02,2022-02
6913,2021-05,2023-01
7046,2020-07,2022-10
5355,2020-08,2024-08
2153,2022-05,2022-05
4537,2023-04,2024-12
2658,2024-05,2024-05
7313,2021-10,2021-10
5075,2023-12,2023-12
7802,2020-06,2023-01
6864,2022-05,2022-05
7997,2020-01,2024-07
3955,2020-09,2021-11
6529,2020-05,2020-05
8258,2022-02,2022-02
6319,2020-12,2025-02
8054,2024-02,2024-02
4943,2022-08,2025-04
7145,2021-02,2021-02
5162,2020-08,2020-08
8331,2021-12,2022-08
1567,2023-07,2023-07
1267,2020-09,2020-09
1107,2022-04,2022-04
4519,2020-06,2024-11
5521,2021-01,2021-04
3534,2021-05,2023-05
6827,2020-01,2023-05
7014,2020-12,2020-12
4817,2020-05,2024-06
2505,2022-12,2024-10
4562,2021-11,2022-07
6319,2020-12,2020-12
8999,2020-03,2024-09
2562,2023-05,2024-03
1612,2020-07,2020-07
7251,2020-06,2023-05
6478,2022-09,2022-09
7824,2023-05,2024-07
4714,2020-11,2021-10
1187,2020-02,2021-11
7266,2022-11,2022-11
1674,2020-10,2025-01
3450,2020-04,2025-04
4617,2022-01,2022-01
7436,2021-08,2021-08
9269,2020-02,2020-02
5747,2020-05,2020-12
3165,2020-07,2024-10
1807,2020-03,2023-07
2393,2020-10,2021-06
3136,2021-09,2021-09
4245,2021-04,2021-04
4212,2025-03,2025-03
9589,2020-11,2020-11
5362,2024-02,2024-02
2467,2020-10,2021-01
7939,2020-02,2020-10
6254,2022-02,2022-02
1396,2021-08,2022-11
6729,2022-04,2022-04
3389,2020-03,2020-03
4271,2021-04,2021-04
2405,2023-07,2024-04
4982,2021-09,2024-11
5713,2020-01,2022-04
2823,2021-04,2024-01
1372,2020-06,2020-08
9814,2023-09,2023-09
9573,2020-02,2021-03
8913,2022-02,2022-02
1301,2020-09,2020-09
9631,2020-04,2024-01
1984,2022-02,2022-02
5444,2022-05,2022-05
1136,2020-08,2025-01
5445,2024-03,2024-03
6901,2020-11,2021-10
5792,2022-04,2022-11
7332,2020-06,2020-06
9331,2022-05,2024-04
6168,2021-06,2021-06
9709,2022-09,2024-06
9202,2022-04,2022-04
1352,2024-09,2024-09
5995,2021-09,2023-07
3572,2020-06,2020-06
6765,2022-01,2022-01
4869,2020-03,2020-03
5519,2020-08,2020-08
5221,2020-10,2025-01
5590,2022-04,2022-05
7436,2021-08,2023-06
7262,2022-07,2022-07
4726,2020-01,2020-01
3502,2023-02,2023-02
6395,2020-01,2020-01
4387,2020-03,2020-07
9869,2023-09,2023-09
3262,2021-02,2022-06
9582,2021-10,2021-10
3378,2021-09,2021-09
3589,2021-04,2021-04
9732,2020-06,2020-06
4016,2021-05,2023-11
1483,2021-08,2021-08
7737,2020-12,2021-03
5485,2020-08,2024-04
2749,2020-07,2020-07
5372,2021-01,2024-07
4783,2020-03,2023-04
1427,2024-08,2025-02
8808,2021-10,2022-12
8680,2020-04,2020-04
4014,2021-09,2024-03
8763,2021-03,2022-10
4707,2020-11,2025-01
5421,2022-07,2022-07
4323,2022-01,2022-01
3901,2020-10,2020-10
9027,2024-04,2024-04
5043,2022-04,2022-04
7232,2021-08,2024-04
9784,2023-05,2023-06
1630,2020-08,2021-09
8485,2020-02,2020-04
5025,2022-11,2023-06
1643,2022-10,2022-10
1807,2020-03,2020-06
7521,2020-01,2021-09
8558,2022-09,2025-03
1893,2022-11,2023-01
8595,2023-05,2023-05
2481,2022-08,2022-08
3945,2023-11,2023-11
9952,2020-12,2020-12
6299,2022-06,2022-06
8433,2020-05,2020-05
4308,2020-07,2020-07
5097,2022-07,2023-05
3686,2021-07,2023-10
2494,2024-01,2024-06
6946,2020-06,2023-05
7292,2020-01,2023-04
3619,2020-10,2020-10
1719,2020-02,2020-02
3459,2021-02,2021-02
3930,2020-07,2020-07
7874,2020-01,2020-01
8311,2021-06,2024-12
2926,2023-09,2023-12
1057,2021-06,2021-06
1200,2020-12,2020-12
9904,2024-03,2024-03
9084,2020-10,2025-03
8794,2022-01,2022-01
2300,2021-06,2021-06
5009,2021-07,2023-05
4401,2022-10,2022-10
1902,2020-01,2020-01
3381,2020-01,2021-06
5889,2021-08,2024-06
1803,2021-03,2022-09
3643,2020-06,2024-03
3906,2020-06,2025-04
6901,2020-11,2023-05
5903,2021-09,2021-09
2108,2021-11,2024-12
2063,2020-09,2025-02
2999,2020-03,2020-03
6393,2022-12,2022-12
4438,2022-02,2022-02
1953,2021-06,2022-12
9666,2020-08,2022-08
5705,2023-01,2023-01
5254,2020-04,2022-06
6797,2022-03,2022-04
9132,2021-07,2023-12
9154,2020-09,2020-09
4812,2021-04,2023-11
1025,2020-07,2023-01
2932,2022-12,2022-12
7793,2020-08,2020-10
6728,2020-03,2021-01
4478,2022-10,2022-10
5614,2024-03,2024-03
6042,2023-08,2023-08
6307,2020-09,2021-03
6460,2022-06,2023-07
1477,2020-04,2020-04
6415,2023-06,2023-06
8849,2020-11,2020-11
3224,2020-05,2024-03
8546,2021-08,2021-08
6490,2020-03,2020-03
1917,2020-06,2020-06
6169,2021-05,2021-05
4412,2023-02,2023-09
6793,2021-02,2022-11
5595,2020-12,2020-12
7147,2022-04,2022-04
7382,2020-11,2024-01
6050,2020-02,2023-09
1518,2023-05,2023-07
9143,2022-07,2022-07
8404,2020-01,2024-08
4541,2021-02,2021-02
2838,2023-04,2024-08
4311,2020-07,2021-11
9290,2020-12,2020-12
9192,2020-12,2020-12
8921,2020-06,2020-11
6084,2020-09,2023-09
2609,2020-12,2021-03
3174,2020-04,2021-10
8526,2022-07,2022-07
2897,2020-11,2020-11
2426,2021-07,2021-07
2689,2020-01,2020-01
6119,2022-02,2023-07
4438,2022-02,2023-07
5695,2020-11,2022-12
8227,2021-03,2021-03
3446,2021-06,2021-09
1249,2021-12,2021-12
9422,2020-08,2020-08
6739,2021-09,2021-09
3319,2022-07,2022-07
5011,2020-01,2020-01
6549,2021-06,2024-06
3131,2021-09,2021-09
1826,2020-02,2022-07
2410,2022-06,2024-09
8304,2023-01,2023-01
6444,2022-03,2024-05
9740,2020-05,2023-04
3159,2020-05,2020-05
8672,2021-08,2024-07
8625,2023-12,2024-01
3354,2020-02,2020-02
5227,2024-02,2024-02
4004,2020-01,2021-10
6412,2024-07,2024-07
8426,2025-01,2025-01
8787,2020-12,2021-01
8556,2022-03,2022-03
6711,2021-10,2021-10
9322,2020-02,2021-08
2752,2021-10,2021-10
2162,2021-06,2021-06
8552,2022-04,2025-02
4908,2020-02,2020-02
3605,2024-01,2024-05
2082,2022-06,2023-04
8063,2020-07,2021-02
6606,2022-08,2023-03
3835,2020-07,2025-01
8972,2021-11,2021-11
8584,2020-04,2023-07
8294,2023-11,2023-11
2140,2023-10,2023-10
7208,2020-07,2021-02
2007,2020-04,2021-10
1003,2020-02,2020-02
3444,2021-06,2025-04
7389,2021-03,2021-03
4205,2022-04,2024-08
5910,2023-01,2024-07
5989,2022-08,2022-08
6640,2020-08,2020-08
1133,2021-10,2021-10
7622,2021-09,2022-02
2022,2020-09,2020-09
1870,2021-03,2021-03
6885,2020-09,2023-08
1510,2021-03,2021-03
7459,2021-07,2022-08
7271,2025-02,2025-02
9931,2021-02,2021-02
8780,2022-03,2022-09
7301,2021-06,2022-03
7835,2020-10,2024-07
3056,2024-11,2024-11
1257,2022-08,2022-08
8155,2022-01,2022-01
2387,2022-01,2022-01
8471,2021-08,2021-08
7974,2022-11,2023-07
9346,2024-03,2024-03
7303,2021-04,2022-12
7959,2022-02,2022-02
9161,2020-04,2021-11
9220,2021-07,2021-07
7012,2020-03,2020-03
8917,2021-02,2021-02
8889,2020-01,2020-01
3327,2022-12,2022-12
5578,2022-01,2023-01
9574,2021-02,2023-06
5017,2021-02,2021-02
2279,2022-07,2022-07
6119,2022-02,2024-03
9765,2020-08,2020-08
8438,2023-02,2023-02
6431,2020-05,2023-05
5738,2024-02,2024-02
5981,2021-09,2024-06
5267,2021-06,2021-06
3770,2022-12,2022-12
5780,2021-07,2022-05
1447,2021-12,2022-10
3077,2020-01,2020-08
5129,2020-06,2023-03
5509,2020-06,2020-06
2827,2021-10,2021-10
3476,2020-01,2020-01
3873,2020-10,2020-10
4869,2020-03,2024-04
1542,2020-06,2020-06
3376,2021-04,2024-02
9125,2023-12,2023-12
7277,2020-05,2020-05
3740,2025-02,2025-02
6653,2023-01,2023-11
2900,2023-10,2023-10
7533,2020-01,2020-01
9724,2020-03,2021-08
7390,2020-04,2020-07
9690,2020-11,2021-08
5731,2021-06,2023-01
7258,2020-09,2021-09
1672,2022-01,2022-02
6797,2022-03,2022-03
5466,2020-09,2020-09
2610,2022-02,2022-02
7408,2023-04,2024-11
4961,2020-12,2023-12
4193,2021-08,2024-12
3947,2020-04,2020-12
1138,2020-07,2021-03
7737,2020-12,2023-08
8306,2021-02,2022-08
5641,2021-04,2024-05
1388,2020-02,2023-07
4552,2022-09,2022-09
2995,2021-01,2021-10
2415,2022-08,2023-08
7159,2021-06,2021-06
4027,2021-08,2022-10
4018,2020-05,2020-09
2240,2020-05,2024-04
7995,2021-12,2023-11
6298,2020-02,2020-06
5543,2020-01,2024-09
7366,2020-09,2024-10
5230,2022-07,2024-04
3915,2021-05,2021-05
4287,2024-07,2024-07
9061,2020-03,2022-06
8065,2020-10,2022-02
2740,2022-05,2024-04
5243,2020-02,2020-08
2153,2022-05,2025-01
8305,2021-10,2025-03
3438,2024-05,2024-05
1619,2020-12,2023-08
3483,2024-02,2025-01
1060,2021-09,2024-11
8833,2021-02,2023-08
2148,2023-02,2023-02
7298,2020-06,2020-06
2985,2024-07,2024-07
6463,2020-09,2020-09
1904,2022-09,2022-09
2485,2021-11,2024-12
2318,2020-02,2020-02
4327,2020-12,2021-10
7294,2022-08,2022-08
7391,2021-04,2021-04
6886,2021-11,2021-11
8175,2020-06,2020-06
1584,2021-08,2021-12
4907,2023-10,2023-10
9856,2021-04,2022-11
9748,2020-09,2022-04
1268,2020-12,2024-07
6533,2023-05,2024-05
7643,2022-04,2023-04
9570,2020-12,2024-07
9791,2022-01,2022-01
4817,2020-05,2020-12
3319,2022-07,2022-09
8720,2020-09,2020-09
1750,2021-01,2021-01
3138,2020-09,2023-01
1818,2023-01,2025-04
8474,2021-10,2023-02
2047,2021-11,2021-11
2870,2020-02,2020-02
4613,2020-01,2023-12
7983,2020-01,2020-08
7586,2021-04,2021-04
9943,2021-10,2021-10
1746,2020-01,2020-01
2035,2020-04,2024-04
7801,2023-09,2024-05
3703,2020-02,2020-12
1666,2024-02,2024-02
7162,2021-01,2021-01
8978,2020-01,2020-01
3939,2022-06,2024-06
5648,2023-03,2023-03
3079,2023-10,2023-10
5439,2024-03,2024-05
4919,2022-11,2023-01
1616,2020-01,2023-07
9190,2020-05,2020-05
5934,2020-01,2021-11
4860,2023-09,2024-02
2567,2021-05,2025-03
9315,2020-07,2021-05
4409,2021-08,2023-03
2846,2021-01,2021-01
8772,2023-02,2023-05
1706,2020-11,2020-11
5670,2021-03,2021-03
6477,2020-11,2024-10
1709,2021-08,2021-08
9804,2020-05,2024-07
8947,2020-07,2020-07
4855,2020-10,2020-10
6340,2020-06,2024-01
6336,2021-08,2021-08
6343,2020-01,2020-01
7759,2021-04,2021-04
4615,2021-01,2021-01
8936,2023-01,2023-07
3374,2022-05,2022-05
8454,2020-04,2020-07
3234,2022-03,2022-03
6875,2021-12,2022-09
6503,2021-08,2021-08
1977,2021-02,2021-02
8627,2021-05,2023-05
6629,2022-05,2022-05
3568,2022-08,2022-08
3784,2021-11,2023-08
4763,2020-10,2024-01
9015,2020-12,2020-12
8757,2022-12,2022-12
1237,2022-08,2023-01
5041,2023-10,2023-10
4643,2022-03,2022-09
3440,2023-02,2023-02
7844,2020-03,2023-09
8711,2022-02,2022-02
1550,2020-09,2022-08
8852,2022-05,2022-05
2605,2023-06,2024-10
2361,2023-07,2024-06
7662,2022-01,2022-08
6872,2021-07,2021-07
2486,2021-11,2024-08
5994,2023-08,2023-08
1399,2021-12,2024-04
3271,2021-10,2023-03
4030,2020-10,2021-10
8607,2024-02,2024-02
2158,2022-01,2022-01
6454,2020-01,2020-01
7977,2024-01,2024-10
9887,2022-11,2022-11
2326,2024-06,2025-04
1898,2021-05,2021-05
6963,2021-09,2021-09
7274,2020-04,2020-04
1669,2021-07,2021-07
2097,2022-08,2024-05
3267,2020-09,2024-06
9841,2020-05,2020-05
4437,2021-01,2021-12
6250,2020-07,2022-12
9250,2022-05,2022-05
1892,2020-12,2021-08
8412,2020-11,2020-11
3010,2022-12,2023-09
9730,2021-07,2022-01
7031,2020-04,2021-11
2075,2021-12,2023-03
2430,2022-02,2022-02
5724,2020-05,2023-01
2791,2021-04,2021-11
3424,2024-10,2024-10
9530,2022-10,2023-11
5803,2020-06,2023-08
9870,2020-03,2025-04
6680,2020-03,2020-03
1351,2021-03,2023-07
1361,2023-07,2023-07
9513,2022-10,2022-10
6616,2020-02,2020-02
8965,2021-04,2024-04
9686,2021-01,2021-01
8503,2020-03,2022-05
6021,2020-12,2020-12
4715,2024-03,2024-03
1775,2020-07,2021-05
8469,2022-02,2022-03
3634,2022-05,2022-05
3986,2020-02,2023-03
3514,2020-10,2022-07
1674,2020-10,2022-07
3072,2020-08,2021-11
4022,2020-12,2025-01
1568,2022-02,2024-04
3423,2023-10,2024-08
3663,2024-07,2024-09
1408,2023-01,2023-05
3381,2020-01,2020-01
3556,2020-07,2024-06
9948,2023-08,2023-08
5842,2020-05,2020-09
3409,2022-10,2022-10
8243,2021-03,2021-03
8847,2020-04,2020-04
2914,2020-03,2022-09
4610,2020-08,2023-10
6347,2020-07,2023-07
4197,2020-11,2022-04
5553,2021-01,2021-01
9821,2020-12,2020-12
2431,2020-02,2024-02
4185,2020-07,2020-07
9381,2021-04,2021-04
6915,2021-06,2021-06
8006,2021-08,2021-08
1199,2022-03,2023-05
6047,2022-03,2024-12
2435,2020-04,2020-04
7809,2021-03,2022-07
3683,2023-09,2023-09
7786,2020-03,2020-03
2410,2022-06,2022-06
8776,2020-04,2023-12
6495,2021-07,2021-07
7156,2022-03,2022-03
5478,2021-12,2023-08
8571,2021-06,2021-06
4264,2022-11,2024-06
5742,2020-03,2020-03
5947,2020-06,2020-06
9095,2021-11,2023-06
4678,2020-10,2021-08
3523,2020-02,2020-02
8742,2021-09,2021-09
5713,2020-01,2023-08
5009,2021-07,2024-04
9078,2021-03,2021-03
6927,2020-02,2022-03
8144,2020-05,2020-05
8799,2023-02,2023-02
7114,2020-07,2020-07
1287,2020-12,2020-12
1958,2020-04,2020-04
3219,2023-10,2023-10
5467,2021-03,2021-03
6832,2023-07,2025-01
9677,2022-11,2022-11
9419,2020-11,2020-11
4002,2024-03,2024-03
3738,2020-01,2020-01
5932,2024-10,2024-10
6939,2020-11,2020-11
6761,2023-05,2023-08
3243,2021-04,2024-05
8944,2021-12,2023-09
2678,2020-11,2021-08
4622,2024-08,2024-08
9612,2022-08,2022-08
2867,2024-10,2024-10
2909,2021-06,2021-06
8856,2023-01,2023-11
6940,2021-01,2022-03
9570,2020-12,2020-12
3821,2022-06,2022-06
2943,2020-11,2020-11
3332,2020-05,2023-04
3053,2021-03,2021-03
7960,2020-02,2020-02
2273,2020-05,2020-05
8065,2020-10,2023-03
1537,2020-09,2020-09
1971,2021-01,2024-12
1709,2021-08,2023-04
1168,2020-11,2020-11
4365,2022-09,2022-09
4027,2021-08,2021-08
2487,2025-03,2025-03
5544,2023-08,2023-08
6770,2021-07,2021-07
4962,2021-06,2021-11
2623,2022-09,2025-01
9664,2021-10,2022-12
5617,2021-02,2021-02
1070,2021-06,2023-10
4506,2021-09,2021-09
8777,2023-04,2023-04
4033,2021-01,2021-01
3963,2024-04,2024-04
7948,2020-12,2020-12
7677,2025-03,2025-03
3025,2020-10,2021-04
3226,2021-12,2024-02
5723,2021-04,2021-04
2347,2022-04,2022-04
7304,2020-11,2025-02
6111,2023-03,2024-11
4700,2020-06,2022-10
8011,2021-01,2023-09
8793,2024-02,2024-08
3937,2021-10,2022-09
9055,2020-08,2023-09
8177,2021-08,2021-08
2392,2020-04,2023-10
7563,2020-05,2020-05
3764,2020-12,2022-03
6548,2021-12,2021-12
3011,2020-03,2022-12
9177,2020-12,2020-12
5472,2022-01,2022-01
7557,2020-05,2023-07
7626,2021-01,2022-10
5569,2022-05,2022-05
2770,2023-07,2023-07
9147,2022-06,2022-06
1486,2020-11,2021-04
2117,2022-08,2022-08
3934,2024-06,2024-06
6356,2024-03,2024-03
2578,2020-06,2020-06
9518,2020-02,2020-07
4308,2020-07,2024-06
9032,2021-09,2025-02
6629,2022-05,2025-01
9955,2020-05,2023-07
8051,2021-09,2022-02
7285,2022-06,2022-06
8250,2021-01,2021-01
3897,2020-06,2021-10
3689,2020-04,2024-10
6119,2022-02,2025-02
2792,2020-12,2023-05
9837,2021-11,2021-11
3560,2020-11,2020-11
5315,2020-01,2023-08
6779,2023-03,2024-02
6250,2020-07,2020-07
1739,2020-08,2020-08
6715,2021-03,2021-03
1440,2020-06,2024-02
6591,2024-06,2024-06
6654,2021-02,2024-12
6755,2021-10,2022-05
5056,2022-04,2022-04
2391,2022-08,2022-08
5995,2021-09,2021-09
1322,2020-11,2023-12
8551,2020-06,2025-03
9433,2020-12,2021-01
1334,2023-11,2023-11
1364,2020-12,2020-12
7394,2020-12,2023-09
9001,2020-06,2020-06
4373,2020-01,2020-01
6563,2022-04,2022-04
6952,2022-01,2022-01
9142,2020-05,2020-05
9779,2021-04,2021-04
1778,2025-01,2025-01
7586,2021-04,2021-07
2506,2022-11,2023-12
2552,2022-03,2024-05
2102,2020-02,2024-11
8786,2020-09,2023-08
2256,2024-01,2024-01
9268,2023-02,2023-02
9846,2023-03,2023-03
7591,2021-04,2021-04
8425,2020-10,2020-11
3958,2020-01,2020-10
9457,2020-03,2020-03
9178,2022-06,2022-06
8656,2020-06,2020-08
9728,2021-11,2021-11
1981,2020-04,2022-02
8577,2023-08,2023-08
5919,2021-07,2021-07
6220,2021-10,2021-10
4335,2020-03,2020-03
5702,2021-06,2021-06
4868,2023-01,2023-01
3456,2023-06,2023-07
6087,2020-03,2020-03
8145,2022-02,2022-03
4309,2020-08,2020-11
1477,2020-04,2024-09
3883,2020-09,2022-02
8960,2021-04,2021-04
2375,2023-05,2024-10
2041,2024-05,2024-05
6954,2020-07,2024-03
7502,2020-07,2025-01
3302,2021-05,2022-04
9196,2020-03,2020-03
9605,2020-04,2025-04
4900,2020-10,2024-04
6395,2020-01,2022-04
7388,2021-08,2025-03
4865,2023-03,2024-02
3363,2023-04,2023-04
5498,2021-04,2023-03
1916,2021-12,2022-05
2850,2022-04,2024-09
8780,2022-03,2022-03
3374,2022-05,2024-10
7025,2020-06,2022-12
1570,2021-10,2021-10
1895,2020-08,2020-08
4926,2025-04,2025-04
6067,2020-06,2020-10
6945,2023-11,2024-07
2999,2020-03,2022-01
8248,2021-04,2021-11
5186,2024-10,2024-10
5872,2024-08,2024-08
8190,2021-03,2021-03
7656,2023-01,2024-11
2312,2020-08,2020-08
8718,2020-06,2020-09
7920,2020-08,2020-08
3627,2020-11,2022-12
2087,2024-01,2024-01
9973,2022-07,2022-07
1448,2023-09,2023-10
4010,2020-08,2024-10
3229,2020-03,2021-04
6006,2021-07,2022-10
2815,2020-01,2021-10
3131,2021-09,2022-01
7722,2020-12,2020-12
8397,2020-07,2022-02
3187,2020-03,2020-12
6367,2020-10,2020-10
2382,2022-08,2022-08
7447,2020-01,2020-06
4677,2024-03,2024-03
4747,2023-01,2023-06
4248,2020-07,2021-09
1815,2021-10,2023-12
5262,2023-07,2023-07
3787,2020-04,2020-04
1231,2021-01,2021-01
8433,2020-05,2021-04
2941,2020-01,2023-10
4121,2023-06,2023-06
5717,2020-05,2020-05
3133,2020-10,2025-04
4531,2024-03,2024-03
4102,2023-09,2023-11
3391,2021-04,2021-04
4858,2023-12,2023-12
7056,2021-02,2021-02
8506,2024-05,2025-01
3182,2021-01,2022-08
7513,2022-03,2022-12
7283,2020-06,2024-12
5198,2020-07,2022-05
1962,2021-09,2021-09
8715,2020-06,2024-03
1745,2020-02,2022-11
7241,2021-02,2021-07
7076,2021-08,2024-07
1673,2021-12,2021-12
3783,2022-11,2022-11
8669,2022-09,2022-09
9690,2020-11,2023-11
2914,2020-03,2020-09
9179,2020-11,2020-11
6907,2021-12,2024-06
5312,2022-12,2022-12
9470,2020-02,2023-05
6169,2021-05,2022-05
3478,2022-05,2024-12
8208,2020-09,2021-01
1894,2020-11,2022-04
8704,2023-10,2024-01
8653,2022-07,2022-07
1668,2020-08,2020-08
8949,2022-05,2022-05
3425,2024-08,2024-08
4337,2021-03,2021-03
3757,2020-02,2020-07
4479,2020-03,2020-03
9618,2020-07,2020-07
7822,2020-07,2020-07
9161,2020-04,2020-04
1425,2021-01,2022-02
2998,2023-04,2023-04
2737,2021-07,2024-07
1473,2023-03,2023-03
8861,2021-04,2021-04
1095,2021-10,2022-04
8423,2021-12,2021-12
3118,2022-02,2022-09
5635,2021-02,2021-02
2158,2022-01,2022-05
7248,2023-08,2025-03
3916,2022-04,2025-02
2461,2021-02,2021-08
3669,2020-07,2020-07
5668,2020-08,2021-06
3525,2021-04,2022-01
8083,2020-07,2020-07
3151,2022-07,2024-06
7020,2020-07,2021-02
8298,2022-07,2023-01
5398,2021-08,2023-05
2478,2024-06,2024-06
4053,2023-01,2023-08
2522,2021-06,2023-02
8594,2021-07,2022-06
3540,2021-08,2022-11
9596,2022-08,2022-08
8165,2023-01,2023-08
5921,2020-07,2023-01
5921,2020-07,2020-07
8007,2022-02,2023-05
2253,2020-06,2025-04
2763,2021-06,2022-03
2548,2020-06,2020-06
5151,2020-11,2024-11
2339,2020-06,2020-06
2866,2020-03,2024-09
3941,2020-07,2024-09
1741,2021-09,2025-01
5876,2020-05,2020-05
8454,2020-04,2023-10
5342,2021-06,2023-06
4458,2022-10,2022-10
5248,2023-04,2023-04
8107,2020-03,2020-03
7470,2023-12,2023-12
8817,2023-09,2023-09
8974,2025-03,2025-03
6910,2021-11,2021-11
7471,2022-09,2022-09
3049,2022-02,2023-11
2833,2020-12,2023-06
4083,2021-04,2021-04
8882,2025-02,2025-02
4961,2020-12,2020-12
9824,2020-03,2023-10
8592,2023-07,2023-07
1357,2020-02,2020-10
8295,2021-03,2022-02
1321,2024-09,2024-09
4975,2021-12,2025-01
7418,2021-08,2021-08
2682,2021-03,2022-05
8074,2020-09,2020-09
5764,2021-06,2021-06
8964,2020-12,2021-02
8993,2022-10,2023-09
9655,2020-07,2020-08
6174,2020-07,2020-07
7834,2021-08,2021-08
9106,2022-11,2023-04
6681,2020-07,2020-07
1340,2020-01,2021-05
4149,2020-04,2020-04
4802,2020-05,2024-06
6556,2021-05,2021-05
8675,2021-09,2021-09
7395,2020-12,2021-11
6902,2020-07,2022-07
4394,2020-01,2021-05
2412,2022-01,2023-05
3839,2021-02,2021-08
9063,2020-05,2022-07
9089,2023-01,2023-01
1770,2020-07,2023-04
5273,2024-03,2024-03
3862,2021-12,2025-02
1523,2024-06,2024-06
8055,2022-08,2024-05
2977,2023-04,2023-04
5224,2021-12,2025-03
1764,2023-11,2025-02
5382,2022-05,2022-08
9444,2020-12,2021-10
1826,2020-02,2020-02
8489,2020-09,2023-01
2734,2020-01,2022-03
2669,2020-02,2020-02
9311,2023-01,2023-01
2934,2022-01,2022-01
3572,2020-06,2021-11
8233,2022-05,2022-05
2626,2024-04,2024-07
6482,2020-06,2020-06
4307,2020-02,2020-02
1107,2022-04,2025-04
6592,2020-06,2020-06
2396,2022-06,2022-06
7799,2022-05,2022-07
5021,2024-10,2024-10
7909,2021-08,2021-08
8025,2020-08,2020-08
8516,2021-09,2022-02
6927,2020-02,2021-08
3385,2022-05,2023-12
9476,2020-09,2020-11
6542,2020-04,2020-04
8111,2020-05,2020-10
3473,2021-11,2021-11
9516,2020-06,2021-09
7586,2021-04,2022-06
5986,2020-01,2020-01
6638,2022-08,2024-03
9647,2020-02,2020-02
7618,2022-08,2022-08
9919,2022-01,2022-01
8244,2021-01,2021-01
7627,2021-11,2021-11
2380,2022-08,2022-08
7389,2021-03,2025-04
3064,2024-04,2024-04
5651,2022-08,2023-12
6115,2023-08,2023-08
3621,2020-12,2022-01
5238,2021-10,2021-10
7926,2024-09,2024-09
1982,2024-07,2025-03
9314,2021-01,2021-01
3043,2022-05,2022-05
1085,2021-07,2021-07
9737,2022-11,2025-04
6739,2021-09,2024-02
3293,2024-02,2024-02
5057,2022-06,2022-06
4154,2020-02,2020-02
8443,2021-07,2021-07
7974,2022-11,2022-11
2511,2021-08,2022-11
8802,2020-08,2020-08
7050,2020-03,2020-03
9502,2023-02,2023-08
9172,2020-03,2021-02
9020,2021-11,2025-01
3668,2024-06,2024-06
8942,2022-10,2022-10
9408,2020-12,2021-10
4483,2020-09,2020-09
3569,2022-03,2022-03
2945,2020-12,2020-12
2807,2022-01,2024-06
5744,2020-05,2020-05
2929,2020-03,2020-03
5968,2024-02,2024-02
3340,2021-12,2024-08
7910,2021-04,2021-04
5644,2020-02,2025-04
9008,2020-11,2020-11
6712,2021-06,2021-06
7841,2020-04,2024-11
8411,2021-07,2021-07
8786,2020-09,2020-09
3175,2021-10,2021-10
8551,2020-06,2024-11
8357,2021-02,2024-03
6328,2021-02,2023-05
7711,2024-01,2024-01
6554,2021-02,2023-10
8259,2022-08,2023-04
2450,2022-01,2022-01
1406,2020-02,2020-02
6060,2022-05,2022-05
2395,2023-05,2023-05
9877,2021-08,2021-08
9548,2021-09,2024-09
9235,2021-10,2023-04
9713,2020-06,2021-08
5504,2024-01,2024-01
8278,2020-06,2020-06
6249,2023-01,2023-01
9052,2020-01,2020-01
6569,2020-06,2020-06
1394,2020-12,2020-12
7258,2020-09,2023-03
2627,2023-01,2023-01
3359,2022-05,2022-06
3526,2020-10,2020-10
3772,2022-10,2023-04
3973,2020-01,2020-01
5882,2022-01,2022-01
3334,2024-12,2024-12
5225,2020-07,2023-07
1849,2020-02,2020-02
4874,2022-04,2023-08
7308,2021-07,2023-05
1993,2022-03,2022-03
7669,2023-01,2023-08
7676,2021-12,2021-12
5409,2021-05,2023-02
2663,2023-02,2025-03
3057,2021-12,2021-12
8306,2021-02,2021-02
9199,2020-10,2020-10
7116,2022-03,2024-03
5016,2021-07,2023-11
8401,2020-08,2020-12
5739,2020-11,2024-01
1008,2020-04,2024-07
5477,2023-03,2023-08
7228,2020-08,2025-03
4485,2022-03,2022-11
5609,2022-04,2022-04
9750,2020-05,2020-05
2469,2022-06,2024-01
3288,2020-11,2020-11
8077,2021-02,2021-07
6215,2020-04,2024-02
5282,2023-09,2023-09
8417,2023-10,2023-10
6269,2020-09,2020-09
6381,2020-02,2020-02
3190,2020-04,2022-06
8807,2020-02,2020-02
3843,2020-01,2022-08
9011,2020-02,2024-06
2329,2020-09,2024-12
2270,2024-06,2024-06
8293,2020-04,2020-04
7166,2020-01,2020-01
7336,2020-03,2021-03
1138,2020-07,2020-07
4161,2020-07,2022-07
1324,2020-12,2022-11
6862,2021-06,2021-07
5967,2021-01,2023-02
4838,2020-02,2020-02
1602,2021-04,2022-03
4425,2020-06,2020-06
7489,2022-08,2023-08
9197,2024-07,2024-07
4174,2021-03,2021-06
3875,2020-10,2020-10
2065,2021-03,2022-10
4734,2020-12,2020-12
5494,2020-07,2021-07
1378,2021-06,2023-01
9731,2023-06,2023-06
8437,2023-05,2023-10
1849,2020-02,2022-02
8086,2022-10,2023-05
5489,2021-01,2021-01
8644,2021-04,2022-11
1712,2022-05,2022-05
1769,2022-09,2022-09
9723,2021-08,2021-08
7420,2022-06,2025-01
1415,2024-01,2024-01
7943,2025-04,2025-04
4225,2020-12,2020-12
2029,2020-12,2020-12
1456,2020-09,2022-07
6477,2020-11,2022-03
2766,2021-05,2025-04
1891,2020-02,2023-11
4878,2020-09,2024-05
8184,2021-07,2021-07
8314,2025-01,2025-03
1994,2021-03,2023-05
6132,2021-04,2021-04
2065,2021-03,2021-03
8240,2021-03,2021-09
8075,2022-05,2023-02
1914,2020-01,2020-01
7249,2021-04,2021-04
7735,2021-04,2022-07
1173,2022-02,2022-02
8014,2021-01,2021-01
2659,2022-07,2024-08
1425,2021-01,2021-06
4153,2020-02,2023-03
2106,2021-07,2025-03
3064,2024-04,2024-04
6822,2020-06,2020-06
8284,2020-07,2023-05
1722,2022-05,2022-05
8140,2023-11,2024-08
6861,2022-03,2023-07
3385,2022-05,2022-05
6618,2021-06,2022-10
9481,2021-05,2021-05
3369,2021-04,2021-06
1894,2020-11,2023-09
4282,2022-12,2023-06
2120,2024-02,2024-02
8794,2022-01,2024-04
6425,2023-02,2025-02
6499,2020-03,2023-04
6384,2020-11,2024-07
1691,2020-09,2020-09
4654,2024-04,2024-04
4492,2024-06,2024-06
6431,2020-05,2020-05
4363,2020-04,2021-06
6944,2020-12,2020-12
1491,2021-11,2023-05
5760,2020-08,2024-08
6896,2021-03,2024-02
4262,2020-05,2020-05
4587,2020-05,2024-03
3855,2021-02,2025-04
5029,2021-04,2021-04
3884,2021-08,2024-09
1343,2021-01,2021-11
7208,2020-07,2023-08
6544,2022-10,2022-10
8474,2021-10,2022-05
3807,2020-04,2020-04
8106,2024-09,2024-11
2941,2020-01,2020-01
4107,2021-10,2023-04
7131,2020-08,2022-03
5006,2020-07,2020-07
4098,2021-07,2021-07
3434,2022-01,2022-01
5588,2020-03,2020-03
9011,2020-02,2021-06
8711,2022-02,2023-12
2062,2023-12,2023-12
9342,2020-05,2020-11
8606,2020-01,2020-01
7125,2021-02,2022-07
9106,2022-11,2022-11
7569,2022-09,2022-09
1599,2022-10,2022-10
8406,2020-09,2022-03
4581,2021-06,2021-10
3575,2023-12,2023-12
5170,2020-04,2020-04
2376,2021-02,2024-05
6760,2022-02,2022-11
8622,2020-01,2020-04
7981,2021-05,2021-05
7700,2022-10,2022-10
6194,2020-10,2022-05
3942,2025-03,2025-03
2243,2021-08,2021-08
5825,2021-07,2021-07
9956,2021-03,2021-03
4731,2021-12,2021-12
6902,2020-07,2020-07
6468,2021-02,2022-12
5096,2020-07,2020-07
5496,2022-11,2022-11
3258,2021-02,2023-09
9898,2021-01,2025-04
5906,2022-05,2023-12
7616,2022-06,2022-06
1194,2020-01,2020-05
3445,2020-03,2020-11
4717,2021-11,2021-11
8773,2021-03,2023-06
8679,2021-02,2021-02
6581,2020-12,2023-05
4077,2020-11,2020-11
7843,2022-01,2025-03
1493,2023-08,2023-08
3102,2021-10,2021-10
1158,2025-03,2025-03
6810,2020-02,2022-11
7974,2022-11,2023-05
9808,2020-08,2022-07
1380,2020-09,2022-09
3279,2021-03,2021-03
7404,2020-10,2023-02
7400,2024-07,2024-07
4085,2021-01,2021-01
8397,2020-07,2024-03
2527,2020-09,2021-03
3910,2020-09,2023-07
9005,2024-05,2024-07
2138,2022-04,2022-04
5650,2021-02,2023-09
9591,2024-01,2024-01
7039,2021-01,2021-01
6353,2024-06,2024-06
7407,2022-02,2023-02
3115,2020-03,2021-12
2126,2024-09,2024-09
3128,2021-06,2021-06
8081,2021-12,2021-12
8778,2021-07,2021-07
6084,2020-09,2023-08
8519,2021-09,2022-08
3337,2024-08,2024-08
5044,2020-07,2021-02
9043,2021-01,2021-03
1640,2020-01,2023-05
8476,2021-06,2021-06
5873,2020-04,2020-04
7800,2022-08,2022-08
8079,2021-06,2021-07
4005,2020-06,2025-01
7447,2020-01,2020-10
4927,2024-05,2024-05
5485,2020-08,2020-08
5782,2020-06,2020-06
4559,2021-04,2021-12
2986,2020-07,2023-03
2723,2020-07,2024-02
7719,2023-12,2023-12
4397,2020-11,2021-08
1437,2023-05,2023-05
8567,2020-05,2020-05
7542,2022-06,2022-12
1618,2023-11,2023-11
3236,2023-07,2023-07
8606,2020-01,2020-04
2352,2021-08,2023-11
8171,2021-09,2023-01
3643,2020-06,2020-06
2646,2022-03,2023-06
9759,2023-11,2023-11
2271,2023-07,2023-07
5476,2022-02,2024-04
3915,2021-05,2024-08
9721,2022-04,2024-12
1782,2020-05,2022-04
2684,2021-10,2024-03
8274,2020-08,2022-01
1797,2021-06,2025-01
5091,2022-03,2022-03
4276,2023-06,2023-06
1457,2020-11,2024-01
4148,2023-03,2023-03
4613,2020-01,2020-01
3750,2024-03,2024-03
7810,2020-01,2024-10
6286,2021-06,2022-12
4393,2020-04,2020-04
8010,2024-04,2024-04
2734,2020-01,2021-05
1245,2024-06,2024-06
1196,2020-08,2023-10
4606,2022-12,2022-12
7045,2022-06,2022-06
7735,2021-04,2025-01
9185,2021-05,2022-09
9784,2023-05,2023-05
3809,2020-02,2020-02
6314,2020-02,2020-02
7366,2020-09,2024-12
3177,2022-08,2022-08
6209,2022-02,2024-05
8899,2021-01,2021-01
8354,2020-04,2024-01
4808,2020-08,2021-10
1217,2020-02,2022-08
3032,2021-10,2024-10
8020,2021-07,2021-07
2300,2021-06,2024-11
9171,2020-08,2021-10
7156,2022-03,2025-03
4900,2020-10,2020-10
8270,2020-04,2020-04
3199,2022-08,2022-08
1648,2022-05,2024-12
5726,2022-02,2022-02
6427,2021-08,2021-08
9836,2021-06,2021-06
5068,2020-05,2020-05
4644,2022-02,2024-07
9543,2020-10,2022-05
1099,2021-01,2024-03
2146,2020-06,2020-06
3318,2020-12,2022-04
2503,2024-03,2024-03
4348,2020-02,2020-02
7983,2020-01,2023-04
3689,2020-04,2020-04
7947,2021-12,2022-09
5966,2025-03,2025-03
4299,2021-02,2021-02
2310,2020-08,2023-12
7524,2020-05,2020-05
8231,2020-12,2024-01
8101,2022-07,2024-10
1324,2020-12,2020-12
2363,2023-01,2023-01
9801,2021-09,2023-08
3878,2021-09,2021-09
6011,2020-02,2020-02
8878,2022-06,2022-06
8688,2023-09,2024-09
1068,2024-09,2024-09
7131,2020-08,2023-02
7465,2020-08,2020-08
7292,2020-01,2020-08
2167,2020-12,2020-12
3039,2021-03,2021-03
3660,2024-05,2024-06
5182,2020-07,2020-07
6711,2021-10,2023-06
7032,2021-03,2021-03
7313,2021-10,2024-08
5043,2022-04,2023-12
6921,2023-04,2023-04
1462,2022-08,2022-08
3422,2021-03,2021-03
3414,2020-02,2021-08
3644,2020-12,2022-08
7297,2022-05,2022-05
2316,2020-04,2020-04
7929,2021-11,2022-11
5143,2023-03,2025-03
9735,2020-08,2020-08
6045,2021-12,2021-12
2456,2020-11,2020-11
6642,2021-08,2022-08
4432,2020-02,2020-02
6047,2022-03,2022-03
9056,2023-01,2023-01
7845,2020-01,2020-01
5724,2020-05,2020-05
3890,2020-03,2020-03
3200,2021-01,2021-03
9234,2020-03,2020-03
4482,2022-07,2022-11
3993,2020-11,2021-11
5249,2020-12,2022-02
8220,2023-12,2023-12
2789,2020-10,2020-10
2307,2020-09,2021-10
3042,2020-03,2020-03
1486,2020-11,2020-11
8949,2022-05,2022-12
1155,2020-10,2022-12
1685,2022-10,2022-10
1118,2020-05,2023-04
5355,2020-08,2020-08
6521,2020-11,2023-12
7074,2024-05,2024-05
6164,2023-02,2023-04
7528,2023-09,2023-09
6833,2020-07,2021-05
1050,2023-03,2024-05
7583,2023-07,2023-07
1420,2020-04,2024-12
5578,2022-01,2022-01
7036,2021-01,2021-01
8785,2020-10,2020-10
4079,2021-05,2021-05
6278,2021-09,2021-09
1749,2020-02,2022-05
6333,2021-09,2023-01
8938,2021-01,2023-03
2333,2020-07,2020-07
2645,2022-03,2022-03
4196,2021-06,2021-06
9267,2021-05,2021-05
2426,2021-07,2021-09
9990,2023-05,2023-05
3753,2021-09,2024-01
8899,2021-01,2023-08
4987,2021-10,2021-10
2465,2021-03,2021-10
1478,2023-09,2024-02
7283,2020-06,2020-06
5220,2022-06,2022-06
3016,2022-08,2024-12
9060,2023-04,2023-04
6452,2020-10,2020-10
2059,2022-03,2023-01
7252,2021-04,2024-12
8159,2021-02,2021-02
5244,2020-11,2021-05
2824,2021-03,2021-03
4082,2024-09,2024-09
7025,2020-06,2024-11
7229,2021-03,2023-08
6092,2020-10,2020-10
4110,2022-11,2023-04
6237,2021-11,2025-01
3069,2020-02,2020-02
4639,2020-04,2020-04
9819,2020-01,2020-01
3370,2021-09,2021-09
4586,2020-11,2020-11
3415,2021-02,2024-09
1562,2020-03,2020-03
9230,2021-01,2024-07
5480,2020-03,2021-09
8836,2020-03,2021-12
9110,2022-11,2022-11
1963,2021-03,2021-10
3501,2023-11,2023-11
4687,2021-12,2021-12
3933,2021-11,2021-11
7419,2022-07,2022-07
3608,2021-07,2021-07
7427,2021-09,2021-09
8756,2020-07,2024-11
7407,2022-02,2022-09
5637,2020-03,2020-03
9978,2022-07,2024-05
6298,2020-02,2024-07
1886,2020-08,2024-05
5981,2021-09,2024-01
3253,2022-07,2024-08
5769,2021-03,2021-03
4573,2022-09,2022-09
1149,2023-07,2023-07
2670,2020-02,2020-02
7169,2020-08,2024-03
3756,2021-03,2021-03
6825,2021-05,2024-09
1859,2020-12,2024-05
6545,2024-01,2024-07
7619,2023-02,2023-02
4946,2021-10,2025-01
3826,2022-10,2022-11
2468,2020-06,2021-03
7260,2020-11,2020-11
8292,2020-07,2024-11
2910,2020-11,2020-11
9351,2024-08,2025-01
8856,2023-01,2023-01
2549,2022-08,2022-08
7290,2021-07,2021-07
8105,2023-06,2024-05
2629,2020-09,2020-09
9806,2020-08,2020-08
1323,2023-06,2024-06
9684,2020-01,2022-06
9830,2021-03,2021-03
3033,2022-12,2022-12
2922,2020-06,2021-01
3948,2022-01,2022-01
6149,2020-06,2020-06
4378,2022-05,2022-05
5206,2020-10,2020-10
2386,2020-06,2021-12
5891,2021-05,2022-04
3811,2020-10,2022-06
1001,2020-06,2023-10
9510,2024-07,2024-11
9750,2020-05,2022-10
9035,2021-05,2021-05
6769,2021-11,2024-10
4438,2022-02,2024-05
1732,2020-11,2020-11
3321,2023-08,2024-06
3198,2022-06,2022-06
6882,2020-03,2020-03
7914,2021-07,2022-09
5270,2022-05,2024-11
7554,2021-08,2024-01
7968,2022-04,2022-04
9780,2022-01,2022-01
5413,2020-02,2020-03
4156,2021-05,2021-07
9379,2022-07,2023-05
3514,2020-10,2022-04
7208,2020-07,2023-01
5055,2021-08,2021-08
9707,2020-10,2023-10
7664,2024-01,2024-01
2457,2022-01,2022-01
5476,2022-02,2025-03
5483,2020-05,2020-05
4640,2021-11,2021-11
3023,2021-09,2024-10
6022,2021-12,2022-06
2565,2022-10,2022-10
5620,2022-12,2025-04
2623,2022-09,2022-09
6210,2021-03,2021-07
3960,2020-08,2020-12
9711,2020-08,2020-08
8812,2020-06,2023-03
1155,2020-10,2020-12
3547,2023-12,2023-12
7206,2021-08,2021-08
1866,2021-02,2021-02
7064,2022-07,2022-07
7852,2021-09,2021-09
8191,2022-10,2025-02
9228,2020-10,2020-10
9529,2020-02,2020-02
6000,2020-12,2020-12
6007,2022-02,2022-05
2476,2020-09,2022-09
4932,2021-02,2022-04
1940,2022-01,2022-01
9074,2020-04,2022-11
7946,2020-03,2020-03
3235,2024-08,2024-08
9722,2021-04,2021-04
1227,2021-05,2023-05
1119,2020-01,2021-03
9754,2021-07,2021-07
9652,2020-11,2024-10
8350,2021-05,2022-03
9577,2020-01,2024-06
2230,2020-08,2023-11
9416,2020-04,2020-04
7925,2023-12,2023-12
7115,2022-07,2022-07
5092,2024-10,2024-10
5752,2023-06,2023-06
5337,2025-03,2025-03
7449,2022-02,2022-05
9446,2022-03,2022-03
8586,2020-09,2022-02
1942,2020-10,2024-12
8542,2020-03,2020-03
2755,2021-11,2024-03
4050,2020-11,2020-11
2660,2021-10,2021-10
2388,2022-10,2025-03
7729,2021-12,2021-12
1113,2020-01,2020-01
5098,2021-03,2024-01
7132,2020-01,2020-01
3984,2021-09,2024-03
2780,2020-10,2021-12
8198,2020-10,2021-07
8110,2022-12,2024-02
4251,2022-02,2022-05
1659,2021-11,2024-11
6426,2022-08,2023-11
4260,2020-12,2020-12
5354,2022-06,2023-05
9119,2020-02,2025-04
3087,2020-06,2021-02
9222,2022-07,2022-10
7370,2020-12,2020-12
1346,2021-01,2024-12
9192,2020-12,2025-03
4874,2022-04,2025-01
8039,2021-05,2023-11
1131,2021-04,2021-04
5623,2020-10,2020-10
5059,2020-02,2020-02
9376,2021-09,2021-09
2884,2020-07,2020-07
5052,2022-04,2022-04
4250,2021-05,2023-06
9230,2021-01,2021-03
3436,2021-07,2021-07
7574,2022-05,2023-06
3395,2021-11,2021-11
4270,2020-03,2022-01
7231,2024-02,2024-02
4791,2020-09,2023-09
8851,2020-03,2020-03
1846,2023-08,2023-08
6956,2020-07,2020-07
7849,2022-01,2022-01
3977,2021-01,2023-07
6269,2020-09,2024-07
5590,2022-04,2022-04
8059,2024-07,2024-07
6956,2020-07,2021-03
2587,2024-09,2024-09
3134,2025-03,2025-03
6920,2022-05,2022-05
9664,2021-10,2022-11
5521,2021-01,2021-01
2429,2020-08,2020-08
2971,2021-07,2024-06
4120,2020-06,2025-01
2616,2020-05,2020-05
6618,2021-06,2024-07
4309,2020-08,2022-01
1717,2021-10,2021-10
5137,2022-08,2022-08
6690,2020-04,2020-04
2923,2022-09,2024-01
8910,2021-12,2023-02
1358,2020-06,2020-06
3112,2022-04,2022-04
1996,2021-11,2023-03
4116,2021-06,2021-06
9110,2022-11,2023-08
2228,2023-05,2023-06
7293,2021-06,2024-02
7567,2020-01,2022-09
4015,2021-04,2021-04
4568,2020-12,2023-05
9401,2023-07,2023-07
9602,2020-06,2022-09
5855,2025-04,2025-04
2951,2020-10,2022-08
9741,2021-12,2022-02
3427,2021-01,2021-01
3178,2023-02,2023-02
5079,2020-05,2025-04
9758,2022-08,2022-08
6692,2020-03,2020-03
6317,2020-06,2023-07
9999,2021-11,2021-11
7690,2024-03,2025-04
6318,2020-02,2024-01
1170,2020-08,2020-08
5582,2020-11,2022-12
9804,2020-05,2024-09
2743,2020-02,2020-02
7258,2020-09,2020-09
4377,2024-05,2024-12
6312,2023-08,2023-08
7479,2021-11,2023-07
8109,2022-12,2022-12
2535,2021-06,2021-06
4031,2021-05,2022-03
4094,2021-11,2021-11
3955,2020-09,2020-09
6081,2022-06,2022-06
7458,2020-10,2020-10
2137,2021-08,2021-08
5018,2022-08,2022-08
7594,2021-07,2024-12
3249,2020-11,2025-01
2633,2021-03,2023-12
2802,2020-11,2020-11
1716,2020-01,2020-05
5385,2022-01,2025-03
1221,2022-09,2023-01
2742,2022-09,2022-09
2392,2020-04,2020-04
8279,2020-09,2020-09
6435,2020-01,2023-08
1915,2021-04,2021-04
9906,2020-10,2020-10
2684,2021-10,2022-09
9381,2021-04,2021-04
3323,2020-10,2020-10
1393,2022-09,2022-09
3414,2020-02,2021-10
4700,2020-06,2022-03
7303,2021-04,2024-11
2841,2020-07,2020-07
4678,2020-10,2020-10
6854,2021-01,2021-01
2939,2020-05,2023-12
1710,2020-03,2023-09
8022,2021-07,2021-07
3971,2020-06,2020-06
5940,2021-06,2021-06
6707,2023-03,2023-03
9179,2020-11,2023-06
2251,2020-03,2020-11
3401,2024-03,2024-03
8318,2021-06,2021-06
2102,2020-02,2020-02
5562,2021-03,2021-11
3089,2021-06,2021-06
6777,2020-04,2020-04
8885,2020-03,2020-03
6463,2020-09,2024-02
5028,2020-06,2020-06
9144,2022-06,2022-06
9724,2020-03,2020-03
7301,2021-06,2024-08
7911,2021-06,2021-06
4593,2020-12,2020-12
6926,2020-08,2025-02
6937,2023-07,2023-07
2804,2020-06,2020-06
6912,2021-12,2021-12
5828,2023-02,2023-11
7898,2022-11,2022-11
1915,2021-04,2023-12
3344,2021-03,2021-03
7958,2021-12,2023-06
2736,2022-02,2022-02
8812,2020-06,2023-04
1494,2022-08,2025-04
2294,2022-08,2022-08
7823,2023-09,2025-02
8696,2020-09,2020-09
9641,2024-11,2024-11
8703,2020-09,2020-09
8274,2020-08,2020-08
1216,2020-04,2020-04
1983,2021-10,2023-10
3843,2020-01,2022-08
7494,2022-10,2022-10
8443,2021-07,2021-07
9222,2022-07,2023-08
7941,2021-10,2021-10
2506,2022-11,2023-07
4471,2021-04,2022-04
4586,2020-11,2025-03
2264,2023-03,2023-03
8821,2020-02,2020-02
7637,2021-11,2024-05
1895,2020-08,2024-04
7950,2021-06,2022-07
2710,2020-01,2020-01
6496,2021-11,2023-04
3666,2020-05,2020-05
4471,2021-04,2021-04
4075,2021-05,2022-01
1530,2022-03,2024-10
1735,2020-02,2020-02
1748,2024-02,2024-02
6056,2020-02,2020-02
5626,2024-01,2024-01
4192,2022-08,2022-08
6830,2022-02,2023-11
2595,2020-07,2023-09
9250,2022-05,2023-04
1388,2020-02,2020-02
8814,2021-05,2021-05
5753,2020-04,2021-06
8587,2024-03,2024-03
2528,2020-02,2020-02
4533,2021-08,2021-08
3307,2020-11,2022-09
9218,2024-01,2024-04
9573,2020-02,2020-02
8331,2021-12,2021-12
5765,2022-02,2024-10
1655,2024-12,2024-12
7350,2020-07,2020-07
2228,2023-05,2023-05
9151,2024-06,2024-09
3336,2021-11,2021-12
9964,2021-10,2023-09
9174,2021-02,2023-05
3780,2021-06,2023-08
2116,2020-05,2022-08
6789,2023-01,2023-01
8548,2020-10,2021-05
5194,2021-06,2025-03
3301,2022-10,2022-10
8999,2020-03,2021-07
7568,2021-01,2021-01
3113,2020-05,2022-09
6138,2024-03,2024-03
7769,2022-02,2022-02
1699,2021-12,2021-12
1934,2020-09,2022-03
1130,2021-06,2021-09
5762,2021-12,2022-06
7541,2020-08,2024-12
7360,2020-05,2020-05
2531,2020-01,2020-06
9767,2024-06,2024-12
2787,2022-06,2024-08
2775,2020-08,2020-08
8096,2020-10,2025-01
2056,2024-05,2024-05
8967,2020-05,2020-05
8802,2020-08,2025-02
1627,2021-05,2021-05
3384,2020-03,2022-05
1513,2020-12,2021-06
2022,2020-09,2023-10
8046,2022-02,2022-05
1886,2020-08,2020-09
7929,2021-11,2021-11
3885,2020-11,2023-11
5487,2024-06,2024-06
8396,2020-01,2020-01
4507,2020-01,2020-01
4015,2021-04,2023-02
8021,2023-04,2023-04
3695,2023-07,2023-08
8890,2020-11,2021-08
3632,2021-01,2021-01
6811,2021-08,2021-08
7375,2023-02,2023-02
4253,2025-04,2025-04
3369,2021-04,2021-04
6185,2022-09,2022-12
3416,2020-03,2020-03
2861,2020-01,2024-01
7658,2020-08,2020-08
1060,2021-09,2021-09
8361,2020-03,2025-01
2596,2020-06,2020-06
4074,2020-08,2020-08
3721,2020-12,2022-04
6703,2021-07,2022-11
1235,2021-05,2022-04
1265,2022-07,2023-09
9226,2020-10,2021-03
9177,2020-12,2022-03
7783,2020-05,2020-05
9887,2022-11,2023-07
2857,2021-03,2021-03
8018,2022-12,2022-12
3664,2024-02,2024-08
5669,2020-08,2024-02
8167,2020-07,2020-07
2625,2022-02,2024-09
2468,2020-06,2022-08
7738,2020-12,2020-12
9924,2021-02,2023-11
9247,2020-04,2020-04
5749,2021-08,2024-01
4651,2021-09,2022-12
7243,2021-06,2021-06
3038,2022-07,2025-01
7765,2022-02,2025-03
7484,2021-06,2021-06
4668,2023-04,2023-04
5333,2020-08,2020-08
4957,2020-11,2024-06
1535,2020-04,2020-04
7134,2021-09,2021-09
6201,2020-01,2022-02
8045,2020-11,2024-05
4156,2021-05,2021-05
1845,2022-03,2023-10
8030,2022-05,2022-05
7396,2021-09,2021-09
7604,2022-04,2022-04
3595,2020-12,2020-12
3069,2020-02,2020-10
7422,2023-05,2023-05
5263,2020-12,2020-12
6282,2023-06,2023-06
1420,2020-04,2020-07
3507,2020-04,2022-08
9907,2020-07,2025-01
7265,2020-01,2024-07
3138,2020-09,2020-09
6867,2020-07,2020-07
4633,2020-11,2020-11
5018,2022-08,2023-09
5267,2021-06,2022-12
2359,2020-12,2020-12
1379,2021-06,2023-11
2694,2022-07,2022-07
3010,2022-12,2022-12
5292,2022-05,2022-05
2267,2020-05,2021-05
4407,2021-01,2021-04
1359,2021-06,2021-06
2250,2020-04,2024-05
7148,2020-01,2024-07
8387,2022-09,2022-09
5894,2024-12,2024-12
1515,2021-06,2024-11
6681,2020-07,2024-07
9953,2022-10,2023-02
5169,2020-12,2024-11
1484,2020-06,2020-08
9384,2021-02,2024-01
6978,2021-10,2021-10
1483,2021-08,2022-08
2367,2021-10,2024-10
5384,2023-12,2023-12
2506,2022-11,2022-11
5822,2023-07,2023-07
8144,2020-05,2023-01
4163,2022-03,2022-03
5605,2020-01,2020-01
6105,2020-02,2022-07
8992,2020-12,2023-09
7942,2022-05,2022-05
6222,2023-06,2023-06
7275,2024-01,2024-01
6782,2021-10,2024-05
2052,2021-05,2021-05
9378,2020-10,2023-06
5808,2022-01,2022-06
9691,2020-10,2021-01
2878,2025-03,2025-03
8035,2022-06,2023-10
5019,2021-04,2024-03
7089,2020-09,2021-07
3003,2020-11,2020-11
1178,2022-10,2022-10
8624,2021-03,2023-11
4811,2021-12,2021-12
5646,2020-11,2024-04
4562,2021-11,2022-11
2225,2020-01,2020-01
7909,2021-08,2022-02
6206,2020-05,2020-05
4229,2022-04,2022-08
9169,2021-12,2021-12
7901,2020-04,2020-04
3803,2023-02,2023-04
7272,2020-06,2023-05
5670,2021-03,2022-10
1076,2020-06,2020-06
3147,2022-06,2022-06
1606,2020-04,2020-04
1640,2020-01,2023-01
2137,2021-08,2023-06
5931,2024-02,2024-02
7559,2020-01,2020-01
9090,2021-11,2021-11
5889,2021-08,2024-08
9082,2020-03,2020-03
7126,2020-07,2020-07
1479,2025-02,2025-02
3273,2020-03,2020-03
8138,2021-11,2021-11
4131,2023-08,2023-08
9807,2023-05,2023-05
1860,2021-06,2021-07
2815,2020-01,2022-08
2229,2020-04,2020-10
7218,2020-03,2020-03
3257,2020-04,2022-06
3069,2020-02,2021-02
7771,2023-07,2024-10
3004,2023-02,2023-02
8830,2021-09,2021-09
6274,2021-11,2023-02
4700,2020-06,2020-06
2356,2020-08,2020-08
4373,2020-01,2021-08
9103,2024-03,2024-03
4541,2021-02,2024-11
4078,2020-07,2020-07
4418,2023-02,2023-02
9420,2022-05,2024-08
8438,2023-02,2023-11
2731,2025-01,2025-01
6957,2020-02,2022-05
9412,2022-06,2023-06
4079,2021-05,2024-10
3690,2020-09,2023-05
2672,2024-01,2024-01
2805,2020-09,2022-04
4064,2024-07,2024-07
9698,2020-03,2023-08
2938,2020-09,2020-09
6806,2022-02,2022-02
7503,2020-09,2020-09
6467,2020-05,2020-12
7058,2021-04,2021-04
7267,2020-08,2020-08
4177,2020-09,2022-11
3894,2020-08,2020-08
9087,2021-11,2021-11
1817,2021-01,2021-01
4597,2024-07,2024-07
5361,2021-03,2021-03
2655,2021-08,2024-02
7628,2022-10,2022-10
4602,2024-04,2024-06
5395,2021-05,2021-05
4335,2020-03,2022-06
5718,2020-05,2023-01
4032,2020-06,2021-07
8811,2021-03,2021-03
4909,2020-07,2021-05
2137,2021-08,2022-05
8458,2020-03,2021-06
8775,2021-11,2021-11
3908,2022-01,2022-01
3797,2022-09,2022-09
6769,2021-11,2021-11
1016,2020-09,2020-09
8742,2021-09,2022-02
5762,2021-12,2022-04
9243,2020-01,2022-01
2538,2025-02,2025-02
6499,2020-03,2020-03
6747,2020-09,2020-09
8970,2023-10,2023-10
1222,2024-02,2024-02
6467,2020-05,2020-05
8935,2020-08,2020-08
9508,2023-10,2023-10
3423,2023-10,2024-03
3320,2020-01,2020-10
5003,2020-04,2020-04
8056,2020-10,2020-10
2462,2020-09,2022-11
2768,2021-10,2021-10
9927,2024-09,2024-09
9632,2020-09,2023-06
6715,2021-03,2021-10
7836,2023-08,2023-08
6067,2020-06,2022-04
9520,2021-10,2021-10
3014,2020-04,2020-04
6685,2020-08,2020-08
9174,2021-02,2021-02
8640,2024-09,2024-09
5747,2020-05,2020-05
3664,2024-02,2024-03
2058,2021-03,2021-03
8436,2021-04,2021-08
3022,2020-02,2021-12
1083,2020-05,2020-05
1010,2020-07,2023-12
6737,2021-07,2021-07
3540,2021-08,2021-08
5434,2021-08,2021-08
4223,2022-05,2023-08
5764,2021-06,2024-05
6810,2020-02,2024-01
7328,2020-03,2022-12
5280,2021-05,2023-12
6091,2021-12,2024-08
6283,2025-02,2025-02
4268,2021-04,2023-05
4268,2021-04,2021-12
5871,2025-03,2025-03
8555,2021-02,2023-06
8158,2022-09,2025-01
8240,2021-03,2023-02
6858,2021-03,2023-04
8643,2021-02,2021-02
8557,2021-06,2021-06
1432,2021-10,2024-03
2448,2020-03,2021-12
5954,2020-08,2020-08
9391,2021-07,2024-02
9900,2020-08,2024-10
1877,2023-12,2023-12
3063,2021-06,2021-06
8582,2022-07,2022-07
8540,2020-01,2020-01
1896,2022-12,2022-12
2753,2020-10,2025-03
5760,2020-08,2021-02
6428,2020-12,2023-10
9369,2021-02,2025-01
4359,2020-02,2020-02
9115,2020-01,2024-05
3535,2020-08,2023-10
1105,2020-02,2021-07
4288,2022-03,2022-03
3507,2020-04,2020-07
9516,2020-06,2023-04
2697,2020-10,2022-05
8271,2020-04,2024-01
5913,2020-04,2022-03
4849,2024-10,2024-10
5264,2020-03,2022-02
8194,2022-03,2022-06
3018,2022-02,2022-02
1354,2023-04,2024-06
4943,2022-08,2023-02
9956,2021-03,2021-08
5751,2022-09,2025-04
9076,2021-10,2024-05
7409,2022-02,2022-02
8601,2020-05,2020-05
3427,2021-01,2021-09
2968,2024-01,2024-01
5960,2021-01,2021-01
8282,2020-08,2022-08
3282,2020-05,2020-09
8509,2020-01,2021-06
6861,2022-03,2022-08
4453,2020-05,2020-05
9602,2020-06,2022-11
3858,2022-11,2024-09
6558,2022-07,2022-07
5560,2020-09,2020-09
5963,2021-03,2023-04
8925,2020-02,2021-03
3955,2020-09,2021-05
9608,2020-05,2020-05
6309,2021-06,2021-06
6703,2021-07,2024-10
2107,2021-07,2021-07
3607,2023-07,2023-07
2740,2022-05,2023-07
8805,2021-07,2021-07
4876,2021-10,2023-04
7292,2020-01,2020-01
2054,2020-07,2025-01
2875,2021-03,2021-03
2194,2021-03,2023-01
1482,2024-05,2024-05
2763,2021-06,2025-04
3182,2021-01,2021-01
4272,2022-04,2023-06
8168,2022-03,2022-03
4296,2020-05,2023-10
9659,2021-07,2021-07
2409,2022-01,2024-09
2576,2024-12,2024-12
1085,2021-07,2022-05
9955,2020-05,2023-01
4036,2020-07,2024-04
9653,2022-12,2025-03
8761,2022-06,2022-06
3258,2021-02,2021-02
8004,2021-11,2022-12
2280,2023-04,2023-04
5886,2021-07,2021-07
4777,2020-02,2020-02
6421,2021-05,2021-05
5118,2020-07,2020-07
2113,2020-02,2020-02
5719,2021-01,2025-04
4955,2020-01,2024-12
9192,2020-12,2025-03
1928,2020-01,2020-06
8716,2020-06,2020-06
1491,2021-11,2021-11
5274,2024-07,2024-07
3282,2020-05,2020-12
6400,2020-01,2023-02
2021,2023-05,2023-05
1579,2020-10,2020-10
7819,2020-01,2020-01
2320,2020-02,2023-11
3121,2020-02,2020-02
2704,2025-04,2025-04
4690,2020-05,2020-05
8824,2021-01,2023-02
1351,2021-03,2023-04
4214,2021-02,2021-02
1296,2023-03,2025-04
7342,2022-09,2024-08
3051,2021-01,2021-01
3257,2020-04,2024-02
7024,2020-04,2024-08
8152,2024-07,2024-07
4801,2020-02,2021-01
4721,2021-01,2021-01
1750,2021-01,2025-04
5094,2022-04,2022-04
1928,2020-01,2020-01
5630,2022-06,2023-09
5001,2025-01,2025-01
7517,2020-03,2020-03
2258,2020-01,2020-01
4372,2021-04,2021-04
6848,2021-04,2021-04
8266,2023-11,2023-11
5795,2020-11,2021-06
9631,2020-04,2020-04
9870,2020-03,2020-03
6679,2020-11,2021-05
8966,2025-01,2025-01
3246,2020-01,2021-08
4777,2020-02,2021-06
4453,2020-05,2023-04
3325,2020-07,2020-07
8213,2022-11,2022-11
2871,2020-07,2020-07
5428,2021-07,2021-09
5921,2020-07,2022-11
1978,2020-04,2020-04
7290,2021-07,2021-10
7302,2024-11,2024-11
4370,2020-08,2020-08
8062,2021-09,2023-05
5999,2020-08,2020-08
1425,2021-01,2021-01
5301,2023-11,2025-02
4547,2021-02,2022-02
8111,2020-05,2020-05
1935,2023-03,2023-03
7358,2020-01,2020-01
5709,2020-09,2020-09
8594,2021-07,2024-12
9501,2020-09,2020-09
8656,2020-06,2024-06
3160,2021-02,2021-02
5495,2024-07,2024-07
9893,2020-12,2021-12
7465,2020-08,2025-04
6926,2020-08,2024-01
1202,2020-01,2020-01
6259,2022-11,2022-11
8271,2020-04,2023-01
1145,2021-01,2021-01
8867,2021-05,2021-05
4569,2020-12,2020-12
2303,2021-01,2021-01
6145,2022-02,2023-07
3945,2023-11,2025-02
5252,2020-06,2021-09
4726,2020-01,2023-09
1812,2023-12,2023-12
1630,2020-08,2020-08
8214,2021-07,2024-12
4734,2020-12,2024-02
5244,2020-11,2021-07
6789,2023-01,2023-05
4845,2021-06,2021-06
9305,2022-09,2024-07
2268,2021-01,2021-04
7084,2024-08,2024-11
7815,2020-03,2020-03
5638,2020-11,2020-11
6902,2020-07,2022-07
7139,2022-08,2025-01
1510,2021-03,2022-11
5765,2022-02,2022-02
1418,2021-11,2023-09
6129,2020-02,2020-02
9326,2024-12,2024-12
6636,2020-05,2020-05
1534,2023-09,2023-09
7243,2021-06,2022-04
2285,2022-10,2023-09
9249,2024-05,2024-05
9982,2020-04,2020-04
2986,2020-07,2021-05
1842,2020-04,2021-04
9592,2022-08,2023-10
5410,2023-09,2023-09
5801,2020-09,2020-09
4982,2021-09,2025-02
4782,2022-01,2022-06
2890,2024-11,2024-11
7716,2021-09,2021-09
9284,2021-05,2021-11
8932,2022-05,2022-05
7862,2021-01,2021-01
9808,2020-08,2022-12
3263,2022-07,2022-07
6596,2021-03,2024-04
7692,2020-08,2020-08
9096,2021-06,2021-06
3947,2020-04,2021-02
3732,2020-02,2022-09
8698,2021-09,2023-12
1558,2022-07,2024-11
3735,2021-01,2021-01
9436,2020-03,2024-02
7919,2020-06,2020-06
4955,2020-01,2023-02
6518,2020-08,2020-08
2765,2020-12,2020-12
2208,2021-07,2023-02
8354,2020-04,2024-03
8368,2023-06,2023-08
5739,2020-11,2025-04
3205,2021-02,2024-03
9345,2023-01,2024-12
7060,2020-03,2020-03
7215,2020-10,2023-05
9334,2020-08,2020-08
2587,2024-09,2025-03
6588,2022-08,2023-12
9604,2021-05,2021-05
5673,2021-12,2023-05
3923,2024-01,2024-08
4451,2021-10,2024-06
6150,2022-07,2022-07
3713,2020-02,2021-10
8973,2024-01,2024-02
5726,2022-02,2024-10
2738,2022-08,2022-11
5565,2022-04,2022-04
9334,2020-08,2023-09
1651,2021-06,2021-06
9813,2024-08,2024-08
9001,2020-06,2024-05
7054,2020-05,2020-05
7987,2020-03,2020-03
3067,2021-06,2021-06
2795,2024-07,2024-07
8281,2023-02,2025-02
5309,2022-04,2024-07
5562,2021-03,2025-03
6795,2023-01,2024-11
4644,2022-02,2025-03
3567,2020-11,2024-09
8429,2024-07,2024-07
2213,2024-05,2024-05
1628,2021-09,2021-09
9540,2023-07,2023-07
1583,2022-04,2022-04
1130,2021-06,2022-05
7163,2024-12,2024-12
4205,2022-04,2022-04
8938,2021-01,2022-04
9138,2021-02,2021-02
2453,2022-05,2023-06
4509,2020-11,2024-06
9039,2022-04,2022-04
3918,2020-01,2021-01
5310,2020-11,2020-11
4845,2021-06,2022-05
9691,2020-10,2025-02
5916,2021-02,2024-11
8947,2020-07,2024-02
7425,2020-01,2023-09
8880,2020-12,2020-12
2841,2020-07,2023-07
7874,2020-01,2024-05
5053,2024-11,2024-11
3886,2020-12,2020-12
2860,2021-05,2021-05
3098,2024-05,2024-05
9014,2020-01,2022-11
4847,2020-05,2020-05
9314,2021-01,2022-10
1996,2021-11,2024-12
5286,2024-02,2024-02
7412,2024-04,2024-04
7531,2022-06,2023-03
5396,2021-02,2021-02
6567,2023-08,2024-05
6054,2020-06,2020-06
3728,2022-01,2022-01
2807,2022-01,2023-05
6401,2020-11,2020-11
1326,2021-04,2024-09
7212,2022-04,2022-04
6460,2022-06,2022-06
2039,2023-08,2023-08
4448,2022-11,2022-11
3572,2020-06,2021-09
4757,2021-04,2023-01
7125,2021-02,2024-12
5074,2020-06,2024-10
1328,2020-11,2022-09
2679,2021-10,2021-10
1692,2020-06,2023-12
1397,2024-03,2024-03
5051,2021-10,2022-06
3025,2020-10,2020-10
7565,2023-01,2023-01
5423,2022-06,2024-03
2210,2020-01,2020-01
7805,2020-12,2020-12
9875,2020-01,2021-07
2565,2022-10,2023-03
4183,2020-12,2023-06
6303,2021-06,2021-06
1383,2020-02,2025-03
4320,2022-04,2022-04
8723,2022-06,2022-06
2524,2021-04,2024-03
5563,2021-05,2024-06
9736,2020-06,2024-03
1282,2023-12,2023-12
7449,2022-02,2022-02
2774,2024-11,2024-11
1407,2021-12,2021-12
8325,2023-09,2023-09
2785,2023-09,2024-04
3355,2023-04,2025-01
2562,2023-05,2025-02
9025,2021-11,2021-11
3315,2022-01,2022-01
9575,2021-10,2021-10
4808,2020-08,2020-08
5129,2020-06,2020-06
6535,2020-06,2020-06
6266,2025-01,2025-01
7660,2023-04,2023-04
4427,2020-12,2024-07
9938,2020-03,2024-02
4862,2025-04,2025-04
8913,2022-02,2022-04
2334,2023-10,2024-05
2269,2022-07,2022-07
3655,2021-01,2021-01
3722,2022-11,2022-11
1639,2023-12,2024-12
3797,2022-09,2023-01
8982,2020-03,2023-10
7850,2021-12,2023-07
2926,2023-09,2023-09
5441,2022-03,2022-03
7088,2021-10,2021-10
3318,2020-12,2021-04
4349,2023-10,2024-09
7082,2020-03,2020-03
8735,2022-03,2023-02
3217,2022-08,2024-02
8763,2021-03,2021-03
3936,2021-06,2021-06
1091,2021-04,2024-09
4264,2022-11,2023-04
8513,2020-01,2024-07
8679,2021-02,2023-05
6741,2021-05,2021-05
6651,2020-05,2023-07
5498,2021-04,2023-02
6009,2021-04,2024-03
5173,2020-07,2020-07
4319,2020-01,2023-11
2687,2022-03,2023-08
3921,2021-10,2024-10
3075,2024-01,2024-08
7274,2020-04,2021-11
5542,2020-01,2020-01
8756,2020-07,2021-06
4798,2022-11,2024-06
3400,2022-11,2023-12
1004,2022-03,2023-10
3244,2024-01,2024-03
7969,2022-12,2022-12
5957,2021-08,2021-08
4944,2023-04,2023-04
7316,2020-01,2020-01
6107,2020-02,2020-02
9694,2020-09,2021-05
4504,2024-05,2024-05
5550,2022-07,2022-07
8235,2020-04,2021-11
2970,2020-08,2022-07
6704,2021-01,2021-01
8636,2020-12,2020-12
7948,2020-12,2024-09
4129,2020-04,2020-04
1174,2020-09,2025-04
9618,2020-07,2022-04
6085,2020-04,2020-10
5157,2020-11,2021-07
5473,2021-04,2021-08
8843,2023-08,2023-08
5145,2024-08,2024-08
1498,2021-03,2025-01
8446,2024-04,2024-04
9938,2020-03,2020-03
7054,2020-05,2024-11
3509,2021-01,2021-10
3156,2020-08,2025-04
1918,2021-02,2021-02
2021,2023-05,2025-02
5546,2022-05,2022-05
1273,2021-09,2022-02
6185,2022-09,2022-09
7000,2023-12,2025-02
7605,2020-03,2020-03
2007,2020-04,2021-01
3416,2020-03,2020-06
3827,2020-08,2020-08
4255,2025-01,2025-01
3833,2024-03,2024-03
6098,2020-12,2020-12
2928,2020-05,2023-11
2410,2022-06,2024-06
2444,2020-07,2022-05
3990,2021-07,2021-07
6201,2020-01,2020-01
3774,2021-08,2021-08
7136,2021-01,2021-01
5042,2022-06,2022-06
4130,2020-02,2020-02
3174,2020-04,2020-11
5703,2020-01,2020-01
6169,2021-05,2023-01
5469,2022-04,2023-11
5832,2023-08,2025-04
5334,2025-03,2025-03
6957,2020-02,2024-06
9569,2024-05,2024-05
3793,2023-09,2024-04
7318,2020-01,2023-06
4451,2021-10,2021-10
6683,2024-03,2024-03
5729,2021-05,2021-05
9253,2021-02,2021-02
5406,2023-02,2023-02
5230,2022-07,2024-09
1515,2021-06,2022-03
4054,2022-07,2022-07
6291,2021-05,2024-01
1554,2021-12,2021-12
6879,2020-02,2023-09
3600,2022-02,2024-04
6516,2020-05,2020-05
4065,2020-01,2021-01
3666,2020-05,2020-08
1356,2023-08,2023-08
8478,2021-06,2021-06
8126,2020-09,2023-10
4990,2020-03,2020-03
6535,2020-06,2023-01
5918,2022-02,2024-01
9306,2022-04,2022-04
5413,2020-02,2020-11
1467,2025-03,2025-03
5924,2020-04,2020-05
9586,2021-12,2021-12
3286,2020-05,2021-05
1881,2021-07,2021-07
3317,2020-03,2020-03
7487,2020-06,2024-05
3416,2020-03,2023-03
5936,2020-03,2020-03
4869,2020-03,2023-02
2477,2022-03,2025-04
7131,2020-08,2020-08
6647,2023-06,2023-06
7456,2022-04,2024-01
7165,2020-09,2020-09
4977,2021-04,2022-11
7350,2020-07,2023-01
7551,2024-12,2024-12
7956,2024-07,2024-07
2174,2021-01,2021-01
1440,2020-06,2023-03
3918,2020-01,2020-01
6935,2023-07,2023-07
7523,2020-03,2020-03
4769,2021-03,2023-03
1724,2020-12,2025-01
2521,2020-12,2024-02
3947,2020-04,2020-06
6096,2020-01,2020-01
1570,2021-10,2022-06
3941,2020-07,2020-07
9476,2020-09,2020-09
2353,2024-05,2024-05
2661,2022-07,2025-04
1200,2020-12,2024-05
9306,2022-04,2025-03
1189,2022-03,2022-03
7581,2020-05,2021-07
5963,2021-03,2021-03
2899,2021-08,2022-12
9225,2023-05,2023-05
6489,2021-09,2024-06
2829,2022-12,2025-02
9711,2020-08,2024-06
2310,2020-08,2023-05
5224,2021-12,2022-04
8454,2020-04,2020-04
5615,2020-05,2022-04
8540,2020-01,2023-02
7050,2020-03,2022-12
5852,2025-01,2025-01
9892,2021-01,2021-01
6847,2020-05,2024-03
6318,2020-02,2020-02
2829,2022-12,2025-01
9704,2022-05,2022-05
3871,2022-03,2022-03
3065,2020-04,2024-11
9084,2020-10,2021-06
6658,2020-05,2020-07
4999,2024-07,2024-07
9577,2020-01,2020-07
2253,2020-06,2020-06
3404,2021-04,2021-04
2656,2022-05,2022-05
2290,2021-12,2023-05
5947,2020-06,2024-12
4013,2021-09,2023-04
2298,2021-09,2022-05
2907,2024-12,2024-12
5275,2022-06,2022-06
9422,2020-08,2024-09
1800,2020-10,2020-10
4525,2025-03,2025-03
5502,2020-02,2020-02
5535,2024-11,2024-11
7531,2022-06,2022-06
5668,2020-08,2022-03
4393,2020-04,2022-07
3126,2022-01,2024-05
6212,2024-08,2024-08
1296,2023-03,2025-04
2044,2023-07,2023-07
8547,2022-11,2024-12
6386,2021-03,2021-03
1205,2020-08,2020-08
6674,2020-11,2022-11
8568,2021-01,2021-01
4451,2021-10,2023-04
7390,2020-04,2022-08
2287,2020-08,2022-07
6657,2021-12,2024-12
9676,2022-06,2022-06
6166,2021-01,2021-01
1484,2020-06,2020-06
3731,2020-07,2021-06
8070,2021-08,2024-11
5651,2022-08,2022-08
4845,2021-06,2022-01
3157,2020-05,2022-12
2588,2022-09,2022-09
2812,2022-07,2023-02
3606,2021-02,2021-02
7571,2022-08,2022-08
4567,2021-11,2022-01
5569,2022-05,2023-04
2730,2023-07,2023-07
6206,2020-05,2024-06
7425,2020-01,2020-01
9107,2021-02,2021-02
8363,2023-08,2023-08
7554,2021-08,2022-08
6473,2023-09,2024-07
3822,2022-03,2022-03
7280,2020-02,2022-10
7852,2021-09,2025-04
1475,2020-08,2022-11
9247,2020-04,2021-03
7697,2023-02,2023-02
5095,2023-04,2023-04
8731,2021-03,2022-06
1372,2020-06,2022-07
7378,2020-03,2022-09
3644,2020-12,2022-02
4920,2021-08,2021-11
4273,2022-12,2025-02
2061,2020-03,2021-05
8555,2021-02,2021-12
8268,2020-08,2020-08
8559,2021-07,2024-01
6427,2021-08,2022-03
5011,2020-01,2020-04
1112,2022-05,2022-05
7657,2020-06,2020-06
7313,2021-10,2025-02
5260,2023-02,2023-11
2982,2021-02,2021-02
9751,2020-07,2022-06
8877,2021-12,2022-07
5799,2023-10,2024-03
1653,2020-12,2024-03
9381,2021-04,2021-04
8021,2023-04,2025-04
3391,2021-04,2024-06
2831,2022-08,2022-08
7764,2021-05,2022-01
4982,2021-09,2023-09
5333,2020-08,2022-07
2213,2024-05,2025-03
9053,2021-06,2024-09
6610,2022-05,2022-07
6417,2022-02,2022-02
5225,2020-07,2021-06
1585,2020-02,2024-10
9548,2021-09,2021-09
7076,2021-08,2024-03
5771,2024-02,2024-02
3593,2021-11,2021-11
8787,2020-12,2020-12
5831,2022-03,2022-03
3106,2020-11,2022-09
7295,2022-11,2022-11
1458,2024-12,2024-12
5963,2021-03,2025-04
5250,2023-04,2023-04
9467,2020-02,2022-09
3791,2023-10,2025-01
3553,2022-11,2023-01
6149,2020-06,2020-09
8950,2022-01,2022-01
8897,2023-10,2024-04
1233,2022-01,2022-01
6609,2020-09,2023-04
4675,2022-05,2022-10
2959,2021-08,2021-08
9172,2020-03,2020-03
1199,2022-03,2024-03
4741,2021-09,2023-05
1538,2023-08,2023-08
6398,2020-05,2020-05
9761,2021-02,2021-02
2301,2021-11,2022-07
8317,2024-01,2025-02
5009,2021-07,2021-10
3993,2020-11,2020-11
5015,2021-05,2023-09
8472,2021-03,2023-04
5354,2022-06,2023-09
4113,2023-01,2023-01
3171,2022-05,2022-05
4403,2021-09,2021-09
8819,2024-04,2024-04
1836,2020-12,2020-12
2196,2022-01,2022-01
8240,2021-03,2021-03
2636,2023-11,2023-11
8982,2020-03,2020-03
8041,2020-12,2020-12
8252,2024-04,2024-04
8475,2020-05,2020-05
7671,2020-12,2022-09
3892,2024-09,2024-09
9424,2020-10,2020-10
5909,2022-10,2022-10
5079,2020-05,2020-05
9242,2021-09,2021-09
2826,2023-04,2023-08
8988,2020-05,2025-01
8708,2020-06,2022-01
2074,2021-06,2021-06
5991,2021-01,2021-01
6610,2022-05,2022-05
3992,2020-05,2020-05
4797,2020-01,2020-01
6003,2021-05,2021-05
8731,2021-03,2021-03
4445,2020-02,2020-02
6304,2021-04,2022-05
3814,2023-11,2024-11
3574,2020-10,2020-10
8762,2020-04,2020-04
5413,2020-02,2021-10
8732,2020-11,2020-11
7075,2020-09,2020-09
6798,2020-01,2023-07
8368,2023-06,2023-09
7447,2020-01,2020-01
7620,2021-05,2021-05
6793,2021-02,2024-04
8485,2020-02,2020-02
4313,2022-12,2022-12
5193,2020-02,2020-02
1387,2020-10,2020-10
6336,2021-08,2025-02
4267,2021-04,2021-04
9240,2020-01,2020-01
2750,2023-05,2023-05
6332,2021-03,2023-07
8698,2021-09,2023-07
7390,2020-04,2024-09
8979,2020-05,2024-02
7144,2020-07,2023-06
6614,2022-04,2022-04
8178,2022-05,2022-08
8730,2023-04,2023-04
2212,2021-04,2021-04
7779,2020-12,2020-12
5896,2020-08,2020-08
2441,2020-05,2022-04
9955,2020-05,2024-07
9700,2020-09,2025-02
1358,2020-06,2022-01
6143,2022-02,2022-02
8304,2023-01,2025-01
4016,2021-05,2022-04
8549,2022-02,2023-08
5243,2020-02,2021-01
1379,2021-06,2024-05
7730,2021-02,2025-01
1786,2022-11,2024-01
9392,2023-09,2023-09
8163,2022-07,2022-07
6358,2023-03,2023-03
5630,2022-06,2022-06
2099,2020-06,2020-06
2509,2022-03,2022-03
9712,2020-11,2020-11
2437,2021-06,2021-06
4127,2022-01,2022-01
8060,2020-10,2020-10
8393,2021-08,2021-08
3493,2020-11,2020-11
3976,2021-09,2024-07
8439,2023-04,2023-04
8084,2021-04,2021-04
5813,2020-11,2020-11
1309,2024-10,2024-10
7998,2022-03,2025-04
6351,2020-01,2020-04
4282,2022-12,2022-12
6810,2020-02,2020-02
3500,2024-11,2024-11
4377,2024-05,2024-05
1429,2020-04,2020-04
3086,2021-04,2024-11
6365,2022-01,2022-01
4421,2020-08,2022-09
7951,2021-08,2022-02
4559,2021-04,2024-09
3249,2020-11,2020-11
3017,2022-08,2022-08
1416,2020-03,2021-07
4417,2024-01,2024-01
8185,2024-02,2024-02
7234,2022-04,2023-06
2521,2020-12,2024-05
9462,2024-11,2024-11
2971,2021-07,2021-07
6871,2021-03,2024-12
7801,2023-09,2023-09
9305,2022-09,2022-09
9335,2020-07,2020-07
1264,2022-07,2022-07
7558,2023-01,2023-01
6811,2021-08,2023-07
2069,2021-06,2021-09
5926,2023-02,2023-02
2383,2020-09,2020-09
8722,2023-04,2023-04
6296,2021-12,2021-12
3905,2020-11,2025-02
9497,2022-04,2022-04
8697,2022-04,2023-06
4437,2021-01,2025-02
5801,2020-09,2024-07
3580,2021-12,2021-12
9496,2020-05,2024-12
3975,2023-08,2023-08
3660,2024-05,2024-05
6014,2021-08,2022-05
5344,2021-06,2023-01
1423,2020-11,2023-01
1560,2020-11,2022-11
7679,2022-10,2022-10
9604,2021-05,2024-09
1244,2020-05,2023-07
2509,2022-03,2023-05
2841,2020-07,2023-09
7800,2022-08,2023-06
8215,2020-11,2024-04
1011,2020-07,2020-07
5208,2021-09,2021-09
9847,2020-06,2024-03
2579,2025-01,2025-01
4215,2020-05,2022-12
3126,2022-01,2024-04
4695,2020-05,2021-09
2553,2021-01,2021-01
2724,2022-08,2023-11
4024,2022-01,2022-01
6384,2020-11,2023-08
9518,2020-02,2020-02
3157,2020-05,2024-05
3379,2020-10,2023-11
7308,2021-07,2021-07
3984,2021-09,2021-09
1558,2022-07,2025-02
3652,2022-05,2022-05
8877,2021-12,2021-12
4076,2020-03,2023-05
7646,2020-05,2021-01
8425,2020-10,2021-09
8206,2021-04,2025-04
9429,2022-10,2022-10
4052,2021-04,2021-04
9993,2022-07,2024-03
6609,2020-09,2020-09
2034,2020-01,2020-01
1416,2020-03,2020-03
2549,2022-08,2024-10
2820,2022-03,2023-07
5844,2020-12,2021-08
6030,2023-11,2023-11
2359,2020-12,2023-11
3991,2023-03,2024-02
4192,2022-08,2025-02
4634,2021-04,2021-04
6798,2020-01,2020-01
9692,2020-02,2020-02
6941,2022-01,2025-03
9697,2020-07,2024-10
2640,2020-02,2023-04
4707,2020-11,2021-11
3491,2024-03,2024-03
7947,2021-12,2022-01
1801,2020-07,2020-07
5857,2020-01,2022-10
7901,2020-04,2021-12
6274,2021-11,2021-11
1005,2022-12,2022-12
6105,2020-02,2022-01
2094,2021-11,2023-07
3298,2022-03,2022-03
4972,2025-03,2025-03
7865,2023-04,2023-04
5072,2021-04,2023-09
4707,2020-11,2020-11
3300,2023-08,2023-08
3487,2023-09,2023-09
5513,2022-03,2022-03
2921,2022-01,2022-01
2681,2023-06,2024-06
8718,2020-06,2020-06
5895,2022-01,2022-01
8444,2021-12,2023-02
6593,2020-10,2020-10
7250,2020-05,2025-03
2848,2020-02,2020-02
3759,2020-07,2024-01
8983,2021-10,2021-10
9566,2025-04,2025-04
6940,2021-01,2021-01
9102,2020-01,2022-04
7908,2023-02,2023-02
5590,2022-04,2024-01
5519,2020-08,2021-11
9320,2023-01,2024-12
5116,2023-04,2023-04
1211,2024-02,2024-02
4977,2021-04,2025-04
8106,2024-09,2024-09
8993,2022-10,2022-10
7157,2023-09,2023-09
7268,2021-10,2022-08
2615,2022-04,2022-04
4909,2020-07,2022-08
7911,2021-06,2025-02
1653,2020-12,2025-04
8548,2020-10,2020-10
1610,2022-02,2024-12
8074,2020-09,2021-06
4539,2020-05,2020-05
6389,2023-02,2023-02
1464,2020-03,2020-03
6875,2021-12,2021-12
6773,2024-12,2025-03
5532,2021-06,2024-04
6316,2020-07,2020-07
5311,2021-08,2021-08
4430,2024-12,2024-12
6273,2021-08,2021-08
3818,2022-01,2024-10
6468,2021-02,2021-02
4728,2020-10,2024-04
2659,2022-07,2024-05
7652,2020-07,2023-05
4050,2020-11,2021-04
5336,2020-11,2023-08
6744,2020-07,2020-08
6922,2021-08,2021-09
6288,2020-11,2020-11
6087,2020-03,2024-03
5853,2022-01,2022-01
3914,2021-06,2021-12
2244,2020-02,2020-02
7629,2024-03,2024-03
6573,2021-03,2021-08
3179,2024-08,2024-08
5815,2021-01,2021-01
6305,2022-10,2022-10
1668,2020-08,2022-08
5485,2020-08,2025-04
4587,2020-05,2024-01
8214,2021-07,2022-09
3381,2020-01,2023-01
1340,2020-01,2024-12
8191,2022-10,2022-10
4149,2020-04,2020-05
7547,2020-04,2022-06
5284,2022-08,2022-08
5318,2021-02,2021-02
4845,2021-06,2021-06
2262,2020-09,2021-08
6270,2020-10,2023-01
5045,2020-03,2020-03
3109,2020-08,2023-10
8794,2022-01,2024-08
4732,2020-02,2020-02
4669,2020-11,2024-02
1871,2021-03,2022-12
9145,2020-05,2024-12
3807,2020-04,2020-07
1942,2020-10,2021-12
3422,2021-03,2022-09
2071,2022-02,2022-02
5128,2020-11,2020-11
1451,2021-03,2024-06
8058,2021-12,2021-12
7492,2020-03,2020-12
6076,2022-02,2022-02
5991,2021-01,2022-09
9322,2020-02,2020-02
9841,2020-05,2024-06
6152,2024-08,2025-02
1867,2021-05,2024-11
2960,2021-04,2022-07
2042,2024-10,2024-12
3641,2020-09,2022-08
3938,2022-12,2023-09
9109,2020-01,2024-12
2459,2023-12,2023-12
7347,2020-05,2021-04
8772,2023-02,2023-02
3998,2021-04,2021-04
3906,2020-06,2023-03
9186,2021-08,2022-05
7576,2020-07,2022-11
2336,2020-02,2024-12
9583,2021-06,2023-04
1997,2020-04,2020-12
7113,2020-01,2020-01
9669,2020-07,2022-02
7303,2021-04,2021-04
7141,2020-10,2020-10
4088,2024-03,2024-12
3978,2021-02,2021-02
2588,2022-09,2024-10
7130,2022-06,2023-05
3908,2022-01,2023-02
1497,2023-05,2023-12
2970,2020-08,2023-05
5774,2023-03,2023-03
3955,2020-09,2024-06
2633,2021-03,2023-02
3543,2020-05,2020-05
8449,2021-11,2024-05
7370,2020-12,2023-03
2072,2022-07,2022-07
3316,2020-07,2020-07
4085,2021-01,2023-08
6870,2022-03,2025-02
2618,2021-12,2021-12
6251,2021-05,2021-05
9715,2020-11,2020-11
4292,2021-06,2021-06
8338,2024-02,2024-07
7984,2020-05,2025-04
2349,2020-01,2020-01
2709,2024-06,2024-06
7370,2020-12,2024-06
1903,2020-02,2023-04
4081,2022-02,2022-02
9893,2020-12,2020-12
1785,2020-10,2020-10
5963,2021-03,2021-12
9810,2020-06,2020-06
8107,2020-03,2023-01
3921,2021-10,2022-02
1732,2020-11,2022-12
8491,2024-11,2024-11
6247,2020-09,2024-06
9114,2020-12,2022-09
1255,2021-07,2023-02
4375,2020-01,2020-01
5758,2020-03,2023-10
6419,2021-01,2021-01
4741,2021-09,2021-09
1733,2023-01,2023-01
5033,2020-02,2020-02
7927,2023-06,2023-06
6074,2020-06,2020-06
5466,2020-09,2025-02
7813,2020-03,2022-04
5556,2023-07,2023-12
8998,2020-11,2020-11
7479,2021-11,2021-11
3111,2020-06,2024-11
2155,2022-11,2022-11
3603,2021-06,2021-09
2089,2020-12,2020-12
3742,2024-01,2024-09
7524,2020-05,2020-09
5664,2022-09,2022-09
2777,2023-04,2023-04
4311,2020-07,2021-10
9158,2021-09,2021-09
1584,2021-08,2021-08
2825,2020-07,2020-07
4022,2020-12,2022-03
2104,2022-02,2024-02
7076,2021-08,2021-08
8242,2022-02,2022-02
9251,2021-12,2021-12
4447,2020-08,2020-08
1232,2021-05,2023-11
5109,2021-11,2025-03
8569,2020-03,2023-05
1924,2021-10,2021-10
5780,2021-07,2023-09
4014,2021-09,2021-09
8190,2021-03,2022-08
2136,2024-09,2024-09
9659,2021-07,2022-11
3348,2020-02,2020-03
1929,2021-04,2021-04
7716,2021-09,2022-11
3783,2022-11,2023-07
7068,2025-03,2025-03
4828,2024-02,2024-02
1957,2022-06,2022-11
2960,2021-04,2023-12
1576,2020-12,2020-12
1324,2020-12,2024-04
7325,2023-08,2023-08
7336,2020-03,2020-03
4893,2021-04,2022-09
5096,2020-07,2022-08
8454,2020-04,2020-11
8441,2021-10,2021-10
4667,2023-10,2023-10
3856,2020-06,2022-10
5214,2020-08,2024-02
1343,2021-01,2021-01
3359,2022-05,2022-05
9871,2021-04,2021-05
3048,2022-10,2023-06
4409,2021-08,2021-08
7844,2020-03,2020-03
8272,2020-04,2020-04
6956,2020-07,2021-09
7535,2024-12,2025-01
4373,2020-01,2021-01
4128,2023-06,2023-06
6954,2020-07,2020-07
7688,2020-12,2020-12
4498,2021-02,2021-02
2780,2020-10,2023-05
5920,2020-02,2021-04
7752,2024-09,2024-09
6532,2021-10,2022-12
7296,2023-03,2024-01
3954,2020-03,2020-03
4382,2023-09,2023-09
3823,2021-06,2021-06
3553,2022-11,2022-11
4240,2020-03,2020-07
8677,2020-02,2020-02
3139,2022-01,2022-03
6180,2021-06,2021-06
9693,2020-09,2020-09
2590,2022-07,2023-09
1351,2021-03,2024-02
6431,2020-05,2023-02
6844,2021-11,2021-11
4489,2023-08,2023-08
6946,2020-06,2020-06
8317,2024-01,2024-01
3870,2023-08,2023-08
3618,2020-01,2024-06
3674,2020-05,2020-05
7712,2021-04,2021-04
8693,2022-04,2022-04
5086,2020-07,2020-07
3402,2022-12,2023-05
1645,2020-03,2025-02
8746,2022-10,2022-10
1326,2021-04,2024-12
8224,2024-01,2024-09
8329,2021-06,2024-12
6633,2021-11,2024-03
7061,2020-07,2021-07
5916,2021-02,2021-02
2818,2020-06,2020-06
4229,2022-04,2023-08
5789,2021-10,2021-10
6811,2021-08,2023-09
1261,2021-07,2021-07
7844,2020-03,2023-02
5140,2021-03,2023-03
9526,2022-05,2022-11
9021,2024-08,2024-08
1852,2020-11,2022-05
6023,2020-07,2021-03
6529,2020-05,2024-03
8505,2022-08,2023-10
1514,2023-12,2023-12
1174,2020-09,2022-06
5959,2021-11,2023-09
7226,2022-12,2022-12
5428,2021-07,2021-07
7009,2022-01,2022-01
7671,2020-12,2024-06
6672,2022-01,2022-01
4160,2024-09,2024-09
2364,2021-07,2021-07
2389,2024-11,2024-11
9336,2021-10,2023-11
3105,2020-11,2021-11
4980,2022-09,2022-09
2064,2024-02,2024-10
2431,2020-02,2020-02
1220,2023-08,2023-08
2153,2022-05,2023-07
8549,2022-02,2022-02
2733,2023-09,2023-09
3272,2020-03,2021-12
2329,2020-09,2021-06
2500,2021-01,2021-01
4818,2023-10,2023-10
2301,2021-11,2022-05
9672,2024-10,2024-10
9115,2020-01,2020-07
8687,2022-07,2022-07
2003,2021-02,2025-02
1103,2021-05,2021-05
5313,2020-10,2023-01
4102,2023-09,2023-09
2241,2024-08,2024-08
4730,2023-05,2023-05
5861,2023-10,2023-10
5676,2021-08,2022-05
6648,2021-10,2021-10
1114,2020-06,2022-10
5123,2022-11,2022-11
2059,2022-03,2022-03
6639,2023-01,2023-01
8046,2022-02,2022-02
8306,2021-02,2023-06
2445,2020-02,2020-02
2079,2023-02,2023-02
6227,2023-02,2023-07
8871,2020-11,2022-11
9013,2023-03,2025-03
4117,2020-05,2020-05
1699,2021-12,2022-09
8617,2022-09,2022-09
7606,2024-08,2024-10
8408,2023-11,2023-11
7317,2023-06,2023-06
3284,2021-05,2021-05
3447,2022-03,2024-12
8116,2020-09,2024-10
3830,2021-02,2024-08
4555,2020-02,2022-12
8737,2020-01,2020-10
4240,2020-03,2020-03
3593,2021-11,2022-09
5549,2020-04,2020-04
9177,2020-12,2023-04
8984,2021-10,2021-10
6789,2023-01,2025-03
6296,2021-12,2022-03
5740,2021-05,2021-05
9097,2022-11,2023-09
9036,2023-12,2023-12
3598,2022-12,2022-12
8028,2020-07,2020-07
3120,2021-04,2021-12
7117,2023-09,2023-09
7054,2020-05,2022-02
2034,2020-01,2020-02
7832,2021-02,2021-02
4824,2020-05,2023-12
8801,2023-05,2023-05
6582,2020-09,2020-10
4184,2023-07,2023-07
4750,2020-06,2020-09
4883,2023-10,2024-06
9005,2024-05,2024-05
6135,2021-03,2021-03
7293,2021-06,2021-06
6269,2020-09,2022-04
8580,2020-01,2020-01
5358,2020-11,2021-12
4165,2022-06,2022-06
3344,2021-03,2024-05
8761,2022-06,2024-01
1050,2023-03,2023-03
8906,2020-01,2020-01
6243,2021-01,2021-01
9786,2020-02,2022-08
4083,2021-04,2023-07
2972,2020-08,2020-08
4193,2021-08,2025-03
5627,2024-09,2024-09
7930,2023-04,2023-08
5885,2021-03,2021-03
5851,2021-11,2021-11
7904,2021-09,2022-10
3418,2022-07,2022-07
3571,2023-03,2023-03
2765,2020-12,2024-06
5521,2021-01,2021-08
8427,2022-09,2022-09
3105,2020-11,2023-12
3030,2020-08,2020-10
8816,2021-01,2024-02
7144,2020-07,2021-04
8114,2021-10,2024-02
3916,2022-04,2023-01
5635,2021-02,2022-10
1645,2020-03,2020-03
3160,2021-02,2022-04
3292,2020-08,2021-04
3676,2022-02,2023-07
2505,2022-12,2023-12
6540,2021-04,2021-04
2139,2021-02,2021-02
2018,2020-12,2020-12
7487,2020-06,2020-06
2465,2021-03,2023-01
3606,2021-02,2022-05
4725,2020-08,2020-08
1396,2021-08,2021-08
4694,2021-03,2021-08
4588,2022-04,2024-10
3255,2020-02,2020-09
7349,2025-01,2025-01
7484,2021-06,2023-03
9064,2020-06,2021-12
7798,2020-08,2020-08
4278,2023-08,2025-02
4760,2020-05,2024-03
6724,2023-11,2023-11
7031,2020-04,2020-04
7507,2022-02,2022-02
1120,2023-05,2023-05
5610,2021-09,2021-09
9370,2020-12,2021-04
5198,2020-07,2020-07
5265,2022-11,2024-03
5675,2022-12,2022-12
9385,2025-01,2025-01
4028,2021-08,2021-08
2748,2020-03,2024-03
4279,2020-08,2020-08
5892,2020-12,2024-08
4511,2020-01,2020-01
6913,2021-05,2021-12
4765,2022-10,2023-12
4552,2022-09,2024-06
1202,2020-01,2020-05
6471,2020-11,2020-11
7366,2020-09,2023-07
7402,2022-01,2022-01
9055,2020-08,2020-08
5675,2022-12,2025-01
5071,2025-04,2025-04
1004,2022-03,2022-03
1819,2020-04,2023-10
1000,2023-09,2024-06
3613,2025-02,2025-02
4527,2024-01,2024-01
7108,2021-10,2025-04
1366,2020-06,2024-02
2967,2020-05,2020-05
8486,2020-02,2020-02
2971,2021-07,2022-07
1497,2023-05,2024-03
3860,2021-05,2022-04
4847,2020-05,2024-03
5475,2022-04,2024-08
8859,2021-11,2021-11
3511,2024-02,2024-11
7183,2024-01,2024-01
8085,2022-04,2025-03
3867,2021-11,2022-06
1721,2024-10,2024-10
5613,2022-11,2022-11
5379,2020-08,2024-12
4081,2022-02,2024-09
1031,2021-11,2022-10
8132,2023-05,2025-03
9004,2020-04,2020-04
1774,2021-12,2021-12
7017,2020-09,2022-09
9922,2020-08,2024-05
7082,2020-03,2020-06
3387,2020-02,2020-02
6681,2020-07,2025-01
7582,2024-03,2024-03
5791,2020-01,2020-01
9102,2020-01,2024-04
6903,2021-12,2021-12
5148,2020-02,2022-08
6876,2020-06,2021-01
9834,2020-09,2022-06
1700,2020-03,2020-03
3376,2021-04,2021-04
3612,2020-06,2022-07
3285,2020-08,2023-10
7493,2021-01,2023-06
2833,2020-12,2020-12
1687,2023-10,2024-03
1066,2020-12,2020-12
3698,2023-05,2023-05
6486,2020-04,2024-02
7116,2022-03,2022-03
9570,2020-12,2023-02
4589,2020-03,2023-11
7684,2020-11,2021-07
4699,2021-06,2021-06
3551,2022-01,2022-01
1009,2021-09,2022-06
2766,2021-05,2021-05
6022,2021-12,2021-12
5962,2021-03,2024-07
2582,2023-07,2025-02
1385,2022-03,2022-03
2983,2020-06,2022-01
2168,2021-03,2021-03
2948,2025-01,2025-01
7602,2022-09,2022-09
5918,2022-02,2022-02
4415,2020-09,2020-09
8838,2020-03,2020-03
1686,2021-11,2024-09
9191,2021-04,2022-09
5190,2020-03,2023-07
9831,2022-01,2023-10
6751,2022-09,2022-09
9033,2021-09,2022-03
1633,2020-11,2021-10
8780,2022-03,2023-12
2359,2020-12,2021-08
2540,2021-05,2023-09
6527,2020-06,2020-06
1562,2020-03,2023-03
8392,2021-03,2022-09
2555,2020-04,2020-04
1462,2022-08,2024-02
2132,2021-03,2022-04
5501,2020-07,2021-05
9776,2024-11,2024-11
5148,2020-02,2020-02
9466,2020-11,2020-11
5806,2021-01,2021-01
5756,2025-03,2025-03
2796,2020-02,2024-11
4262,2020-05,2024-08
1093,2020-12,2023-09
3893,2022-08,2022-08
5952,2025-01,2025-01
9083,2020-07,2020-07
2902,2021-04,2021-04
3162,2020-12,2020-12
1387,2020-10,2023-11
8044,2024-12,2024-12
7034,2025-02,2025-02
7858,2021-11,2021-11
8148,2020-01,2020-01
2096,2020-04,2021-06
6859,2020-06,2020-06
4985,2021-02,2024-01
2982,2021-02,2022-07
4060,2020-04,2020-04
9944,2020-08,2020-08
8829,2023-06,2023-06
4039,2024-01,2024-01
1651,2021-06,2024-07
5920,2020-02,2023-05
7401,2022-02,2023-04
9359,2023-12,2023-12
9594,2021-11,2021-11
9692,2020-02,2021-03
6235,2020-05,2024-09
4498,2021-02,2022-03
8836,2020-03,2021-06
3824,2023-10,2023-10
9870,2020-03,2022-08
3393,2022-02,2022-02
3382,2020-12,2021-04
8826,2020-06,2020-06
3698,2023-05,2023-06
6926,2020-08,2020-08
7658,2020-08,2021-01
1703,2021-12,2022-08
1453,2020-10,2025-01
7122,2020-05,2022-03
4681,2022-01,2022-01
8853,2021-01,2021-01
7660,2023-04,2024-03
3576,2021-02,2021-02
5712,2021-07,2021-12
8090,2022-02,2024-04
2086,2020-03,2020-03
3384,2020-03,2020-03
7054,2020-05,2023-07
8610,2020-09,2020-09
5972,2023-03,2023-03
6359,2021-05,2021-05
9379,2022-07,2025-01
3248,2020-08,2024-01
9022,2022-10,2023-10
9470,2020-02,2022-12
5122,2020-07,2025-04
5734,2020-07,2020-07
6129,2020-02,2023-04
4922,2020-08,2021-01
6019,2022-12,2025-04
9481,2021-05,2023-10
5323,2021-06,2021-08
4085,2021-01,2022-04
5833,2020-01,2020-01
6922,2021-08,2023-02
6261,2020-12,2020-12
9521,2024-10,2024-10
5775,2022-11,2022-11
6527,2020-06,2021-02
9142,2020-05,2020-07
8935,2020-08,2024-01
8521,2023-04,2023-04
5173,2020-07,2023-06
3038,2022-07,2022-07
7440,2022-08,2022-08
5174,2021-01,2024-05
5539,2023-10,2023-10
4263,2020-02,2020-02
9020,2021-11,2021-11
8162,2021-09,2021-09
3289,2021-01,2021-01
1892,2020-12,2020-12
5544,2023-08,2024-09
5397,2023-06,2023-10
7934,2020-09,2023-05
1981,2020-04,2024-05
5541,2023-05,2023-05
4776,2021-01,2021-01
5370,2020-11,2022-11
4872,2020-12,2021-06
6189,2024-05,2024-05
7279,2021-05,2023-02
1285,2024-08,2024-08
5419,2023-08,2023-10
2567,2021-05,2021-05
4620,2021-12,2022-05
3713,2020-02,2020-05
5578,2022-01,2024-07
6054,2020-06,2024-02
7335,2023-07,2023-07
2644,2023-06,2023-06
8276,2020-11,2020-11
7299,2020-04,2020-04
1377,2021-06,2024-09
4360,2022-01,2024-03
8154,2020-04,2024-05
6608,2021-08,2024-02
9315,2020-07,2020-07
4366,2021-07,2025-04
2267,2020-05,2020-05
7187,2021-01,2021-02
4393,2020-04,2022-04
7637,2021-11,2021-11
5762,2021-12,2023-06
8695,2020-06,2020-06
4998,2021-01,2021-01
8409,2023-01,2024-10
7371,2020-10,2021-01
7241,2021-02,2021-02
8296,2025-03,2025-03
8165,2023-01,2025-01
5409,2021-05,2023-07
8840,2022-06,2022-06
9473,2020-10,2020-10
1594,2022-07,2022-07
1786,2022-11,2022-11
3601,2020-04,2020-04
1820,2021-10,2021-10
5180,2023-07,2023-07
3320,2020-01,2021-04
4047,2022-08,2022-08
3730,2020-03,2021-11
2511,2021-08,2021-08
3882,2022-08,2022-08
7934,2020-09,2022-06
1281,2023-09,2023-09
2262,2020-09,2020-09
5408,2022-06,2022-06
9748,2020-09,2023-08
7044,2020-02,2022-10
9743,2022-03,2023-09
1143,2023-02,2023-02
5461,2023-06,2023-06
9206,2020-11,2022-06
7452,2025-01,2025-01
8685,2020-02,2023-10
4963,2020-02,2020-02
5575,2020-03,2023-12
3869,2020-02,2024-11
5066,2020-10,2023-07
1692,2020-06,2020-06
3226,2021-12,2021-12
9665,2020-10,2025-01
7471,2022-09,2023-09
7617,2021-09,2021-09
9514,2020-05,2020-05
7638,2022-07,2023-11
7679,2022-10,2024-07
3068,2020-07,2020-07
2202,2021-06,2021-06
5889,2021-08,2021-12
7268,2021-10,2024-09
1391,2022-04,2022-04
1262,2020-12,2025-04
3411,2020-06,2020-06
3291,2020-09,2021-05
7493,2021-01,2025-03
4720,2020-01,2020-01
8975,2024-01,2024-01
8621,2021-01,2021-01
8590,2020-08,2025-03
5020,2020-10,2020-10
2659,2022-07,2022-08
6743,2020-01,2020-01
8100,2021-12,2021-12
6812,2021-06,2022-03
8816,2021-01,2022-08
2110,2021-01,2021-01
6084,2020-09,2020-09
1181,2020-04,2021-11
5417,2020-01,2023-02
4583,2022-06,2023-12
1395,2022-01,2022-01
8541,2021-09,2024-09
5668,2020-08,2023-02
3020,2022-09,2022-09
8100,2021-12,2024-12
9978,2022-07,2023-06
9289,2020-09,2022-05
7191,2024-04,2024-04
8206,2021-04,2021-04
5376,2021-08,2022-07
2526,2021-03,2021-03
7461,2022-12,2023-02
5962,2021-03,2021-03
4186,2021-09,2021-09
7841,2020-04,2020-04
7994,2022-12,2022-12
4450,2021-02,2021-02
3677,2024-08,2024-08
8907,2022-05,2022-05
8672,2021-08,2022-04
9085,2020-02,2020-02
8530,2020-05,2020-05
7096,2021-08,2023-10
9977,2022-09,2024-07
6416,2021-06,2023-11
9629,2021-05,2021-05
9520,2021-10,2022-06
5018,2022-08,2024-01
8108,2025-04,2025-04
9336,2021-10,2021-10
7630,2022-09,2022-09
5920,2020-02,2023-02
2744,2020-08,2020-08
4663,2023-08,2023-08
5075,2023-12,2025-03
2615,2022-04,2022-09
6947,2020-08,2020-08
7869,2020-06,2024-10
2329,2020-09,2024-06
8883,2022-09,2022-09
2086,2020-03,2024-09
8137,2021-05,2021-05
3523,2020-02,2022-04
6468,2021-02,2025-01
6046,2024-10,2024-10
7493,2021-01,2021-01
8046,2022-02,2023-01
4985,2021-02,2021-02
6506,2023-01,2023-01
7174,2020-06,2020-07
2345,2021-04,2021-04
1139,2022-03,2023-01
9071,2021-10,2021-11
3488,2020-04,2020-04
8720,2020-09,2023-11
5774,2023-03,2024-05
6853,2020-01,2020-01
1662,2020-08,2020-10
6409,2020-08,2020-08
2349,2020-01,2023-05
1003,2020-02,2020-05
3784,2021-11,2021-11
2761,2022-02,2022-02
9619,2023-02,2023-02
5660,2023-06,2023-06
5259,2023-01,2023-06
9435,2022-02,2022-02
4666,2022-10,2024-12
7445,2021-01,2023-02
3667,2024-09,2024-09
6877,2021-08,2021-08
5811,2020-05,2021-01
7848,2023-01,2023-02
6067,2020-06,2023-05
4943,2022-08,2024-01
3543,2020-05,2022-08
2928,2020-05,2023-08
3066,2020-08,2023-08
5628,2022-03,2023-06
6242,2021-11,2021-11
8890,2020-11,2020-11
5956,2021-03,2021-03
8753,2021-05,2022-03
3564,2023-01,2023-01
2082,2022-06,2022-06
7382,2020-11,2020-11
8594,2021-07,2021-07
6301,2020-05,2023-01
7919,2020-06,2024-02
4014,2021-09,2024-08
5105,2022-08,2022-08
6481,2021-08,2023-05
4932,2021-02,2021-02
5552,2020-10,2020-10
3957,2022-10,2022-10
6910,2021-11,2024-10
7111,2023-10,2023-10
8910,2021-12,2021-12
4304,2023-07,2023-07
9273,2025-01,2025-01
9662,2021-08,2022-10
4222,2023-02,2024-06
1645,2020-03,2022-10
9964,2021-10,2021-10
1729,2023-10,2023-10
7673,2024-10,2024-10
8774,2021-08,2024-03
8594,2021-07,2022-04
4783,2020-03,2021-09
4651,2021-09,2021-09
1634,2020-10,2020-10
5163,2020-08,2020-08
9695,2020-06,2020-11
8360,2025-02,2025-02
8045,2020-11,2022-01
5483,2020-05,2021-03
7828,2024-12,2024-12
6016,2020-08,2023-09
1838,2020-09,2022-10
4496,2020-12,2022-12
5711,2020-11,2020-11
7373,2021-01,2021-01
3903,2020-11,2020-11
1232,2021-05,2022-04
6386,2021-03,2024-09
1338,2024-09,2024-09
5230,2022-07,2023-07
5212,2021-03,2021-03
4343,2021-10,2022-09
2599,2022-07,2022-07
6070,2023-03,2023-06
9989,2020-08,2020-08
3548,2024-07,2024-07
4924,2020-11,2020-11
3932,2022-04,2022-04
6530,2021-08,2023-04
8623,2021-04,2021-04
5559,2022-08,2024-09
2507,2023-12,2023-12
4101,2023-11,2023-11
1298,2021-02,2023-05
2415,2022-08,2023-02
3388,2022-09,2024-01
9762,2021-03,2021-03
6757,2020-02,2024-06
8084,2021-04,2023-02
7593,2020-01,2020-08
8920,2021-06,2021-06
2096,2020-04,2023-06
4715,2024-03,2024-12
8501,2023-11,2023-11
7043,2023-04,2023-04
1596,2023-02,2023-02
6823,2024-07,2024-07
7103,2021-05,2021-06
1121,2022-07,2023-02
2396,2022-06,2024-01
9528,2020-12,2020-12
3224,2020-05,2024-07
6582,2020-09,2021-11
6194,2020-10,2021-11
7973,2020-03,2024-03
1899,2020-01,2020-01
3243,2021-04,2023-12
3507,2020-04,2020-04
2218,2024-11,2024-11
2230,2020-08,2023-05
5912,2021-03,2021-03
5671,2020-05,2020-05
2524,2021-04,2021-04
2640,2020-02,2022-01
5328,2020-11,2024-06
3027,2020-06,2020-06
2291,2022-03,2024-09
6103,2023-05,2023-05
9868,2024-12,2025-04
9993,2022-07,2022-07
9946,2022-04,2022-09
5874,2021-04,2023-08
1667,2022-09,2022-09
2523,2021-06,2021-06
1852,2020-11,2020-11
1065,2023-04,2023-04
1696,2021-05,2023-07
7651,2020-01,2020-01
3601,2020-04,2024-07
5056,2022-04,2025-01
4033,2021-01,2022-09
2701,2021-10,2021-10
8705,2022-04,2025-01
3075,2024-01,2024-01
9350,2021-02,2024-02
1086,2022-05,2022-05
4072,2022-10,2022-10
1972,2021-06,2021-09
7364,2021-06,2021-06
5795,2020-11,2020-11
7742,2021-11,2021-11
5413,2020-02,2023-06
7884,2022-02,2022-12
9153,2020-07,2020-07
7644,2020-06,2020-06
5144,2025-03,2025-03
4020,2022-08,2024-08
2965,2020-10,2020-10
3170,2025-03,2025-03
5095,2023-04,2023-05
2182,2021-07,2021-07
4573,2022-09,2023-03
1046,2022-01,2022-01
2814,2022-10,2022-10
7772,2022-11,2024-12
8324,2021-12,2022-01
3019,2024-01,2024-01
7735,2021-04,2024-09
5506,2020-05,2023-04
3390,2021-11,2021-11
4080,2020-03,2025-02
4977,2021-04,2021-04
8167,2020-07,2021-02
8099,2023-10,2023-10
1976,2020-04,2020-04
5736,2022-01,2023-06
5705,2023-01,2024-08
3900,2020-03,2020-03
8753,2021-05,2021-05
2069,2021-06,2024-11
5967,2021-01,2021-01
4291,2021-04,2022-11
8812,2020-06,2024-06
3628,2024-08,2024-08
3187,2020-03,2021-07
8961,2022-08,2022-08
9350,2021-02,2021-06
2799,2020-10,2023-03
9552,2022-08,2022-08
5453,2021-12,2021-12
6082,2021-09,2021-09
2031,2025-04,2025-04
4952,2022-08,2022-08
5002,2021-03,2022-08
9682,2023-03,2025-01
9143,2022-07,2023-12
3442,2022-03,2024-12
7876,2021-03,2021-03
8881,2022-11,2023-01
6019,2022-12,2024-04
5115,2022-06,2023-08
4268,2021-04,2021-04
6847,2020-05,2020-05
4215,2020-05,2020-05
1750,2021-01,2022-03
8723,2022-06,2024-02
6462,2021-02,2021-02
1269,2021-08,2021-08
3244,2024-01,2024-01
4358,2020-03,2020-03
2189,2020-03,2020-11
8229,2020-04,2020-04
4514,2022-10,2023-12
1599,2022-10,2025-02
7703,2022-02,2022-02
8370,2020-09,2022-07
6583,2021-05,2021-05
2946,2023-10,2023-10
9796,2021-01,2023-06
1723,2022-03,2022-03
9864,2021-12,2021-12
1104,2020-04,2022-11
4544,2021-04,2022-02
2639,2021-07,2023-07
4757,2021-04,2024-04
1001,2020-06,2022-05
6847,2020-05,2021-09
3691,2023-06,2023-06
1349,2021-12,2024-08
3819,2022-09,2022-09
1740,2023-11,2025-02
4425,2020-06,2022-07
8550,2023-01,2023-01
4696,2021-09,2021-09
2931,2020-08,2020-08
4345,2021-05,2024-11
8074,2020-09,2021-03
3606,2021-02,2022-05
3807,2020-04,2024-05
3868,2020-03,2020-03
2778,2021-06,2022-04
4469,2020-04,2025-01
2776,2022-07,2024-04
3722,2022-11,2022-11
9697,2020-07,2024-07
6407,2020-07,2020-07
9730,2021-07,2024-07
8357,2021-02,2021-10
8292,2020-07,2020-07
4508,2020-03,2020-03
4215,2020-05,2024-05
9772,2020-02,2020-02
2889,2020-05,2021-03
1881,2021-07,2022-01
9741,2021-12,2021-12
8853,2021-01,2023-12
3215,2020-08,2020-08
9831,2022-01,2023-01
4940,2020-02,2021-07
9907,2020-07,2020-07
9831,2022-01,2022-01
9602,2020-06,2020-06
5278,2020-02,2020-02
3921,2021-10,2021-10
4363,2020-04,2020-04
2464,2020-02,2020-02
8247,2021-11,2021-12
9957,2024-08,2024-08
8551,2020-06,2023-04
6532,2021-10,2021-10
1447,2021-12,2025-03
1396,2021-08,2024-10
1497,2023-05,2023-05
2328,2023-06,2023-06
8877,2021-12,2022-08
8192,2020-03,2020-07
7087,2025-01,2025-01
1423,2020-11,2020-11
6125,2022-03,2022-03
9257,2024-01,2024-01
5273,2024-03,2025-02
3423,2023-10,2023-10
9847,2020-06,2020-06
9556,2020-03,2021-09
3467,2024-06,2024-06
9215,2020-09,2020-09
6146,2023-06,2023-06
9309,2020-12,2022-11
1723,2022-03,2024-12
5280,2021-05,2021-05
6658,2020-05,2020-05
6922,2021-08,2021-08
9684,2020-01,2020-08
3014,2020-04,2020-12
5414,2020-02,2025-03
7054,2020-05,2024-08
6081,2022-06,2022-10
7149,2020-01,2020-01
1645,2020-03,2024-03
7663,2024-05,2024-05
8537,2024-05,2024-05
9615,2021-02,2023-07
1994,2021-03,2021-03
3005,2023-12,2023-12
9660,2020-09,2024-01
9671,2022-11,2022-11
5237,2021-03,2023-08
3907,2020-03,2020-03
9166,2020-09,2020-10
9448,2020-10,2020-10
4075,2021-05,2021-05
7548,2023-02,2024-09
2073,2025-01,2025-01
5835,2023-04,2023-04
6038,2022-05,2022-05
1339,2023-08,2024-05
3138,2020-09,2023-09
9656,2023-04,2023-04
6072,2021-06,2021-07
2346,2022-04,2023-08
7392,2022-01,2022-01
7387,2024-01,2024-01
5761,2020-05,2020-05
4057,2021-09,2021-09
7046,2020-07,2020-07
4063,2021-12,2021-12
1381,2021-03,2025-04
7181,2021-08,2022-11
5761,2020-05,2021-05
9277,2023-03,2024-06
4700,2020-06,2023-02
4955,2020-01,2022-11
9499,2021-03,2024-06
6432,2021-07,2021-07
8629,2022-01,2023-06
2008,2020-07,2020-07
1615,2020-08,2020-08
1942,2020-10,2021-10
4912,2023-02,2023-02
4423,2022-07,2022-07
4183,2020-12,2023-03
6162,2022-03,2024-06
7467,2021-05,2022-02
2674,2021-12,2022-02
8450,2020-01,2020-01
3027,2020-06,2023-03
4254,2020-04,2021-10
4243,2020-09,2020-09
7635,2022-07,2025-03
1642,2020-06,2024-04
2258,2020-01,2022-01
9272,2020-02,2024-11
7378,2020-03,2020-03
7671,2020-12,2020-12
9592,2022-08,2022-08
4028,2021-08,2024-05
1481,2020-08,2020-08
7799,2022-05,2022-05
9583,2021-06,2023-05
7181,2021-08,2023-01
9148,2024-03,2024-03
2961,2020-12,2023-01
1050,2023-03,2024-07
4501,2020-02,2020-02
6665,2021-11,2024-01
2249,2022-04,2024-08
3018,2022-02,2024-06
5699,2021-12,2021-12
4700,2020-06,2023-10
8820,2020-09,2022-12
3282,2020-05,2020-05
4190,2020-03,2023-11
3583,2020-05,2020-10
9287,2022-02,2022-02
8393,2021-08,2022-07
7852,2021-09,2023-05
1597,2022-09,2025-01
5816,2021-02,2022-02
7672,2022-08,2022-10
7010,2022-11,2022-11
4893,2021-04,2021-07
8023,2020-10,2023-04
1759,2022-08,2022-10
2908,2021-04,2021-04
1294,2023-02,2023-02
1907,2023-01,2023-01
6919,2020-11,2020-11
2448,2020-03,2020-03
7328,2020-03,2020-03
2190,2020-08,2020-08
4487,2021-01,2023-09
4581,2021-06,2021-06
6829,2024-01,2024-01
9340,2020-05,2021-10
2782,2024-08,2024-08
7954,2021-08,2021-08
3336,2021-11,2024-05
5321,2020-08,2020-08
2897,2020-11,2021-11
1081,2023-03,2023-03
4179,2024-01,2024-01
8813,2021-09,2022-12
9660,2020-09,2021-12
4472,2021-10,2025-03
3033,2022-12,2023-02
7071,2020-09,2024-09
1295,2021-02,2024-05
9313,2022-06,2022-06
2062,2023-12,2024-08
3978,2021-02,2021-09
8423,2021-12,2025-04
3713,2020-02,2020-02
7893,2023-12,2024-09
7158,2023-12,2023-12
5856,2022-06,2022-06
8474,2021-10,2021-12
5842,2020-05,2023-07
7293,2021-06,2021-09
5066,2020-10,2020-10
2686,2021-08,2021-08
6072,2021-06,2024-01
3869,2020-02,2022-08
4030,2020-10,2023-11
5823,2021-09,2021-09
7622,2021-09,2021-09
7681,2022-04,2022-04
8749,2021-10,2021-10
2928,2020-05,2020-05
1500,2020-06,2020-06
4537,2023-04,2023-04
4737,2024-03,2024-03
6337,2021-02,2021-02
6927,2020-02,2020-04
3269,2020-12,2023-09
1286,2020-11,2020-11
1050,2023-03,2024-01
2930,2022-07,2023-04
8113,2023-11,2023-11
3412,2023-12,2025-04
9921,2023-05,2023-05
5358,2020-11,2021-02
7265,2020-01,2021-08
7667,2021-08,2023-08
1244,2020-05,2020-05
2609,2020-12,2024-09
3387,2020-02,2021-02
6139,2022-06,2024-09
5127,2021-08,2022-03
7531,2022-06,2022-11
6091,2021-12,2021-12
1664,2025-02,2025-02
8838,2020-03,2020-05
1106,2020-06,2023-08
8114,2021-10,2023-04
2025,2021-10,2022-03
7343,2020-01,2022-08
2330,2021-12,2025-01
6486,2020-04,2023-06
1785,2020-10,2025-02
9647,2020-02,2024-09
5575,2020-03,2020-03
2198,2021-01,2021-10
1890,2020-04,2020-04
9549,2021-09,2021-09
8263,2021-02,2021-02
3353,2022-07,2022-07
4612,2021-01,2021-01
1275,2022-04,2022-04
8253,2020-10,2020-10
3659,2024-11,2024-11
3289,2021-01,2023-03
3130,2020-03,2021-10
1318,2024-05,2024-05
9062,2023-01,2024-08
7299,2020-04,2022-03
2094,2021-11,2021-11
1372,2020-06,2023-02
9741,2021-12,2023-01
4251,2022-02,2022-02
2461,2021-02,2021-02
6863,2022-03,2025-01
4319,2020-01,2020-08
2781,2020-10,2020-10
8606,2020-01,2023-01
2665,2024-09,2024-09
1007,2020-07,2020-07
7912,2021-12,2021-12
6206,2020-05,2020-08
9947,2020-01,2020-01
7160,2024-01,2024-01
8331,2021-12,2022-04
9932,2021-01,2021-01
1805,2021-12,2021-12
6292,2023-04,2023-04
5817,2021-11,2022-05
8064,2022-04,2023-12
4874,2022-04,2022-04
5098,2021-03,2024-05
8707,2021-05,2025-01
8589,2021-09,2021-10
9411,2022-05,2022-05
2231,2021-03,2022-09
2511,2021-08,2023-03
9785,2023-10,2024-02
4168,2021-03,2022-12
3811,2020-10,2020-10
9049,2022-02,2023-09
8175,2020-06,2024-02
4795,2022-05,2022-05
4981,2021-08,2025-04
3903,2020-11,2022-07
7691,2021-05,2021-05
8366,2021-11,2021-11
9074,2020-04,2022-05
9922,2020-08,2020-08
7599,2021-03,2021-03
8431,2022-05,2022-05
7597,2022-07,2023-12
4865,2023-03,2023-03
3400,2022-11,2025-04
6981,2021-11,2021-11
9857,2024-01,2024-01
3800,2020-06,2024-02
6722,2020-06,2020-06
2412,2022-01,2022-01
6997,2020-01,2020-01
9832,2024-06,2024-06
5340,2024-12,2024-12
2193,2022-05,2022-05
2191,2022-04,2022-04
6363,2023-07,2023-07
1646,2022-01,2022-10
5399,2022-07,2022-07
9877,2021-08,2024-03
1264,2022-07,2024-07
1619,2020-12,2020-12
4765,2022-10,2022-10
8096,2020-10,2022-06
5108,2024-07,2024-07
3129,2020-07,2025-03
6533,2023-05,2023-05
9391,2021-07,2021-07
2376,2021-02,2022-10
9940,2025-01,2025-01
8231,2020-12,2021-01
4854,2021-02,2023-05
8333,2020-06,2022-12
9835,2020-08,2024-01
4059,2023-02,2023-02
8405,2020-11,2024-02
2040,2022-04,2022-04
8559,2021-07,2023-08
9068,2020-05,2020-05
8151,2021-09,2021-09
3521,2020-01,2020-01
6244,2023-04,2023-04
9092,2025-03,2025-03
9718,2024-02,2024-02
1010,2020-07,2022-09
4890,2024-11,2024-11
5412,2020-11,2020-11
6904,2023-01,2023-01
7241,2021-02,2022-08
8481,2022-09,2022-11
3045,2024-02,2024-02
3882,2022-08,2024-10
7136,2021-01,2025-03
9578,2020-07,2022-10
7456,2022-04,2022-12
5819,2021-09,2022-03
3180,2021-06,2021-11
5411,2021-06,2021-06
4187,2020-05,2020-05
2689,2020-01,2022-12
5271,2021-04,2021-04
6371,2020-05,2023-05
8918,2020-01,2020-01
7374,2020-05,2020-05
3815,2020-12,2024-03
4631,2020-03,2021-05
6625,2023-12,2023-12
7062,2021-04,2021-04
2740,2022-05,2022-05
7049,2021-04,2024-07
9022,2022-10,2023-11
6314,2020-02,2024-04
8991,2023-03,2023-03
5287,2021-06,2023-12
6023,2020-07,2020-07
9393,2021-08,2021-08
2854,2022-02,2022-02
8933,2020-06,2020-06
9544,2020-06,2020-06
4866,2021-06,2021-06
2409,2022-01,2023-11
7463,2020-04,2020-06
5811,2020-05,2023-05
6370,2021-12,2025-02
3842,2022-01,2023-10
7872,2023-01,2023-01
2595,2020-07,2020-07
8329,2021-06,2023-07
1263,2020-03,2022-07
3452,2020-12,2020-12
2787,2022-06,2023-07
1576,2020-12,2024-11
8481,2022-09,2022-09
2999,2020-03,2025-01
8747,2023-10,2023-10
3156,2020-08,2020-08
5451,2020-03,2023-07
9425,2022-11,2022-11
7589,2022-12,2023-09
6421,2021-05,2024-11
7817,2024-05,2024-05
9297,2020-12,2023-12
9829,2020-10,2020-10
3745,2023-10,2023-10
6535,2020-06,2020-12
5581,2020-04,2024-09
7913,2021-01,2021-03
5719,2021-01,2023-06
5989,2022-08,2024-08
2359,2020-12,2023-03
6444,2022-03,2022-07
1645,2020-03,2021-11
7103,2021-05,2021-05
4802,2020-05,2020-07
3148,2020-06,2022-10
6340,2020-06,2022-09
4413,2022-09,2022-09
8872,2021-09,2021-09
7974,2022-11,2024-03
2644,2023-06,2024-10
9516,2020-06,2020-06
7321,2021-05,2022-09
9038,2020-02,2022-08
4638,2022-05,2024-10
8226,2021-10,2021-10
7771,2023-07,2023-10
3125,2024-02,2024-02
3747,2022-12,2022-12
4426,2021-03,2021-03
9615,2021-02,2021-02
9902,2021-03,2021-03
3190,2020-04,2020-04
3069,2020-02,2024-12
1116,2021-08,2022-05
2517,2024-07,2024-07
1132,2020-04,2020-11
5009,2021-07,2024-05
3623,2022-07,2025-01
8588,2021-06,2022-10
3704,2020-06,2022-06
9498,2021-06,2021-06
8471,2021-08,2025-04
6735,2020-10,2020-11
5265,2022-11,2022-11
5352,2023-03,2023-03
3535,2020-08,2020-08
6331,2024-08,2024-08
9371,2022-07,2022-07
8431,2022-05,2022-11
4950,2022-07,2022-07
1869,2020-03,2020-03
8201,2023-02,2023-02
8680,2020-04,2024-09
4523,2024-10,2024-10
4559,2021-04,2024-05
4049,2021-12,2021-12
6338,2022-02,2022-02
4507,2020-01,2021-09
2651,2020-07,2020-10
2234,2021-08,2022-05
3357,2020-02,2023-03
6326,2020-05,2020-05
5006,2020-07,2021-11
4329,2022-03,2022-09
5370,2020-11,2020-11
8586,2020-09,2020-09
4585,2020-02,2020-02
5748,2020-02,2022-01
6449,2020-04,2020-04
9161,2020-04,2021-02
2908,2021-04,2021-05
8189,2022-01,2022-01
3856,2020-06,2020-06
1908,2021-02,2021-02
8676,2024-07,2024-07
2843,2021-02,2022-07
6355,2022-03,2023-04
9502,2023-02,2023-02
1460,2020-04,2025-03
3207,2024-06,2024-06
1889,2020-03,2022-07
1616,2020-01,2020-01
9010,2024-07,2024-07
8628,2020-02,2020-02
8182,2021-01,2021-09
7098,2022-02,2022-02
4025,2020-02,2020-02
7460,2022-11,2022-11
4309,2020-08,2020-12
4871,2021-02,2022-12
2343,2021-07,2022-10
6254,2022-02,2022-09
6683,2024-03,2025-03
4441,2025-04,2025-04
2533,2021-06,2022-05
3743,2020-06,2023-03
6705,2023-05,2023-05
5960,2021-01,2022-09
9378,2020-10,2022-04
4216,2020-03,2021-01
7808,2020-06,2020-06
4447,2020-08,2024-02
2522,2021-06,2021-06
3378,2021-09,2024-08
3472,2021-08,2023-06
4395,2020-09,2020-09
8542,2020-03,2020-07
3287,2022-05,2022-05
2462,2020-09,2020-10
7597,2022-07,2022-07
1685,2022-10,2024-03
1522,2024-05,2024-05
6618,2021-06,2024-12
8170,2021-06,2022-04
4507,2020-01,2020-06
4153,2020-02,2020-02
4414,2021-06,2023-10
3930,2020-07,2021-12
5939,2024-12,2024-12
3451,2024-07,2024-07
3885,2020-11,2020-11
1372,2020-06,2020-06
7468,2020-11,2021-09
6523,2021-01,2021-01
6351,2020-01,2020-05
5697,2023-04,2023-04
4172,2020-01,2023-09
6733,2020-10,2020-10
1020,2021-01,2021-01
6656,2020-06,2020-06
9135,2022-08,2022-08
4749,2022-04,2022-04
3324,2022-10,2022-10
6882,2020-03,2023-09
7007,2020-03,2022-11
4473,2020-10,2020-10
2227,2021-08,2021-08
1420,2020-04,2020-04
1881,2021-07,2024-02
3653,2020-10,2022-01
9107,2021-02,2022-01
2007,2020-04,2020-04
2398,2022-07,2022-07
1366,2020-06,2023-10
3072,2020-08,2022-11
2753,2020-10,2020-10
3598,2022-12,2025-03
1124,2020-07,2021-06
5676,2021-08,2021-08
3042,2020-03,2020-11
7644,2020-06,2022-08
8396,2020-01,2024-10
2063,2020-09,2020-09
6702,2020-11,2020-11
3825,2023-04,2023-04
8857,2023-01,2024-03
5114,2023-01,2023-01
2811,2022-09,2022-09
2941,2020-01,2024-03
3009,2020-09,2020-10
7759,2021-04,2021-06
8361,2020-03,2020-03
9011,2020-02,2024-08
1698,2025-01,2025-01
2596,2020-06,2021-11
7000,2023-12,2023-12
1499,2021-12,2023-03
6615,2021-03,2021-03
2383,2020-09,2023-11
7694,2020-07,2020-07
1882,2020-05,2022-09
6441,2021-11,2021-11
5714,2022-11,2024-11
5514,2023-01,2023-01
7563,2020-05,2023-06
4220,2020-06,2023-09
8128,2021-09,2021-09
9652,2020-11,2021-02
7978,2023-10,2023-10
5157,2020-11,2023-07
2974,2020-01,2020-01
4259,2022-01,2022-01
7595,2022-03,2022-08
5165,2021-04,2021-04
8156,2020-04,2020-04
6787,2020-01,2023-11
4941,2020-10,2020-10
8782,2025-04,2025-04
5358,2020-11,2020-11
2641,2021-02,2022-12
1408,2023-01,2023-01
1828,2020-04,2020-10
8657,2020-02,2022-11
1611,2020-02,2020-02
5303,2020-03,2023-07
2113,2020-02,2024-06
5416,2021-12,2025-01
5084,2022-12,2023-09
2077,2022-03,2025-01
1692,2020-06,2020-11
9222,2022-07,2022-07
5876,2020-05,2023-01
9141,2020-03,2023-12
9670,2020-05,2020-05
4664,2020-01,2020-01
8589,2021-09,2025-02
2970,2020-08,2020-08
5794,2020-02,2020-02
2631,2022-11,2023-11
5696,2020-03,2020-03
8862,2020-04,2020-04
4822,2020-07,2024-11
8158,2022-09,2022-09
9444,2020-12,2021-01
5736,2022-01,2023-11
8308,2020-06,2023-01
5327,2020-08,2021-09
3286,2020-05,2023-10
1835,2022-06,2024-04
3810,2021-08,2021-08
1899,2020-01,2022-05
1449,2023-03,2023-03
5251,2020-01,2022-04
2371,2021-05,2024-11
9404,2022-10,2022-10
8349,2020-09,2021-04
2368,2021-03,2021-03
9806,2020-08,2021-10
5747,2020-05,2021-07
1500,2020-06,2021-04
9955,2020-05,2023-06
5982,2020-07,2020-07
2970,2020-08,2022-08
9551,2021-10,2021-10
8214,2021-07,2025-02
8170,2021-06,2024-11
3827,2020-08,2022-09
5251,2020-01,2020-01
8771,2020-11,2020-11
2535,2021-06,2025-03
4095,2023-07,2025-04
5907,2025-01,2025-01
2376,2021-02,2021-07
9186,2021-08,2022-03
5430,2022-05,2022-05
7938,2020-04,2020-04
3464,2023-04,2023-04
8817,2023-09,2024-10
5376,2021-08,2022-07
4757,2021-04,2021-04
2448,2020-03,2025-02
2843,2021-02,2023-07
9099,2020-11,2021-09
5065,2024-01,2024-09
4672,2021-08,2023-09
6800,2020-04,2023-03
7523,2020-03,2024-11
1740,2023-11,2023-11
5637,2020-03,2024-03
7287,2022-11,2023-09
5338,2022-02,2022-02
1419,2020-05,2020-05
6118,2022-01,2022-01
1190,2022-12,2024-05
2674,2021-12,2022-09
6825,2021-05,2025-04
7662,2022-01,2022-01
3048,2022-10,2023-04
4637,2022-04,2022-04
9727,2021-05,2021-05
1673,2021-12,2025-02
5235,2021-07,2021-07
9637,2022-01,2022-01
2116,2020-05,2020-05
2038,2020-03,2021-09
4513,2020-01,2020-01
5067,2020-11,2022-07
3674,2020-05,2022-07
7674,2020-12,2020-12
8784,2020-10,2020-10
6598,2020-10,2022-04
1717,2021-10,2022-05
9372,2021-12,2022-07
1359,2021-06,2024-08
5561,2022-08,2022-08
3369,2021-04,2023-02
2595,2020-07,2021-08
1517,2023-11,2023-11
5737,2023-10,2023-10
7822,2020-07,2022-07
8701,2024-10,2024-10
2070,2020-06,2022-12
5238,2021-10,2024-11
9955,2020-05,2022-05
9864,2021-12,2025-03
1046,2022-01,2024-10
3383,2021-08,2021-08
8255,2021-07,2021-07
2713,2023-05,2023-05
4026,2022-05,2022-05
7169,2020-08,2020-08
7917,2023-05,2024-10
5079,2020-05,2023-04
7485,2024-02,2024-02
8214,2021-07,2021-07
7244,2022-10,2023-09
2479,2022-04,2022-11
5279,2020-05,2020-05
1807,2020-03,2023-11
3208,2021-05,2024-12
3958,2020-01,2020-01
8827,2020-07,2020-07
7250,2020-05,2020-09
6755,2021-10,2023-10
2287,2020-08,2023-08
2013,2022-12,2022-12
9811,2022-12,2022-12
7469,2021-06,2021-06
5072,2021-04,2021-07
3060,2021-01,2023-06
5258,2023-03,2023-03
1914,2020-01,2021-10
1805,2021-12,2024-05
5933,2020-07,2023-04
9689,2020-07,2021-09
3931,2022-07,2022-07
7144,2020-07,2025-01
8125,2023-10,2023-10
1819,2020-04,2020-09
5294,2021-01,2021-01
6156,2021-12,2023-02
9028,2020-06,2020-06
9806,2020-08,2022-09
8382,2023-02,2023-09
6225,2020-01,2023-09
9297,2020-12,2020-12
7965,2021-10,2021-10
5228,2021-04,2021-04
3143,2022-05,2024-07
7860,2021-04,2021-04
1887,2023-07,2023-07
6472,2020-02,2020-02
4750,2020-06,2023-03
7971,2020-05,2020-05
2940,2021-08,2024-09
3966,2021-12,2024-02
8015,2022-06,2024-07
8765,2020-09,2020-09
6177,2020-07,2020-07
1454,2024-09,2024-09
5602,2021-06,2021-06
2512,2023-09,2023-09
5115,2022-06,2022-06
7361,2021-02,2024-09
9795,2020-10,2023-02
9458,2020-07,2020-07
9102,2020-01,2020-01
4209,2020-08,2020-08
6871,2021-03,2022-01
5476,2022-02,2022-02
7693,2020-06,2020-06
7963,2022-04,2023-10
2817,2022-08,2023-06
4340,2023-02,2023-02
8843,2023-08,2025-03
6664,2022-05,2022-10
7322,2024-12,2025-01
1787,2021-04,2022-12
3765,2020-06,2023-04
9422,2020-08,2024-07
3021,2020-04,2020-04
4810,2024-04,2024-04
6931,2020-06,2020-06
1772,2020-06,2020-06
5169,2020-12,2021-07
5672,2020-04,2020-04
3386,2023-02,2023-02
2825,2020-07,2020-08
3525,2021-04,2021-04
5677,2020-10,2024-06
9048,2021-11,2021-11
2390,2020-07,2020-07
4379,2020-01,2023-06
3725,2021-12,2021-12
4139,2021-07,2024-03
9829,2020-10,2021-11
2192,2023-03,2023-03
1206,2022-11,2023-06
2102,2020-02,2020-09
5045,2020-03,2020-10
6389,2023-02,2023-05
1543,2020-04,2022-01
6324,2020-12,2020-12
3372,2022-07,2022-07
6423,2023-07,2024-03
1193,2024-12,2024-12
2701,2021-10,2022-01
7493,2021-01,2021-02
5695,2020-11,2020-11
7962,2022-03,2022-03
5568,2022-01,2022-01
6889,2021-08,2021-08
1876,2020-07,2023-11
9766,2021-07,2021-07
2080,2020-03,2020-03
4562,2021-11,2023-07
2755,2021-11,2024-10
6251,2021-05,2024-07
3020,2022-09,2024-05
9230,2021-01,2021-01
9828,2023-06,2023-06
7972,2021-04,2021-04
9429,2022-10,2023-07
1998,2025-01,2025-01
8884,2021-06,2021-06
8853,2021-01,2024-03
3253,2022-07,2024-09
1596,2023-02,2024-08
9854,2022-05,2023-03
5139,2020-09,2021-08
4337,2021-03,2022-01
4709,2022-06,2022-06
9543,2020-10,2025-04
2690,2021-06,2021-06
9191,2021-04,2021-04
4442,2020-04,2024-06
9432,2022-12,2022-12
4474,2023-04,2023-04
1733,2023-01,2024-12
4032,2020-06,2020-06
1266,2022-03,2022-03
7323,2024-01,2024-01
2877,2021-04,2024-01
9321,2022-02,2022-02
8878,2022-06,2025-02
1183,2023-04,2023-04
4102,2023-09,2024-08
5731,2021-06,2021-06
4854,2021-02,2021-02
6231,2020-04,2020-04
2393,2020-10,2021-12
8906,2020-01,2024-08
3265,2021-07,2021-07
7695,2020-07,2023-10
6183,2023-05,2023-05
1571,2021-09,2022-03
1276,2020-12,2020-12
3988,2024-10,2024-10
6397,2021-11,2023-03
7212,2022-04,2023-06
6429,2021-01,2021-11
1754,2022-03,2023-05
7388,2021-08,2024-10
2209,2022-08,2022-08
7438,2021-02,2021-02
2417,2021-10,2021-10
4683,2020-11,2024-07
8323,2020-04,2020-04
7534,2020-12,2021-02
5405,2020-02,2020-02
1687,2023-10,2023-10
7017,2020-09,2020-09
8043,2021-03,2023-01
5820,2020-07,2020-07
9753,2024-10,2024-10
7639,2020-02,2021-02
8522,2022-06,2022-12
4835,2023-01,2023-01
9520,2021-10,2022-02
2938,2020-09,2023-08
8951,2021-02,2021-02
6965,2023-10,2023-10
8024,2024-02,2024-02
2270,2024-06,2025-04
1382,2020-11,2020-11
3072,2020-08,2020-08
3174,2020-04,2020-04
6873,2020-05,2020-05
9552,2022-08,2023-11
7228,2020-08,2020-08
1095,2021-10,2021-10
7038,2021-01,2021-01
8552,2022-04,2023-05
6150,2022-07,2022-08
8545,2023-03,2023-03
2478,2024-06,2024-12
8999,2020-03,2021-04
4029,2023-02,2023-04
9877,2021-08,2023-10
3370,2021-09,2023-07
7599,2021-03,2024-04
5362,2024-02,2024-09
8823,2020-12,2022-03
2219,2023-04,2023-12
5330,2020-06,2022-08
5364,2023-08,2024-05
6678,2023-01,2024-03
8964,2020-12,2022-04
6225,2020-01,2020-01
3071,2021-05,2021-05
3318,2020-12,2020-12
9141,2020-03,2020-03
1295,2021-02,2023-08
2038,2020-03,2020-06
6606,2022-08,2022-08
8526,2022-07,2023-02
5562,2021-03,2022-07
3910,2020-09,2021-11
6375,2021-04,2021-04
1082,2024-10,2024-10
9522,2024-12,2024-12
3994,2020-07,2024-04
8415,2022-09,2022-09
7876,2021-03,2024-05
7113,2020-01,2025-01
1965,2022-01,2022-01
1966,2022-06,2024-09
7091,2022-01,2022-01
3916,2022-04,2022-04
2411,2021-06,2025-04
2324,2020-12,2024-02
6942,2020-03,2020-03
1872,2022-10,2024-05
4270,2020-03,2020-03
2161,2020-06,2024-09
6143,2022-02,2023-05
8927,2023-03,2023-03
2419,2024-05,2024-09
6116,2020-10,2020-10
5801,2020-09,2025-02
3307,2020-11,2023-04
8673,2022-05,2022-05
4495,2020-01,2020-01
6646,2021-02,2024-07
5571,2020-07,2020-07
7773,2020-06,2020-06
9432,2022-12,2025-03
4312,2020-02,2024-05
2354,2020-12,2020-12
2158,2022-01,2022-02
1743,2022-07,2022-07
7607,2020-05,2024-05
2125,2023-04,2024-02
4495,2020-01,2020-07
6897,2022-06,2022-06
4964,2020-10,2020-10
7892,2020-10,2020-10
5472,2022-01,2024-09
1637,2024-12,2025-03
4174,2021-03,2024-02
5118,2020-07,2024-10
9247,2020-04,2020-06
3897,2020-06,2020-06
7268,2021-10,2024-07
5881,2021-04,2021-04
9850,2020-05,2020-05
1869,2020-03,2021-06
5533,2021-08,2022-07
6899,2020-01,2022-05
6774,2024-03,2024-07
3612,2020-06,2021-09
1159,2020-10,2022-04
6460,2022-06,2023-05
2755,2021-11,2021-11
6070,2023-03,2023-03
2666,2020-02,2020-02
2365,2023-07,2023-07
9315,2020-07,2020-08
1312,2023-11,2024-04
8293,2020-04,2021-11
3902,2024-04,2024-04
7653,2021-01,2024-06
4830,2024-02,2024-02
2362,2023-12,2023-12
2354,2020-12,2022-12
8171,2021-09,2021-12
6854,2021-01,2024-10
1173,2022-02,2022-11
1831,2020-04,2023-03
6525,2021-11,2021-11
3999,2020-03,2021-02
5253,2020-06,2020-06
6567,2023-08,2023-08
1718,2022-09,2023-08
2636,2023-11,2024-05
4133,2022-01,2023-04
1811,2020-08,2020-08
6999,2020-11,2023-10
2077,2022-03,2022-03
5716,2024-01,2024-01
4542,2020-05,2020-05
1199,2022-03,2022-03
2941,2020-01,2021-05
3065,2020-04,2022-07
8019,2021-02,2022-11
5656,2020-05,2024-06
5913,2020-04,2020-04
4627,2020-11,2021-01
3855,2021-02,2021-02
6670,2021-08,2022-01
7124,2021-10,2023-08
3400,2022-11,2022-11
2157,2021-10,2021-10
8977,2020-10,2020-10
1213,2021-10,2023-10
8020,2021-07,2023-01
1963,2021-03,2024-01
8196,2022-05,2025-01
4958,2025-03,2025-03
5375,2023-05,2023-09
4568,2020-12,2021-07
5734,2020-07,2022-02
7143,2022-05,2023-04
1045,2022-09,2022-09
7176,2021-01,2023-12
6475,2020-11,2021-05
3632,2021-01,2023-08
2194,2021-03,2021-03
6129,2020-02,2021-04
4008,2022-07,2022-07
9802,2021-06,2022-03
2001,2023-05,2023-10
3448,2023-04,2023-04
6041,2024-10,2024-10
2142,2020-02,2025-04
1652,2021-09,2023-03
1760,2022-09,2023-11
9863,2024-11,2024-11
9362,2022-09,2023-02
3481,2024-07,2024-07
2448,2020-03,2023-06
4603,2024-04,2024-04
1106,2020-06,2020-06
6480,2020-02,2020-02
6473,2023-09,2023-09
9897,2020-10,2020-10
4048,2021-06,2021-06
7938,2020-04,2023-10
1760,2022-09,2022-09
7866,2021-01,2021-01
1138,2020-07,2021-08
8496,2021-06,2023-03
4056,2021-05,2025-01
8591,2023-12,2023-12
3065,2020-04,2023-12
2876,2020-04,2020-06
3655,2021-01,2022-03
1100,2022-02,2022-02
3756,2021-03,2022-07
3800,2020-06,2024-11
3039,2021-03,2025-01
1070,2021-06,2024-03
2547,2020-05,2021-01
9243,2020-01,2022-08
7085,2020-05,2025-01
2336,2020-02,2025-02
8598,2020-02,2024-03
3743,2020-06,2020-06
7254,2020-12,2020-12
1824,2020-02,2023-09
4872,2020-12,2025-04
4538,2022-11,2022-11
3532,2021-08,2023-06
8857,2023-01,2023-01
5523,2021-09,2021-09
1875,2022-03,2022-03
3262,2021-02,2021-02
3662,2022-06,2024-12
4502,2020-08,2021-04
3088,2021-03,2023-09
3216,2022-05,2025-04
1969,2022-06,2022-06
5566,2022-07,2022-07
4463,2020-01,2023-08
9599,2020-06,2020-06
7905,2022-01,2022-08
4215,2020-05,2021-11
3073,2022-05,2024-09
1213,2021-10,2021-10
4405,2024-08,2024-08
3445,2020-03,2023-05
3139,2022-01,2022-01
6884,2020-10,2020-10
2691,2022-11,2022-11
4177,2020-09,2020-09
9246,2021-01,2021-12
1770,2020-07,2023-07
4228,2022-10,2023-06
6643,2025-01,2025-01
4781,2022-09,2024-07
8486,2020-02,2020-09
2572,2021-10,2024-04
3163,2021-11,2021-11
1375,2020-04,2020-04
2468,2020-06,2020-06
2212,2021-04,2024-12
1669,2021-07,2024-03
9698,2020-03,2020-09
5319,2021-08,2021-08
9867,2023-10,2023-10
7342,2022-09,2022-09
2329,2020-09,2023-07
2941,2020-01,2022-02
9209,2021-01,2021-01
7038,2021-01,2024-09
7443,2020-09,2022-10
7277,2020-05,2024-05
3506,2025-02,2025-02
7450,2024-03,2025-01
5967,2021-01,2023-07
5923,2021-09,2024-11
8069,2021-06,2022-10
6016,2020-08,2020-08
4681,2022-01,2024-08
1139,2022-03,2022-03
7175,2023-12,2023-12
3121,2020-02,2020-10
3206,2023-10,2023-10
2449,2020-05,2020-05
5189,2024-07,2024-07
3251,2020-10,2020-10
6628,2021-02,2021-02
6252,2021-10,2021-10
2661,2022-07,2025-04
1643,2022-10,2024-01
2607,2022-12,2022-12
3416,2020-03,2022-04
6097,2022-01,2022-01
2386,2020-06,2024-09
7230,2022-05,2022-05
6551,2020-10,2020-10
5615,2020-05,2022-08
6990,2020-03,2020-11
9710,2021-03,2024-03
5271,2021-04,2022-11
4946,2021-10,2021-10
6993,2020-10,2020-10
9183,2020-06,2022-08
5375,2023-05,2023-05
7396,2021-09,2024-03
5400,2021-03,2021-03
7576,2020-07,2020-07
5395,2021-05,2022-07
6496,2021-11,2021-11
4930,2024-01,2024-01
8736,2020-06,2020-06
7439,2023-04,2023-04
9237,2020-04,2020-04
8059,2024-07,2025-03
3072,2020-08,2021-03
5678,2020-09,2023-10
1129,2022-06,2022-06
6019,2022-12,2022-12
4037,2022-04,2022-04
3336,2021-11,2021-11
7247,2023-02,2023-02
3977,2021-01,2022-05
1221,2022-09,2022-09
3239,2022-02,2022-02
2944,2021-09,2021-09
3007,2020-04,2022-03
1862,2020-03,2022-08
9920,2024-08,2024-08
3579,2020-07,2020-07
5931,2024-02,2025-03
4497,2020-10,2020-10
8418,2023-01,2024-07
8502,2020-06,2024-11
1296,2023-03,2023-03
2998,2023-04,2024-06
6837,2020-03,2022-01
2970,2020-08,2021-12
9994,2020-12,2023-03
5601,2024-06,2025-02
6943,2020-03,2020-03
5577,2020-12,2020-12
8093,2023-08,2023-08
8547,2022-11,2022-11
9160,2024-12,2024-12
4178,2022-08,2022-08
1414,2023-10,2023-10
6594,2020-02,2021-09
4646,2020-02,2023-01
8421,2023-07,2023-07
7558,2023-01,2025-03
4085,2021-01,2024-09
2826,2023-04,2023-04
1764,2023-11,2023-11
6850,2020-06,2020-06
9798,2020-01,2020-07
6332,2021-03,2021-03
1747,2023-09,2024-03
8927,2023-03,2023-12
3097,2024-08,2025-03
6239,2020-09,2022-11
2964,2020-01,2023-02
5933,2020-07,2021-12
3022,2020-02,2020-02
7520,2020-11,2020-11
2422,2023-05,2023-05
1574,2021-02,2021-02
7194,2020-11,2020-11
3525,2021-04,2022-11
3883,2020-09,2022-02
4055,2022-06,2025-01
8940,2020-01,2021-07
3094,2022-07,2022-11
6771,2020-12,2020-12
4493,2022-06,2024-07
3768,2021-09,2022-05
8253,2020-10,2022-09
4114,2022-04,2022-04
3855,2021-02,2022-12
8760,2020-04,2023-02
6800,2020-04,2020-04
7934,2020-09,2022-10
6734,2021-01,2021-01
7506,2020-01,2025-03
8522,2022-06,2022-06
7374,2020-05,2025-01
9284,2021-05,2023-03
7244,2022-10,2024-08
9050,2022-01,2022-01
2634,2022-12,2022-12
4641,2021-08,2024-04
3996,2024-04,2024-04
8122,2025-03,2025-03
9751,2020-07,2022-04
8839,2020-03,2024-02
5303,2020-03,2020-10
4550,2021-11,2021-11
3320,2020-01,2020-01
9328,2020-11,2024-02
5784,2024-10,2024-10
6670,2021-08,2021-08
3527,2022-08,2022-10
4016,2021-05,2021-05
7635,2022-07,2022-07
6530,2021-08,2025-01
1807,2020-03,2021-05
8844,2021-09,2021-10
2092,2023-07,2023-07
9709,2022-09,2023-10
9057,2021-07,2021-07
1103,2021-05,2023-07
4753,2021-09,2023-03
2999,2020-03,2022-06
3432,2020-05,2020-05
2175,2020-06,2023-12
3859,2022-06,2022-06
9334,2020-08,2025-03
7542,2022-06,2024-12
8758,2021-02,2021-02
2036,2021-12,2023-01
8801,2023-05,2024-02
5119,2021-09,2021-09
2102,2020-02,2025-03
5385,2022-01,2022-05
6606,2022-08,2023-05
1277,2021-11,2022-12
2496,2022-03,2022-03
4465,2020-03,2020-03
9964,2021-10,2022-03
1986,2022-10,2022-10
3246,2020-01,2020-01
8120,2024-07,2024-07
1244,2020-05,2024-10
9128,2023-01,2023-12
2471,2023-11,2023-11
4306,2022-02,2022-02
8045,2020-11,2022-04
7611,2021-01,2021-01
8436,2021-04,2021-04
9572,2020-10,2020-10
3702,2021-07,2021-07
4790,2021-05,2021-05
4037,2022-04,2023-04
7379,2022-01,2022-01
8542,2020-03,2023-08
9690,2020-11,2020-11
9924,2021-02,2023-12
4407,2021-01,2023-06
6058,2020-06,2022-07
2502,2023-01,2024-10
6387,2020-07,2020-07
9396,2024-06,2024-06
6486,2020-04,2020-04
3371,2021-12,2021-12
2134,2021-05,2021-05
6719,2020-03,2022-12
5461,2023-06,2023-06
8472,2021-03,2022-12
8863,2022-05,2025-01
1019,2023-12,2024-04
8606,2020-01,2020-06
9925,2020-02,2020-09
9133,2020-03,2020-03
8337,2020-10,2021-10
2458,2020-05,2020-07
7318,2020-01,2020-01
1553,2025-03,2025-03
1541,2021-04,2021-04
6783,2022-07,2022-07
8704,2023-10,2025-03
7326,2020-03,2020-03
7989,2020-07,2023-11
8231,2020-12,2022-10
6867,2020-07,2022-04
7228,2020-08,2022-02
1811,2020-08,2023-09
8634,2023-07,2023-07
7029,2020-10,2023-04
9667,2021-06,2021-06
4381,2023-04,2023-10
2283,2020-08,2020-08
5751,2022-09,2022-09
6495,2021-07,2024-11
5615,2020-05,2024-01
5063,2024-09,2024-09
5288,2023-07,2023-12
4627,2020-11,2020-11
2195,2021-03,2024-04
2987,2020-12,2020-12
5007,2020-01,2020-01
5234,2023-01,2023-01
5670,2021-03,2021-03
7716,2021-09,2022-11
3807,2020-04,2022-12
6377,2024-09,2024-09
8815,2024-11,2024-11
9735,2020-08,2025-02
5417,2020-01,2020-01
2697,2020-10,2021-12
8299,2022-06,2022-06
3839,2021-02,2022-05
1710,2020-03,2020-10
9496,2020-05,2020-05
7763,2021-10,2024-08
3161,2024-01,2024-01
1610,2022-02,2022-09
5944,2023-04,2023-11
5987,2021-05,2024-08
3431,2021-11,2022-01
1894,2020-11,2020-11
6828,2020-11,2020-11
4342,2024-08,2024-08
6461,2023-08,2023-08
9663,2025-03,2025-03
4118,2020-02,2021-12
8722,2023-04,2024-06
8049,2023-08,2023-08
4578,2021-07,2024-05
6906,2023-06,2025-01
5249,2020-12,2020-12
7355,2020-11,2023-07
4650,2020-10,2020-10
7078,2022-08,2025-01
5859,2020-02,2020-02
7674,2020-12,2021-01
3223,2020-04,2023-09
4193,2021-08,2021-08
4000,2024-09,2024-09
2765,2020-12,2025-04
8385,2020-05,2020-08
9264,2020-04,2020-04
7492,2020-03,2020-03
1459,2023-02,2025-03
6141,2023-11,2024-05
5597,2021-01,2021-04
1821,2021-09,2021-09
2469,2022-06,2022-06
8178,2022-05,2023-07
8631,2020-03,2020-03
5949,2020-08,2020-08
1957,2022-06,2022-06
7006,2021-06,2021-06
3653,2020-10,2023-01
5592,2021-05,2021-05
3968,2022-07,2022-07
3612,2020-06,2023-11
9524,2020-11,2022-04
4830,2024-02,2024-11
3202,2020-08,2024-08
2766,2021-05,2022-07
4763,2020-10,2020-10
5155,2024-03,2024-03
2109,2022-10,2022-10
8008,2021-06,2021-07
1175,2020-04,2020-04
3326,2020-06,2021-07
6691,2021-10,2021-10
5081,2024-01,2024-01
3843,2020-01,2020-01
4450,2021-02,2023-05
4781,2022-09,2022-09
5232,2022-02,2022-02
4850,2021-10,2022-10
3159,2020-05,2022-07
5849,2022-04,2022-06
1268,2020-12,2020-12
3671,2020-07,2020-07
3169,2022-07,2024-07
1958,2020-04,2024-05
7776,2020-08,2020-08
9953,2022-10,2022-10
8803,2022-01,2024-04
9113,2022-05,2024-02
7781,2024-05,2024-05
3996,2024-04,2025-01
7329,2023-08,2024-02
4725,2020-08,2024-12
3524,2020-07,2020-07
3430,2020-01,2021-11
3947,2020-04,2021-05
1657,2021-01,2024-06
6623,2020-03,2021-03
5616,2020-09,2020-09
3415,2021-02,2021-12
5081,2024-01,2024-01
2250,2020-04,2020-04
3129,2020-07,2024-07
2953,2020-07,2023-10
1687,2023-10,2024-04
7814,2024-03,2024-03
1819,2020-04,2020-04
8445,2020-09,2020-09
5773,2022-05,2022-05
4695,2020-05,2020-11
2696,2020-02,2020-02
5125,2023-01,2023-01
6215,2020-04,2023-10
9093,2022-01,2022-01
3328,2021-06,2021-06
5170,2020-04,2024-11
8444,2021-12,2021-12
6909,2021-09,2023-03
3364,2020-11,2023-04
7174,2020-06,2020-06
5270,2022-05,2022-05
7266,2022-11,2023-06
4199,2024-11,2024-11
9840,2020-09,2022-02
5749,2021-08,2021-08
1303,2023-07,2023-07
9177,2020-12,2025-04
6416,2021-06,2024-09
1340,2020-01,2020-01
7130,2022-06,2022-06
9314,2021-01,2023-04
6131,2021-02,2021-02
8343,2021-01,2021-05
3976,2021-09,2021-09
4427,2020-12,2023-06
6186,2023-10,2023-10
4030,2020-10,2021-11
8768,2020-11,2020-11
3621,2020-12,2023-03
3516,2020-09,2020-09
7543,2020-10,2021-03
3322,2023-03,2023-03
1455,2020-04,2021-12
3583,2020-05,2021-11
2917,2023-03,2023-10
4577,2023-07,2023-07
6205,2021-01,2021-01
7590,2021-10,2022-06
8590,2020-08,2024-11
7694,2020-07,2022-08
5860,2022-06,2022-06
1700,2020-03,2021-08
6492,2024-11,2025-03
9427,2020-12,2022-11
6564,2021-05,2024-11
2752,2021-10,2022-05
1662,2020-08,2020-08
9756,2021-08,2021-08
3572,2020-06,2025-02
2371,2021-05,2025-03
2546,2021-05,2021-07
2249,2022-04,2022-04
9378,2020-10,2020-10
7102,2020-07,2020-07
9903,2020-04,2021-07
7577,2020-01,2020-01
2703,2024-02,2024-02
9697,2020-07,2020-07
9802,2021-06,2021-06
6006,2021-07,2023-03
1015,2020-12,2021-03
3910,2020-09,2020-09
9156,2023-11,2024-08
8871,2020-11,2022-02
9532,2020-09,2020-09
7352,2024-03,2024-03
7542,2022-06,2022-06
2945,2020-12,2022-11
3118,2022-02,2024-06
3953,2020-08,2022-08
8145,2022-02,2023-01
2230,2020-08,2020-08
6007,2022-02,2022-02
5658,2023-08,2024-02
9714,2020-07,2024-05
5610,2021-09,2024-05
2833,2020-12,2023-06
8315,2022-03,2022-03
5549,2020-04,2021-06
2581,2023-04,2023-04
4263,2020-02,2025-01
1326,2021-04,2022-08
7918,2020-08,2022-12
3754,2020-05,2023-02
1088,2021-05,2021-05
3642,2024-09,2024-09
9912,2022-07,2022-11
1063,2020-06,2023-01
6351,2020-01,2022-09
5002,2021-03,2024-11
1031,2021-11,2021-11
3651,2020-05,2020-06
3800,2020-06,2021-06
2023,2022-02,2022-02
9748,2020-09,2023-03
8493,2020-01,2020-10
4721,2021-01,2022-01
4388,2025-03,2025-03
7313,2021-10,2023-03
4514,2022-10,2022-10
2364,2021-07,2022-01
2868,2022-06,2023-04
7594,2021-07,2021-07
2716,2022-11,2022-11
5992,2021-04,2021-05
1013,2022-02,2022-08
3540,2021-08,2021-12
4295,2025-02,2025-02
3496,2022-05,2022-05
9324,2020-04,2020-04
6723,2023-08,2023-08
2037,2024-03,2024-03
1324,2020-12,2025-03
9077,2020-08,2024-09
1711,2022-05,2022-07
7065,2022-07,2022-07
1102,2023-04,2023-04
9563,2021-06,2023-09
5364,2023-08,2023-08
3087,2020-06,2022-10
7713,2021-02,2021-02
2813,2023-07,2023-07
7864,2020-10,2021-03
5046,2023-11,2023-11
6733,2020-10,2023-07
1272,2020-09,2022-11
3468,2023-04,2023-04
7039,2021-01,2023-10
9746,2021-11,2023-06
6798,2020-01,2021-04
3266,2023-07,2023-07
6047,2022-03,2024-08
3662,2022-06,2023-06
5470,2020-12,2020-12
1147,2020-10,2020-10
5880,2023-09,2023-09
1368,2020-04,2020-04
8785,2020-10,2021-03
7750,2021-09,2023-03
2031,2025-04,2025-04
7493,2021-01,2022-10
1063,2020-06,2020-06
8492,2021-10,2021-10
9159,2020-04,2021-07
5656,2020-05,2020-05
9340,2020-05,2025-02
9258,2024-07,2024-07
7733,2022-09,2022-09
8509,2020-01,2020-01
6625,2023-12,2025-04
9788,2020-06,2021-10
7239,2024-09,2024-09
9744,2022-12,2022-12
6177,2020-07,2024-08
3730,2020-03,2020-03
7463,2020-04,2020-04
3800,2020-06,2020-06
3687,2023-09,2023-09
1640,2020-01,2021-01
2002,2021-10,2021-10
3935,2020-07,2021-03
6874,2023-02,2023-02
1008,2020-04,2024-05
4112,2020-07,2020-07
6404,2020-06,2020-06
9861,2020-09,2020-09
8761,2022-06,2022-09
2736,2022-02,2023-07
4875,2020-06,2020-06
7071,2020-09,2020-09
1010,2020-07,2020-08
6651,2020-05,2021-01
7607,2020-05,2024-10
6830,2022-02,2023-05
6856,2020-09,2020-09
5277,2022-07,2022-07
8180,2025-03,2025-03
5820,2020-07,2022-09
1848,2021-03,2023-03
1319,2020-12,2023-08
8734,2024-07,2024-07
1572,2023-10,2023-10
4343,2021-10,2021-10
3013,2024-04,2024-04
5843,2020-12,2020-12
3154,2022-04,2024-01
7445,2021-01,2021-01
6618,2021-06,2021-06
7567,2020-01,2020-05
3700,2020-07,2022-07
7190,2023-01,2023-01
2914,2020-03,2020-03
8146,2024-03,2025-01
6167,2021-02,2021-02
4018,2020-05,2020-05
3046,2020-01,2020-07
4865,2023-03,2023-10
5831,2022-03,2024-07
5237,2021-03,2024-03
7370,2020-12,2024-02
6335,2020-12,2020-12
8161,2021-08,2025-03
4797,2020-01,2024-11
1100,2022-02,2024-06
3247,2020-07,2020-07
6696,2023-06,2023-06
1923,2020-02,2020-02
7461,2022-12,2024-08
2497,2021-07,2021-07
8738,2022-11,2022-11
3345,2023-02,2023-02
9104,2022-01,2022-01
9782,2020-01,2023-07
5036,2022-11,2023-03
6259,2022-11,2024-07
6320,2020-09,2020-09
6001,2021-05,2021-05
3292,2020-08,2021-01
2661,2022-07,2022-07
6368,2021-03,2021-03
2376,2021-02,2021-04
6504,2020-10,2020-10
1772,2020-06,2024-02
2519,2025-02,2025-02
6034,2021-10,2021-10
6998,2021-05,2021-10
3312,2020-01,2020-01
5846,2023-06,2023-10
2951,2020-10,2020-10
8527,2020-02,2020-02
4328,2020-08,2022-07
9000,2022-02,2022-02
4641,2021-08,2022-09
4567,2021-11,2023-05
4293,2024-02,2024-02
9538,2021-02,2021-02
7997,2020-01,2022-06
8773,2021-03,2021-03
2119,2022-11,2024-06
8862,2020-04,2021-03
1157,2021-06,2023-10
8123,2020-02,2020-02
2025,2021-10,2024-06
8293,2020-04,2021-07
6352,2023-10,2023-12
6364,2020-02,2024-11
9386,2021-01,2021-01
2759,2023-11,2023-11
8837,2020-08,2020-08
7250,2020-05,2023-01
8851,2020-03,2023-01
3663,2024-07,2024-07
2069,2021-06,2021-06
4439,2022-08,2023-03
5209,2020-04,2020-08
8045,2020-11,2024-04
1862,2020-03,2020-03
1475,2020-08,2020-08
1790,2020-08,2020-09
6575,2023-09,2023-09
1277,2021-11,2022-12
6576,2022-06,2022-06
2392,2020-04,2021-05
9553,2022-08,2022-08
3788,2021-07,2021-07
5537,2024-06,2024-12
9465,2024-04,2024-04
8500,2021-12,2021-12
3796,2022-03,2022-03
9032,2021-09,2021-09
6710,2020-04,2020-04
9492,2021-06,2021-06
1841,2022-02,2022-07
8227,2021-03,2022-02
9827,2020-02,2020-02
2212,2021-04,2024-04
9664,2021-10,2021-10
8403,2020-02,2020-02
1235,2021-05,2021-05
9669,2020-07,2020-07
6385,2024-07,2024-07
4376,2021-04,2022-05
9570,2020-12,2021-08
2717,2023-11,2023-11
4565,2022-09,2022-09
9653,2022-12,2023-12
9787,2020-12,2020-12
5026,2020-06,2022-06
9827,2020-02,2022-06
1186,2024-11,2024-11
3734,2023-09,2023-09
8667,2021-03,2022-06
6171,2023-09,2024-12
7929,2021-11,2022-03
7122,2020-05,2020-05
6129,2020-02,2020-04
1338,2024-09,2025-03
1194,2020-01,2021-02
6216,2020-08,2022-06
7464,2021-11,2025-04
2991,2025-02,2025-02
2307,2020-09,2020-09
3058,2025-04,2025-04
6036,2020-04,2024-12
6727,2022-04,2022-04
7989,2020-07,2021-02
9701,2022-10,2022-10
2655,2021-08,2024-08
3015,2023-02,2023-02
1999,2022-04,2022-04
4476,2023-08,2023-08
7561,2020-09,2021-09
9698,2020-03,2022-03
7587,2022-03,2022-03
2292,2020-05,2020-05
9350,2021-02,2021-02
5019,2021-04,2023-02
1988,2022-03,2022-03
6470,2024-10,2024-10
2480,2020-02,2022-06
8378,2020-12,2020-12
6477,2020-11,2024-11
4922,2020-08,2025-01
4046,2024-06,2024-06
2659,2022-07,2022-07
7437,2020-06,2024-12
1697,2020-04,2022-02
4931,2025-04,2025-04
8486,2020-02,2024-04
9924,2021-02,2021-02
7196,2021-11,2021-11
5085,2024-07,2025-04
2346,2022-04,2025-04
5201,2023-12,2023-12
7753,2021-09,2021-09
8566,2023-09,2024-01
4354,2024-11,2024-11
5908,2020-05,2024-07
1702,2020-01,2020-01
1613,2023-06,2023-06
9959,2025-01,2025-01
4506,2021-09,2022-05
8972,2021-11,2024-10
3200,2021-01,2021-01
2678,2020-11,2025-01
5433,2022-09,2022-09
4766,2022-06,2022-06
1354,2023-04,2023-04
1735,2020-02,2023-07
5261,2020-12,2021-05
1058,2024-12,2024-12
9284,2021-05,2021-05
9341,2021-02,2024-10
6241,2020-01,2023-03
2833,2020-12,2022-04
6384,2020-11,2023-08
3224,2020-05,2021-01
8430,2020-05,2021-03
1348,2021-03,2021-03
2963,2025-03,2025-03
5439,2024-03,2024-05
4327,2020-12,2021-08
9255,2024-05,2024-05
9310,2020-01,2020-01
8698,2021-09,2021-09
6884,2020-10,2021-02
4834,2021-04,2021-04
8780,2022-03,2023-05
2544,2021-04,2022-06
1204,2020-07,2020-07
6719,2020-03,2020-03
7867,2020-05,2023-07
9928,2021-05,2024-11
6712,2021-06,2021-11
1647,2021-12,2021-12
3791,2023-10,2023-10
2392,2020-04,2024-04
6834,2022-05,2025-04
1119,2020-01,2020-01
2086,2020-03,2023-06
9105,2022-03,2022-03
5458,2020-08,2020-08
3614,2020-05,2020-05
2233,2021-12,2021-12
6071,2020-01,2020-09
3366,2022-07,2024-10
9912,2022-07,2025-02
8776,2020-04,2024-05
5190,2020-03,2021-12
7666,2020-03,2020-03
7114,2020-07,2024-07
5891,2021-05,2023-08
5745,2020-02,2022-09
4505,2022-03,2023-07
2767,2021-03,2021-03
1845,2022-03,2022-03
7268,2021-10,2024-09
7250,2020-05,2023-04
1196,2020-08,2020-08
8350,2021-05,2021-05
1918,2021-02,2023-02
1575,2020-06,2020-06
4873,2024-06,2024-06
3220,2021-01,2021-01
4220,2020-06,2021-03
1510,2021-03,2024-03
8795,2020-04,2023-07
1981,2020-04,2020-04
3237,2022-06,2022-06
1201,2021-02,2021-02
4542,2020-05,2021-02
4104,2024-11,2024-11
8396,2020-01,2022-05
2788,2022-11,2022-11
1675,2020-07,2020-07
2238,2024-09,2024-09
3335,2025-04,2025-04
5159,2023-11,2023-11
5576,2021-05,2021-05
9126,2020-12,2020-12
9964,2021-10,2021-12
8765,2020-09,2023-12
5207,2024-06,2024-06
1881,2021-07,2021-10
4695,2020-05,2020-05
3158,2020-02,2021-01
2521,2020-12,2021-01
3360,2021-09,2023-02
5421,2022-07,2024-05
1278,2021-01,2021-01
8308,2020-06,2023-04
3953,2020-08,2023-10
4411,2020-01,2020-07
6785,2020-12,2023-04
3138,2020-09,2021-08
8628,2020-02,2025-02
1394,2020-12,2022-02
3194,2021-09,2021-09
6883,2020-05,2020-05
2834,2021-03,2021-03
2732,2024-03,2024-03
2809,2022-09,2022-09
2489,2022-01,2022-01
9855,2023-01,2023-04
5678,2020-09,2020-09
7776,2020-08,2022-05
8011,2021-01,2021-01
7902,2023-08,2025-01
7215,2020-10,2020-10
9195,2021-02,2022-10
8474,2021-10,2021-10
4780,2020-11,2020-11
2451,2021-10,2021-10
1532,2020-03,2021-07
3140,2022-04,2022-04
1714,2021-08,2021-08
9668,2021-06,2025-01
7439,2023-04,2024-06
3094,2022-07,2022-07
4775,2023-08,2024-02
9353,2023-01,2023-07
1640,2020-01,2020-01
4670,2021-01,2021-01
7721,2021-03,2021-03
4071,2023-12,2023-12
3755,2020-01,2023-02
4265,2022-01,2022-01
3431,2021-11,2021-11
6387,2020-07,2021-09
4568,2020-12,2021-08
1297,2020-08,2023-09
5074,2020-06,2020-06
7607,2020-05,2020-05
2822,2022-05,2022-05
9456,2025-03,2025-03
2474,2022-06,2022-06
7655,2024-02,2024-12
2512,2023-09,2025-03
3494,2021-03,2024-06
9101,2020-04,2020-04
9715,2020-11,2021-07
8533,2020-04,2025-03
1732,2020-11,2025-03
6518,2020-08,2024-10
9972,2025-02,2025-02
7365,2020-05,2022-07
1377,2021-06,2023-03
9438,2023-08,2023-08
5080,2022-12,2023-06
5002,2021-03,2021-03
2574,2021-10,2022-12
6215,2020-04,2020-07
7051,2022-01,2025-01
9212,2024-04,2024-04
6063,2020-06,2024-05
4098,2021-07,2024-01
1197,2021-10,2023-06
6307,2020-09,2020-09
7764,2021-05,2024-07
6269,2020-09,2024-09
5102,2020-12,2020-12
5478,2021-12,2024-04
8235,2020-04,2020-04
2564,2020-02,2020-09
5374,2022-03,2023-03
1262,2020-12,2024-05
9832,2024-06,2024-12
9306,2022-04,2024-03
4645,2020-03,2020-03
5734,2020-07,2023-10
7407,2022-02,2022-02
6679,2020-11,2020-11
9140,2024-01,2024-05
3227,2023-03,2023-03
4156,2021-05,2022-10
4641,2021-08,2021-08
1285,2024-08,2025-03
3612,2020-06,2025-03
3285,2020-08,2021-07
2756,2022-08,2022-11
7859,2022-07,2024-12
3894,2020-08,2021-02
6668,2024-03,2024-03
7513,2022-03,2024-05
1996,2021-11,2021-11
4589,2020-03,2023-05
7691,2021-05,2024-01
3093,2022-09,2022-09
3348,2020-02,2020-02
2470,2021-08,2021-08
3879,2022-01,2022-01
7999,2020-06,2020-06
3049,2022-02,2022-07
9722,2021-04,2023-10
9155,2021-05,2021-05
6326,2020-05,2020-11
5236,2020-09,2023-04
1753,2021-11,2025-01
3911,2021-08,2021-08
7864,2020-10,2020-10
5912,2021-03,2022-02
2754,2020-08,2025-02
4876,2021-10,2021-10
4358,2020-03,2021-09
9057,2021-07,2024-01
4848,2021-02,2021-02
2361,2023-07,2023-07
9761,2021-02,2021-11
2663,2023-02,2023-02
8517,2022-04,2022-04
7459,2021-07,2022-07
9345,2023-01,2023-01
7347,2020-05,2022-01
7556,2024-10,2024-10
5522,2024-03,2024-03
8240,2021-03,2022-07
9942,2023-03,2023-03
5807,2021-11,2021-11
3615,2021-08,2021-12
4402,2021-04,2023-01
7763,2021-10,2021-10
9360,2020-07,2020-07
8919,2022-05,2022-05
3057,2021-12,2023-07
4432,2020-02,2021-03
7869,2020-06,2020-06
9973,2022-07,2024-02
3470,2025-02,2025-02
8091,2021-02,2022-09
6837,2020-03,2020-03
3819,2022-09,2024-09
5528,2021-07,2021-07
2440,2022-07,2022-07
9078,2021-03,2025-02
2315,2020-04,2023-03
5080,2022-12,2022-12
8029,2022-01,2022-01
6527,2020-06,2022-05
9199,2020-10,2021-05
3928,2020-04,2022-06
9467,2020-02,2024-05
9795,2020-10,2020-10
7638,2022-07,2022-07
6690,2020-04,2025-02
1716,2020-01,2024-07
7079,2025-04,2025-04
5570,2023-05,2023-05
4055,2022-06,2025-03
2940,2021-08,2021-08
6094,2021-02,2022-01
7944,2023-05,2023-05
9137,2022-06,2022-06
9277,2023-03,2023-03
4319,2020-01,2024-02
4303,2021-03,2021-03
1810,2024-10,2024-10
1531,2020-07,2022-01
5879,2022-04,2022-04
2913,2023-05,2023-05
9132,2021-07,2024-02
8645,2020-02,2025-02
7798,2020-08,2024-06
2719,2020-04,2020-04
3549,2020-02,2022-06
1834,2020-11,2023-04
2614,2020-06,2023-08
8645,2020-02,2020-02
6974,2023-09,2023-09
2973,2022-03,2024-04
6582,2020-09,2020-09
3713,2020-02,2023-04
8742,2021-09,2021-10
9658,2022-06,2022-06
9562,2024-12,2024-12
3254,2022-03,2024-01
1921,2025-02,2025-02
2834,2021-03,2021-11
7991,2022-02,2024-10
9388,2020-01,2020-10
8700,2021-08,2025-02
3126,2022-01,2022-01
7294,2022-08,2023-09
2976,2020-11,2020-11
6551,2020-10,2023-02
8330,2021-10,2021-10
2737,2021-07,2022-09
3982,2022-11,2022-11
1244,2020-05,2020-12
9995,2022-01,2024-03
8627,2021-05,2021-05
1515,2021-06,2021-06
5208,2021-09,2024-05
4181,2024-07,2024-09
4494,2020-11,2020-11
3658,2020-03,2020-03
7401,2022-02,2022-02
7265,2020-01,2022-08
5252,2020-06,2022-04
1326,2021-04,2021-04
6841,2020-02,2020-02
2939,2020-05,2020-05
3327,2022-12,2022-12
2891,2023-03,2023-05
3378,2021-09,2025-01
8869,2022-11,2024-03
4237,2021-06,2021-06
9563,2021-06,2021-06
5621,2020-11,2025-04
2843,2021-02,2021-02
3243,2021-04,2021-04
9247,2020-04,2020-06
1167,2020-01,2020-01
7964,2023-11,2023-11
1253,2024-01,2024-05
1767,2020-04,2020-04
2167,2020-12,2025-03
6975,2020-01,2020-01
7359,2022-04,2022-04
5015,2021-05,2021-05
6406,2021-02,2025-02
2486,2021-11,2021-11
1279,2022-08,2022-08
9170,2020-09,2020-09
9037,2020-05,2020-05
7954,2021-08,2021-11
6243,2021-01,2023-12
6520,2021-03,2021-03
3241,2020-12,2020-12
8357,2021-02,2025-02
2613,2021-02,2021-02
7096,2021-08,2023-06
9301,2020-07,2023-08
5253,2020-06,2023-09
1747,2023-09,2023-09
8567,2020-05,2022-08
7280,2020-02,2024-10
5795,2020-11,2022-07
7058,2021-04,2025-04
8578,2020-08,2022-01
6867,2020-07,2024-04
1447,2021-12,2023-09
9192,2020-12,2021-11
7295,2022-11,2025-02
8875,2023-03,2023-03
4766,2022-06,2023-10
2002,2021-10,2024-11
6210,2021-03,2021-03
9684,2020-01,2021-01
8246,2020-11,2023-12
5943,2021-09,2021-09
8520,2020-06,2020-06
1816,2022-02,2022-02
6444,2022-03,2022-03
9652,2020-11,2021-11
8387,2022-09,2024-05
5919,2021-07,2024-05
7825,2022-08,2022-10
1168,2020-11,2021-05
4389,2020-02,2020-02
4383,2025-03,2025-03
9986,2022-06,2025-04
8796,2020-10,2022-01
6867,2020-07,2022-03
9667,2021-06,2024-09
8785,2020-10,2021-03
1494,2022-08,2023-08
9574,2021-02,2021-02
4829,2021-12,2021-12
6482,2020-06,2024-02
5255,2020-10,2020-10
9598,2020-04,2020-08
3372,2022-07,2023-02
7850,2021-12,2023-09
8362,2020-12,2022-02
1144,2021-08,2024-01
6270,2020-10,2020-10
8760,2020-04,2024-04
9188,2021-07,2021-07
5172,2023-02,2023-02
1452,2020-07,2020-07
5254,2020-04,2020-04
8812,2020-06,2020-06
3133,2020-10,2020-10
3953,2020-08,2024-07
3874,2024-03,2024-03
8899,2021-01,2021-11
8615,2023-10,2023-10
9029,2023-02,2023-02
9057,2021-07,2021-11
1937,2024-12,2024-12
9899,2020-09,2020-09
5394,2020-03,2020-07
4812,2021-04,2023-10
2696,2020-02,2025-01
1128,2024-03,2024-03
4066,2020-10,2023-02
7770,2020-11,2020-11
1227,2021-05,2021-09
4020,2022-08,2023-05
9117,2020-08,2023-12
7919,2020-06,2021-12
8382,2023-02,2023-02
4539,2020-05,2022-07
7554,2021-08,2021-08
1644,2020-05,2020-05
1176,2021-04,2024-07
4248,2020-07,2024-03
8517,2022-04,2022-09
7172,2021-09,2021-09
8218,2020-08,2020-08
8267,2020-06,2020-06
1087,2020-03,2020-03
1532,2020-03,2021-04
5261,2020-12,2022-01
6325,2021-05,2024-07
4587,2020-05,2020-05
3084,2021-06,2025-01
9081,2022-10,2022-10
3622,2022-03,2022-03
7350,2020-07,2020-12
1782,2020-05,2020-05
8032,2020-04,2024-07
7877,2022-08,2022-08
6425,2023-02,2023-06
3723,2021-03,2021-03
6831,2024-10,2024-10
9015,2020-12,2023-11
7121,2022-06,2022-06
1009,2021-09,2021-09
8124,2024-09,2024-09
7859,2022-07,2023-04
7763,2021-10,2022-07
3779,2020-11,2023-01
2692,2022-12,2022-12
1761,2020-09,2020-09
7085,2020-05,2024-11
4902,2023-02,2025-03
5244,2020-11,2020-11
4689,2023-10,2023-10
6709,2023-10,2023-10
4379,2020-01,2023-04
5008,2020-12,2020-12
3522,2021-12,2021-12
6429,2021-01,2024-11
2859,2020-08,2020-08
4706,2020-02,2020-02
6383,2021-01,2022-11
1547,2021-12,2021-12
9262,2024-10,2024-10
5666,2022-07,2022-07
4172,2020-01,2022-07
4157,2020-05,2022-06
5035,2021-12,2021-12
7991,2022-02,2022-02
1436,2020-07,2022-01
9820,2022-12,2023-05
3006,2021-04,2021-04
5427,2021-10,2023-05
1942,2020-10,2020-10
7435,2023-11,2023-11
3193,2020-03,2025-04
3337,2024-08,2024-08
7577,2020-01,2025-01
8533,2020-04,2020-04
5552,2020-10,2023-02
7290,2021-07,2022-04
2522,2021-06,2022-09
6601,2024-09,2024-09
3169,2022-07,2022-07
2245,2020-06,2025-03
8890,2020-11,2023-05
7566,2021-03,2021-04
5490,2020-10,2021-05
9334,2020-08,2022-09
5126,2022-10,2024-10
1416,2020-03,2021-09
2973,2022-03,2024-03
1433,2021-01,2021-01
3594,2021-01,2023-08
5400,2021-03,2021-11
5431,2022-06,2024-08
2734,2020-01,2020-01
4772,2020-05,2020-05
1162,2021-04,2021-04
4438,2022-02,2025-02
2644,2023-06,2024-09
5907,2025-01,2025-02
9477,2020-10,2020-10
8552,2022-04,2022-04
8637,2021-07,2021-07
7133,2023-07,2023-07
3151,2022-07,2022-11
9220,2021-07,2022-05
5167,2022-09,2022-09
6264,2024-11,2024-11
2793,2024-01,2024-01
1121,2022-07,2022-07
8915,2024-03,2024-03
9072,2020-12,2021-07
4248,2020-07,2020-07
3787,2020-04,2022-02
8045,2020-11,2021-05
1936,2022-04,2022-04
9894,2020-01,2020-01
5504,2024-01,2024-10
6464,2020-12,2024-07
9639,2020-09,2020-09
9871,2021-04,2021-04
8163,2022-07,2023-08
3211,2022-05,2022-05
1294,2023-02,2023-11
7519,2021-03,2021-03
3757,2020-02,2023-08
6224,2022-11,2024-02
7419,2022-07,2024-10
3828,2021-07,2025-01
1141,2021-08,2024-02
4004,2020-01,2020-01
7647,2021-04,2021-04
8327,2021-11,2024-04
4091,2021-05,2021-05
3953,2020-08,2022-08
3777,2023-05,2023-05
5481,2021-03,2021-03
3867,2021-11,2021-11
7840,2024-01,2024-01
8264,2020-10,2020-10
7529,2021-03,2021-03
1862,2020-03,2022-11
8050,2020-07,2020-07
8818,2021-06,2021-06
1644,2020-05,2021-02
2226,2021-02,2022-09
4598,2020-02,2020-02
9826,2023-07,2024-08
3626,2021-07,2021-07
2534,2022-07,2022-07
4640,2021-11,2022-05
1766,2023-01,2024-08
9665,2020-10,2020-10
1610,2022-02,2022-02
7557,2020-05,2020-05
7848,2023-01,2023-11
8766,2024-08,2025-03
7404,2020-10,2020-10
9613,2021-02,2021-02
1169,2023-06,2023-06
4739,2020-06,2020-06
5446,2023-01,2023-01
7973,2020-03,2020-12
2823,2021-04,2021-04
7723,2021-10,2024-09
5243,2020-02,2020-10
8131,2025-03,2025-03
2624,2021-02,2021-02
5713,2020-01,2021-01
4221,2021-03,2021-03
8698,2021-09,2023-04
9574,2021-02,2021-08
1518,2023-05,2023-05
4414,2021-06,2022-07
5789,2021-10,2022-04
5545,2020-12,2023-05
8755,2022-01,2022-02
2639,2021-07,2021-11
1323,2023-06,2023-06
4093,2024-05,2024-05
3994,2020-07,2020-07
5702,2021-06,2025-03
6040,2021-07,2023-07
2274,2021-06,2022-01
4588,2022-04,2024-04
6492,2024-11,2024-11
7368,2022-02,2022-02
1176,2021-04,2021-04
9782,2020-01,2020-01
7201,2021-11,2024-10
7848,2023-01,2023-08
5601,2024-06,2024-06
4241,2023-06,2023-12
5361,2021-03,2024-12
1052,2024-07,2024-07
9206,2020-11,2024-08
6127,2024-09,2024-09
3857,2020-10,2020-10
5563,2021-05,2021-05
1262,2020-12,2023-10
4610,2020-08,2020-08
5290,2020-11,2020-11
5992,2021-04,2024-01
7726,2021-06,2023-06
4639,2020-04,2025-01
5291,2021-09,2021-09
1839,2020-08,2022-10
2349,2020-01,2024-02
6757,2020-02,2020-02
7784,2020-06,2020-06
7352,2024-03,2025-01
2100,2020-02,2020-02
2427,2020-01,2020-01
1549,2021-03,2021-03
8418,2023-01,2023-06
3735,2021-01,2021-03
1181,2020-04,2020-04
6480,2020-02,2022-07
7308,2021-07,2024-10
6952,2022-01,2023-11
1545,2024-09,2024-09
4733,2020-08,2022-05
5374,2022-03,2024-10
9342,2020-05,2021-07
7493,2021-01,2023-10
4456,2023-11,2023-11
8716,2020-06,2024-06
9978,2022-07,2024-11
4004,2020-01,2023-05
5607,2022-05,2022-05
1264,2022-07,2024-11
9324,2020-04,2024-06
6391,2021-07,2021-07
1764,2023-11,2024-08
7794,2023-01,2023-01
3771,2022-07,2022-07
9252,2021-04,2021-12
1394,2020-12,2022-06
6286,2021-06,2021-11
5959,2021-11,2021-11
2932,2022-12,2023-03
5298,2024-06,2024-06
7923,2020-08,2021-04
9930,2025-04,2025-04
8254,2020-05,2020-05
4374,2022-04,2022-04
2142,2020-02,2025-04
1242,2023-05,2023-05
3905,2020-11,2020-12
2312,2020-08,2024-03
9790,2020-05,2023-02
2966,2022-08,2024-08
6289,2022-10,2022-10
4823,2022-07,2022-07
1099,2021-01,2021-01
5299,2020-04,2020-08
5783,2021-04,2021-09
9774,2022-03,2022-03
4840,2020-02,2020-02
4889,2023-02,2023-02
1315,2022-02,2022-02
7857,2022-02,2022-02
3943,2022-08,2022-08
9824,2020-03,2020-12
7027,2022-02,2024-03
9691,2020-10,2020-10
4801,2020-02,2020-02
5553,2021-01,2024-09
1889,2020-03,2020-03
2234,2021-08,2021-08
2829,2022-12,2022-12
1091,2021-04,2024-10
5441,2022-03,2024-03
2866,2020-03,2020-06
9645,2021-02,2021-02
2686,2021-08,2023-03
3325,2020-07,2021-11
9372,2021-12,2021-12
4272,2022-04,2023-11
2874,2022-03,2022-09
3557,2021-10,2022-02
1696,2021-05,2021-05
4335,2020-03,2022-12
9837,2021-11,2024-09
2074,2021-06,2024-03
3461,2020-01,2025-04
7793,2020-08,2020-08
5849,2022-04,2022-11
6345,2021-07,2021-07
1315,2022-02,2024-02
9317,2020-06,2024-01
4012,2024-09,2024-09
5515,2023-06,2023-06
9844,2020-07,2020-07
2840,2020-01,2020-01
2805,2020-09,2022-02
7654,2020-07,2023-06
1542,2020-06,2025-03
4933,2021-06,2024-01
1930,2024-06,2024-06
7902,2023-08,2023-08
5597,2021-01,2021-01
7250,2020-05,2020-05
5146,2022-05,2024-01
8938,2021-01,2022-09
3926,2024-01,2024-05
5837,2020-10,2021-04
3336,2021-11,2022-03
7126,2020-07,2022-10
1304,2020-12,2020-12
4650,2020-10,2022-04
1146,2025-02,2025-02
8394,2021-11,2021-11
1963,2021-03,2024-10
8354,2020-04,2020-04
4969,2020-04,2020-04
6051,2023-10,2023-10
4642,2022-12,2022-12
5191,2022-10,2022-10
9729,2020-11,2020-11
5561,2022-08,2023-02
7555,2024-05,2024-05
9356,2023-02,2023-02
6771,2020-12,2021-11
8401,2020-08,2020-08
9483,2023-05,2023-05
7554,2021-08,2023-07
3083,2020-05,2020-05
7244,2022-10,2023-11
9666,2020-08,2021-01
2207,2020-07,2020-07
6085,2020-04,2020-04
3853,2022-06,2022-06
5203,2021-01,2023-07
7339,2020-05,2020-05
3110,2020-10,2020-10
7523,2020-03,2024-08
7687,2020-07,2024-04
7176,2021-01,2021-01
3528,2022-04,2022-04
9981,2022-03,2022-03
8822,2021-01,2021-01
9433,2020-12,2023-07
8388,2023-10,2023-10
8107,2020-03,2025-04
5047,2021-05,2022-06
1800,2020-10,2023-02
5047,2021-05,2024-08
9648,2020-09,2023-10
2386,2020-06,2020-06
7593,2020-01,2021-10
2089,2020-12,2021-05
8641,2022-12,2022-12
2103,2021-03,2021-03
4716,2020-10,2024-01
2158,2022-01,2022-02
1273,2021-09,2022-10
9121,2024-03,2024-03
9905,2021-02,2021-02
9849,2020-09,2021-05
7287,2022-11,2022-11
3218,2022-09,2022-09
6398,2020-05,2022-05
3479,2020-06,2020-06
4826,2022-06,2022-06
1507,2021-03,2021-03
7989,2020-07,2025-01
5276,2020-11,2020-11
7564,2022-02,2024-10
9932,2021-01,2021-04
7062,2021-04,2021-08
1070,2021-06,2025-03
6971,2020-06,2021-01
8349,2020-09,2020-09
2646,2022-03,2022-03
6459,2021-05,2021-05
5757,2020-05,2020-05
6072,2021-06,2022-05
9040,2023-03,2023-03
3676,2022-02,2024-08
4181,2024-07,2024-07
6173,2020-04,2020-04
1208,2020-05,2020-05
9124,2021-06,2021-06
2200,2022-07,2022-07
2017,2020-09,2020-09
3938,2022-12,2022-12
6464,2020-12,2020-12
2162,2021-06,2021-07
8934,2023-01,2023-01
1660,2022-09,2022-09
4012,2024-09,2024-09
5506,2020-05,2021-09
1001,2020-06,2022-02
8065,2020-10,2022-06
9757,2020-04,2023-12
4694,2021-03,2021-03
1084,2022-03,2022-03
7775,2020-02,2020-02
2168,2021-03,2022-06
1558,2022-07,2022-07
6853,2020-01,2023-05
4914,2024-06,2024-06
9818,2020-08,2020-11
5390,2020-05,2020-05
5190,2020-03,2020-03
6800,2020-04,2024-10
6674,2020-11,2021-08
2563,2022-05,2022-05
5269,2021-12,2021-12
7429,2024-08,2024-08
2916,2020-02,2020-02
9059,2020-03,2022-07
1828,2020-04,2022-12
5027,2020-02,2020-02
6103,2023-05,2024-05
2920,2023-04,2023-04
5073,2020-07,2020-07
9944,2020-08,2025-04
9841,2020-05,2020-05
7268,2021-10,2021-10
1653,2020-12,2021-03
9912,2022-07,2023-07
5566,2022-07,2024-09
1344,2024-01,2024-01
9855,2023-01,2023-01
6270,2020-10,2022-01
6536,2020-07,2020-07
5628,2022-03,2022-03
4385,2021-05,2023-07
4878,2020-09,2023-03
3165,2020-07,2023-08
8674,2020-09,2020-09
9243,2020-01,2023-05
8077,2021-02,2024-03
8912,2022-06,2024-04
3755,2020-01,2020-01
2924,2021-07,2024-05
2518,2022-08,2022-08
5622,2023-02,2023-02
2505,2022-12,2024-07
7386,2025-01,2025-01
6493,2021-02,2021-02
6546,2023-03,2023-03
3670,2020-08,2020-08
4055,2022-06,2022-07
7607,2020-05,2021-03
3603,2021-06,2023-10
4700,2020-06,2024-10
1114,2020-06,2024-05
6953,2024-01,2024-01
8868,2024-12,2024-12
9713,2020-06,2021-04
3254,2022-03,2022-03
2309,2021-01,2023-09
5739,2020-11,2020-11
6553,2020-08,2020-08
5461,2023-06,2024-02
7348,2020-08,2020-08
7675,2021-01,2021-01
7159,2021-06,2022-03
4802,2020-05,2020-05
7297,2022-05,2025-02
5934,2020-01,2020-01
8965,2021-04,2021-04
1097,2021-06,2023-10
9469,2021-12,2021-12
1849,2020-02,2023-01
7491,2022-01,2023-05
1137,2021-12,2025-04
9698,2020-03,2020-03
8027,2021-02,2021-02
9929,2023-01,2024-08
4544,2021-04,2021-04
2937,2023-05,2024-06
4887,2022-10,2022-10
6977,2024-03,2024-03
5297,2021-02,2021-02
4277,2024-11,2024-11
7078,2022-08,2024-03
7007,2020-03,2023-10
4058,2022-09,2024-05
1811,2020-08,2021-07
8051,2021-09,2024-10
6715,2021-03,2025-02
5837,2020-10,2020-10
5478,2021-12,2021-12
3245,2021-12,2021-12
5612,2020-01,2020-01
4688,2020-05,2023-07
1266,2022-03,2025-04
9978,2022-07,2025-01
6740,2023-04,2023-04
5636,2021-11,2021-11
7654,2020-07,2020-07
7078,2022-08,2024-01
9110,2022-11,2024-10
7674,2020-12,2025-01
7691,2021-05,2024-03
3286,2020-05,2020-05
1499,2021-12,2021-12
8354,2020-04,2020-07
7907,2023-05,2023-05
1262,2020-12,2020-12
2030,2023-02,2023-02
1445,2022-04,2022-04
1071,2023-06,2023-06
2477,2022-03,2024-03
6177,2020-07,2022-10
9627,2022-05,2022-05
7118,2020-06,2022-11
5951,2021-05,2023-01
6347,2020-07,2020-07
5347,2024-10,2024-10
5328,2020-11,2020-11
4502,2020-08,2020-08
8660,2021-06,2021-06
8540,2020-01,2023-12
2309,2021-01,2021-09
9708,2021-04,2021-11
5920,2020-02,2023-02
4519,2020-06,2020-10
3016,2022-08,2022-11
6280,2021-06,2021-06
5322,2020-03,2020-03
8536,2020-01,2020-12
7131,2020-08,2021-08
4043,2022-02,2024-04
8835,2020-08,2025-02
2453,2022-05,2022-05
1097,2021-06,2021-06
4041,2023-11,2024-01
6896,2021-03,2021-03
4555,2020-02,2021-10
8848,2021-10,2021-10
3183,2024-07,2024-07
5736,2022-01,2022-03
3185,2020-06,2020-06
7468,2020-11,2020-11
7161,2020-05,2022-11
4061,2022-08,2022-08
8756,2020-07,2020-07
3612,2020-06,2020-06
6540,2021-04,2023-06
3239,2022-02,2023-03
1355,2020-04,2023-09
1002,2020-04,2020-04
4094,2021-11,2023-04
9458,2020-07,2022-10
4480,2022-07,2022-07
2156,2020-06,2023-01
3446,2021-06,2024-03
8917,2021-02,2025-03
2377,2023-11,2023-11
6604,2020-10,2023-05
1943,2021-06,2021-06
6301,2020-05,2023-10
2137,2021-08,2023-01
3036,2021-04,2021-04
7444,2020-01,2024-07
4497,2020-10,2020-10
8086,2022-10,2023-03
3466,2020-05,2020-05
8362,2020-12,2024-01
4338,2025-02,2025-02
9294,2020-08,2020-08
7527,2020-04,2020-04
8833,2021-02,2021-02
1056,2021-08,2021-08
1857,2021-11,2021-11
6489,2021-09,2021-09
9248,2020-11,2020-11
5713,2020-01,2023-01
8748,2021-08,2022-08
1878,2023-04,2025-01
5427,2021-10,2021-10
8116,2020-09,2022-04
9295,2022-11,2022-11
7885,2020-05,2023-04
1039,2022-09,2022-09
3619,2020-10,2024-05
5015,2021-05,2021-09
9328,2020-11,2024-04
7611,2021-01,2021-12
7744,2022-09,2022-09
8337,2020-10,2023-08
8957,2021-04,2021-04
2711,2020-01,2024-03
8936,2023-01,2023-01
5551,2020-03,2025-02
2267,2020-05,2022-11
9291,2023-10,2024-03
6160,2020-05,2020-05
5621,2020-11,2023-06
4400,2020-06,2020-06
8151,2021-09,2023-10
3159,2020-05,2022-11
5214,2020-08,2020-08
3142,2023-03,2023-03
9979,2020-04,2022-07
2222,2020-08,2020-12
6399,2022-02,2022-02
6561,2021-12,2021-12
1066,2020-12,2024-08
8379,2024-07,2024-07
3676,2022-02,2022-02
9700,2020-09,2020-09
9154,2020-09,2021-12
3647,2021-06,2021-06
8554,2020-10,2020-10
9055,2020-08,2022-07
9211,2022-11,2024-06
4359,2020-02,2024-11
9946,2022-04,2025-04
6403,2023-02,2023-05
2104,2022-02,2022-02
7298,2020-06,2021-11
4275,2023-03,2025-04
7063,2023-03,2023-03
9789,2022-09,2022-09
7412,2024-04,2025-03
6317,2020-06,2023-10
8271,2020-04,2025-03
7337,2021-07,2022-08
9873,2023-12,2024-01
8287,2020-08,2020-08
2955,2023-08,2023-08
1972,2021-06,2021-06
7835,2020-10,2020-12
3169,2022-07,2024-08
6286,2021-06,2023-03
8366,2021-11,2021-12
5551,2020-03,2020-03
9564,2020-09,2021-03
6370,2021-12,2021-12
9086,2022-11,2022-11
5174,2021-01,2024-06
1093,2020-12,2020-12
9581,2023-01,2024-01
7798,2020-08,2020-12
5770,2020-07,2020-07
2168,2021-03,2023-07
5183,2022-07,2022-07
3869,2020-02,2020-02
5260,2023-02,2023-02
8738,2022-11,2023-02
3354,2020-02,2023-08
4302,2021-08,2021-08
7976,2021-09,2021-09
6214,2020-11,2024-10
2040,2022-04,2025-02
7688,2020-12,2021-06
5887,2021-05,2021-05
3521,2020-01,2024-07
7737,2020-12,2020-12
6452,2020-10,2021-10
9760,2024-08,2024-08
5554,2020-05,2024-03
5409,2021-05,2021-05
8098,2020-11,2020-11
8792,2020-08,2020-08
8978,2020-01,2023-01
6515,2022-08,2022-08
5402,2021-08,2025-04
7377,2022-03,2023-02
1215,2021-06,2021-06
8602,2020-10,2024-02
9063,2020-05,2020-05
1232,2021-05,2021-05
4649,2020-12,2024-08
1308,2022-03,2022-03
9986,2022-06,2024-03
8081,2021-12,2022-07
5111,2021-01,2021-01
1725,2024-01,2024-09
6796,2021-12,2024-11
3292,2020-08,2021-05
1287,2020-12,2024-01
3516,2020-09,2021-05
8209,2022-01,2022-01
5680,2020-06,2020-06
6940,2021-01,2022-11
6058,2020-06,2020-06
5379,2020-08,2021-10
9563,2021-06,2023-07
1060,2021-09,2025-03
3115,2020-03,2023-06
9519,2023-02,2023-02
9426,2021-06,2021-06
2737,2021-07,2023-10
5009,2021-07,2021-07
3757,2020-02,2020-02
1510,2021-03,2024-09
9988,2020-04,2020-11
5586,2020-01,2020-01
8873,2022-01,2024-09
4437,2021-01,2021-01
4153,2020-02,2022-04
7600,2021-08,2022-05
4500,2022-05,2022-05
2416,2022-03,2022-03
2479,2022-04,2022-04
3450,2020-04,2020-04
7250,2020-05,2022-03
6118,2022-01,2024-04
1383,2020-02,2020-02
4859,2020-01,2020-01
3366,2022-07,2022-07
2950,2023-11,2023-11
1441,2023-12,2023-12
4735,2021-09,2024-04
1927,2020-05,2021-09
6183,2023-05,2023-07
9882,2020-10,2023-02
1911,2021-08,2021-08
5596,2022-01,2024-06
6291,2021-05,2024-04
8293,2020-04,2024-03
6142,2020-10,2020-10
2268,2021-01,2021-01
9860,2021-09,2021-09
8412,2020-11,2023-07
9424,2020-10,2023-05
2061,2020-03,2024-04
1951,2024-09,2024-09
7055,2023-10,2023-10
7399,2020-09,2020-09
4442,2020-04,2020-04
9384,2021-02,2021-02
9603,2021-03,2021-03
1276,2020-12,2024-01
2298,2021-09,2023-06
7539,2024-07,2024-07
2876,2020-04,2020-12
1456,2020-09,2024-03
2445,2020-02,2024-01
2634,2022-12,2023-09
9847,2020-06,2023-03
2610,2022-02,2024-06
1435,2022-09,2022-09
1115,2021-04,2021-04
1600,2021-08,2022-08
8449,2021-11,2021-11
8881,2022-11,2022-11
3358,2023-12,2023-12
4784,2023-06,2023-06
9378,2020-10,2021-12
5977,2023-08,2023-08
1757,2021-02,2024-08
1724,2020-12,2020-12
8540,2020-01,2023-01
9496,2020-05,2024-07
4129,2020-04,2020-10
8308,2020-06,2022-11
8245,2023-10,2023-10
3798,2022-10,2022-10
4572,2020-01,2021-12
6574,2022-06,2024-12
6214,2020-11,2024-02
6856,2020-09,2022-01
9598,2020-04,2020-04
4647,2021-07,2025-01
5590,2022-04,2022-05
7023,2020-01,2020-01
4428,2022-04,2022-04
6101,2020-12,2020-12
1842,2020-04,2020-04
2677,2022-08,2022-08
6287,2022-02,2022-08
7563,2020-05,2021-06
2865,2020-09,2022-11
9746,2021-11,2021-11
1613,2023-06,2023-08
8378,2020-12,2021-06
1875,2022-03,2023-11
4803,2024-12,2024-12
5374,2022-03,2022-03
5782,2020-06,2023-10
5807,2021-11,2022-04
7934,2020-09,2020-09
5885,2021-03,2024-08
8077,2021-02,2021-02
6231,2020-04,2024-07
9290,2020-12,2021-11
6817,2021-06,2021-06
6997,2020-01,2023-12
3413,2021-10,2021-11
2711,2020-01,2024-06
4414,2021-06,2025-02
2453,2022-05,2024-12
5985,2020-01,2023-02
4713,2024-02,2024-02
7158,2023-12,2024-05
7108,2021-10,2021-10
5166,2021-05,2021-05
8091,2021-02,2021-02
8644,2021-04,2021-04
5778,2021-10,2021-10
5171,2024-06,2024-06
3004,2023-02,2024-10
6844,2021-11,2021-11
2348,2020-09,2020-09
5386,2021-07,2023-09
2882,2020-02,2024-12
1048,2023-05,2023-05
3712,2020-10,2021-09
2540,2021-05,2021-05
2176,2020-04,2021-05
2620,2020-10,2020-10
5480,2020-03,2025-04
1959,2021-10,2022-05
4332,2025-04,2025-04
5715,2020-08,2020-08
3054,2020-07,2023-09
4954,2021-04,2021-08
3483,2024-02,2024-02
6699,2024-09,2024-09
1484,2020-06,2025-02
7299,2020-04,2022-06
2909,2021-06,2022-10
7809,2021-03,2021-03
3017,2022-08,2024-04
7807,2021-03,2022-07
1024,2020-04,2024-03
7457,2020-08,2020-08
3849,2022-11,2024-11
3202,2020-08,2020-08
3189,2020-12,2020-12
5401,2020-08,2020-08
1649,2022-05,2022-05
8171,2021-09,2021-09
4616,2024-03,2024-03
6866,2020-12,2024-12
2536,2022-06,2022-06
2182,2021-07,2021-11
5987,2021-05,2022-07
2970,2020-08,2024-06
3690,2020-09,2020-09
2026,2021-02,2021-02
6906,2023-06,2023-06
3295,2023-03,2024-04
1860,2021-06,2024-10
5035,2021-12,2024-01
7219,2023-08,2023-08
6844,2021-11,2025-03
7248,2023-08,2023-08
6486,2020-04,2020-07
3993,2020-11,2021-04
7154,2022-04,2024-04
2518,2022-08,2024-03
1431,2020-09,2020-09
6298,2020-02,2020-02
6480,2020-02,2023-01
4412,2023-02,2023-08
5727,2021-09,2021-09
7542,2022-06,2023-05
9739,2020-05,2021-08
1013,2022-02,2022-02
4824,2020-05,2020-05
5521,2021-01,2025-01
2371,2021-05,2021-05
5790,2022-01,2022-01
3438,2024-05,2024-10
5271,2021-04,2024-08
8503,2020-03,2020-03
6190,2022-08,2022-08
1132,2020-04,2020-04
6279,2020-09,2022-01
9119,2020-02,2024-07
2552,2022-03,2022-03
9656,2023-04,2023-11
1845,2022-03,2024-01
9780,2022-01,2024-04
2405,2023-07,2023-07
2381,2021-09,2022-04
5098,2021-03,2021-03
9763,2020-03,2020-03
2702,2020-06,2020-06
8960,2021-04,2024-05
9991,2022-08,2025-02
7641,2023-01,2023-01
7934,2020-09,2023-02
8440,2020-11,2020-11
9977,2022-09,2022-09
3339,2023-01,2023-01
4242,2023-01,2024-05
2181,2021-12,2021-12
3936,2021-06,2023-07
1200,2020-12,2024-09
4025,2020-02,2022-04
9228,2020-10,2024-01
6490,2020-03,2024-11
6348,2020-10,2020-10
3755,2020-01,2024-10
2570,2022-01,2022-04
1447,2021-12,2021-12
1600,2021-08,2021-11
5195,2022-10,2022-10
3321,2023-08,2024-05
7953,2020-10,2020-10
9508,2023-10,2024-10
3238,2022-03,2024-05
6234,2021-01,2023-12
3137,2023-10,2023-10
1773,2022-05,2024-05
1451,2021-03,2024-04
1759,2022-08,2022-08
4403,2021-09,2024-08
4425,2020-06,2024-06
4152,2023-05,2023-05
6957,2020-02,2020-02
2912,2020-07,2020-07
4985,2021-02,2023-11
6497,2023-02,2023-02
5641,2021-04,2023-10
5985,2020-01,2020-10
5889,2021-08,2023-03
8253,2020-10,2022-03
3838,2021-12,2021-12
8045,2020-11,2020-11
3848,2023-01,2023-01
6842,2023-11,2023-11
8758,2021-02,2022-08
5533,2021-08,2023-11
6906,2023-06,2024-06
4801,2020-02,2020-09
6482,2020-06,2021-07
7623,2024-11,2024-11
2086,2020-03,2021-04
3583,2020-05,2023-03
9370,2020-12,2020-12
7823,2023-09,2023-09
8745,2023-02,2023-02
4590,2021-08,2022-10
7076,2021-08,2023-10
5436,2024-05,2024-05
8115,2022-08,2022-08
4822,2020-07,2024-02
7680,2020-03,2022-12
6555,2022-08,2022-09
5745,2020-02,2020-02
7361,2021-02,2023-01
3469,2021-05,2021-05
8779,2022-11,2024-12
8498,2020-03,2020-03
7854,2024-05,2024-05
9962,2023-08,2023-08
5447,2023-07,2023-07
5695,2020-11,2025-03
9195,2021-02,2021-02
1428,2021-01,2023-01
7443,2020-09,2020-09
5850,2023-08,2023-08
4872,2020-12,2024-03
2264,2023-03,2023-12
4679,2023-04,2023-04
2364,2021-07,2023-12
4223,2022-05,2022-05
1478,2023-09,2024-05
4411,2020-01,2024-06
1965,2022-01,2025-04
1066,2020-12,2023-01
9786,2020-02,2023-11
1312,2023-11,2023-11
7334,2020-11,2020-11
4407,2021-01,2022-07
5677,2020-10,2020-10
5879,2022-04,2024-03
7502,2020-07,2020-07
5554,2020-05,2022-07
3694,2022-08,2022-08
5858,2023-12,2023-12
4360,2022-01,2022-01
2783,2021-03,2021-03
5924,2020-04,2020-04
5296,2022-09,2022-12
2309,2021-01,2021-01
3974,2024-03,2024-03
7279,2021-05,2021-12
8539,2025-03,2025-03
8397,2020-07,2021-01
7745,2022-05,2022-05
4673,2020-09,2024-03
2817,2022-08,2022-08
2760,2021-07,2023-08
1451,2021-03,2022-12
5045,2020-03,2023-12
1555,2020-03,2023-07
4189,2022-03,2022-03
5454,2021-05,2021-11
7869,2020-06,2024-05
4360,2022-01,2022-11
9740,2020-05,2022-02
1746,2020-01,2022-10
5346,2022-12,2022-12
2165,2022-02,2024-11
4547,2021-02,2021-02
9919,2022-01,2022-04
1170,2020-08,2023-11
2360,2022-05,2022-05
6104,2024-05,2024-05
1633,2020-11,2023-04
7835,2020-10,2020-10
7622,2021-09,2023-11
2185,2024-10,2024-10
1648,2022-05,2022-05
2998,2023-04,2024-12
5224,2021-12,2021-12
6392,2022-05,2022-05
3554,2023-04,2023-04
6230,2022-11,2024-11
2005,2023-10,2023-10
2575,2021-03,2021-03
2633,2021-03,2021-06
7261,2021-07,2023-04
8873,2022-01,2024-07
2415,2022-08,2023-01
4330,2020-10,2020-10
2601,2020-12,2020-12
1265,2022-07,2022-07
8601,2020-05,2024-04
3647,2021-06,2021-11
2446,2020-11,2023-04
3171,2022-05,2025-01
5900,2024-04,2024-04
2230,2020-08,2021-07
4491,2024-10,2024-10
9357,2021-12,2022-01
5826,2020-06,2020-06
2175,2020-06,2020-06
1614,2020-11,2023-07
5942,2022-01,2022-01
7208,2020-07,2024-05
5690,2020-01,2022-12
3486,2022-08,2022-08
1784,2021-01,2021-01
2350,2021-06,2023-08
6431,2020-05,2024-02
8099,2023-10,2024-11
7365,2020-05,2023-06
5149,2022-07,2022-07
3739,2020-06,2020-06
9140,2024-01,2024-03
1033,2021-03,2021-03
5636,2021-11,2025-01
8643,2021-02,2025-04
5520,2020-09,2020-09
7978,2023-10,2025-02
9301,2020-07,2020-07
4619,2023-08,2023-12
7049,2021-04,2021-04
6582,2020-09,2023-09
7584,2021-09,2024-03
9271,2022-06,2022-06
4018,2020-05,2025-01
2415,2022-08,2022-08
7622,2021-09,2022-03
6924,2023-10,2025-02
5243,2020-02,2020-02
8805,2021-07,2024-10
2359,2020-12,2023-02
5496,2022-11,2024-12
1083,2020-05,2022-03
9343,2023-01,2023-01
3949,2021-05,2021-05
9387,2024-11,2024-11
1084,2022-03,2023-08
7747,2021-02,2021-02
1966,2022-06,2022-06
8960,2021-04,2025-01
1126,2023-03,2023-03
4148,2023-03,2023-06
2994,2024-07,2024-07
3643,2020-06,2024-01
3426,2022-03,2024-08
3539,2020-06,2023-11
5550,2022-07,2023-12
9618,2020-07,2021-07
5868,2022-09,2023-08
2511,2021-08,2022-05
5390,2020-05,2020-06
4738,2025-04,2025-04
2891,2023-03,2023-03
1486,2020-11,2024-02
4182,2025-03,2025-03
3385,2022-05,2024-11
9693,2020-09,2021-01
8154,2020-04,2020-04
6888,2023-09,2023-09
1670,2020-12,2020-12
9588,2023-07,2024-10
9854,2022-05,2022-05
1388,2020-02,2020-12
5713,2020-01,2020-01
6397,2021-11,2021-11
6454,2020-01,2022-05
9364,2021-03,2023-03
5303,2020-03,2020-03
7717,2022-01,2022-10
3111,2020-06,2023-05
2392,2020-04,2024-11
4658,2021-06,2021-06
6641,2021-05,2022-01
1408,2023-01,2025-01
8612,2023-04,2023-04
3390,2021-11,2022-01
8284,2020-07,2020-07
7594,2021-07,2023-05
6225,2020-01,2025-03
6294,2024-09,2024-09
7096,2021-08,2023-11
1341,2021-01,2021-01
4056,2021-05,2023-07
1010,2020-07,2020-07
8043,2021-03,2021-06
5883,2020-07,2022-08
9516,2020-06,2022-06
8031,2020-03,2020-03
1794,2020-08,2020-11
8531,2023-07,2023-07
5478,2021-12,2024-12
2359,2020-12,2025-02
8277,2020-11,2020-11
7852,2021-09,2021-09
5896,2020-08,2021-01
1959,2021-10,2022-06
1335,2024-02,2024-02
8846,2020-11,2023-08
3633,2023-11,2025-03
5845,2021-03,2022-03
9173,2024-09,2024-09
6293,2021-01,2023-02
9708,2021-04,2022-08
4938,2021-10,2023-08
3852,2023-12,2023-12
1078,2022-07,2022-07
2310,2020-08,2020-08
6043,2020-11,2020-11
6603,2021-11,2021-11
2769,2020-08,2020-08
6166,2021-01,2024-07
1471,2021-01,2024-11
7206,2021-08,2024-02
3695,2023-07,2024-11
4918,2023-09,2023-09
4631,2020-03,2020-03
6536,2020-07,2023-02
6879,2020-02,2020-02
2352,2021-08,2021-08
3282,2020-05,2024-12
1755,2021-06,2021-08
8128,2021-09,2024-01
2485,2021-11,2021-11
8952,2021-09,2021-09
3274,2023-10,2023-10
5948,2025-01,2025-01
9873,2023-12,2024-07
2953,2020-07,2025-04
3885,2020-11,2022-10
4439,2022-08,2022-08
7491,2022-01,2022-01
6815,2020-05,2020-05
2984,2021-04,2021-04
3570,2023-03,2023-03
9710,2021-03,2021-03
1124,2020-07,2020-07
7848,2023-01,2023-01
1798,2020-05,2020-05
4989,2021-03,2021-03
4697,2020-06,2021-09
2388,2022-10,2022-10
1952,2020-09,2020-09
6596,2021-03,2021-03
3395,2021-11,2025-02
7169,2020-08,2024-11
5600,2021-02,2021-02
9423,2022-07,2022-07
6064,2022-08,2022-08
3336,2021-11,2023-09
6638,2022-08,2024-02
3239,2022-02,2022-02
7308,2021-07,2024-01
8626,2024-05,2024-05
2236,2022-01,2022-01
5745,2020-02,2022-06
5015,2021-05,2025-04
2937,2023-05,2023-05
4208,2023-01,2023-01
2710,2020-01,2024-01
8395,2021-05,2021-05
7893,2023-12,2023-12
1957,2022-06,2025-01
8715,2020-06,2021-11
2096,2020-04,2024-01
3623,2022-07,2022-12
6261,2020-12,2024-08
7664,2024-01,2024-11
1980,2023-02,2024-06
2134,2021-05,2021-12
8839,2020-03,2020-03
8238,2023-08,2023-08
8828,2022-05,2022-05
6493,2021-02,2025-04
4250,2021-05,2023-01
9833,2023-01,2023-01
2173,2022-11,2022-11
9467,2020-02,2022-03
9398,2020-07,2020-07
9158,2021-09,2022-08
3494,2021-03,2023-07
1353,2021-01,2021-01
5011,2020-01,2024-05
5024,2023-01,2023-01
3433,2022-10,2022-10
2198,2021-01,2021-01
8165,2023-01,2023-01
9228,2020-10,2024-05
4419,2024-05,2024-05
9771,2025-04,2025-04
9042,2021-09,2024-10
9141,2020-03,2020-12
2172,2021-02,2024-08
4445,2020-02,2020-02
1675,2020-07,2023-07
1496,2021-07,2021-07
3681,2020-01,2020-10
5797,2020-12,2022-08
4609,2021-03,2024-02
2042,2024-10,2024-10
3999,2020-03,2020-03
6659,2024-08,2024-08
9011,2020-02,2020-02
7426,2020-04,2020-04
8688,2023-09,2023-09
9666,2020-08,2020-08
7977,2024-01,2024-01
5718,2020-05,2020-05
1355,2020-04,2020-04
3262,2021-02,2023-03
3123,2021-06,2023-06
6357,2021-06,2022-06
2799,2020-10,2020-10
1888,2020-08,2020-08
8328,2020-03,2024-11
9064,2020-06,2020-06
6235,2020-05,2020-05
8222,2025-03,2025-03
5217,2023-11,2023-11
3268,2021-03,2021-03
2806,2024-10,2024-10
7082,2020-03,2024-03
3414,2020-02,2021-11
9084,2020-10,2024-07
1102,2023-04,2024-06
9073,2024-08,2024-08
3243,2021-04,2024-10
5772,2021-06,2021-06
8519,2021-09,2021-09
9678,2024-10,2024-10
8418,2023-01,2023-01
4981,2021-08,2021-08
3556,2020-07,2020-07
5419,2023-08,2023-08
7466,2020-04,2023-01
8295,2021-03,2021-03
7668,2023-01,2023-10
3303,2020-11,2023-12
7985,2022-07,2023-09
2103,2021-03,2022-04
1443,2021-02,2021-02
9486,2020-01,2020-01
3072,2020-08,2021-03
9898,2021-01,2021-01
7928,2024-06,2024-06
7242,2020-02,2020-02
3726,2021-02,2024-09
9851,2024-09,2024-09
2405,2023-07,2025-02
1142,2021-03,2022-09
5148,2020-02,2025-04
8124,2024-09,2025-01
3180,2021-06,2021-06
7869,2020-06,2022-01
1851,2023-07,2023-07
3385,2022-05,2024-05
2533,2021-06,2021-07
7130,2022-06,2023-09
1014,2022-10,2022-10
5780,2021-07,2023-01
6652,2022-08,2023-01
1983,2021-10,2025-01
4551,2022-01,2025-03
9348,2021-06,2022-05
1585,2020-02,2020-02
2116,2020-05,2024-05
5455,2021-12,2021-12
7646,2020-05,2021-11
6569,2020-06,2021-08
6409,2020-08,2023-08
2688,2024-07,2024-07
4559,2021-04,2021-04
6238,2020-02,2020-02
4229,2022-04,2022-04
1196,2020-08,2021-12
9459,2022-03,2022-03
5617,2021-02,2023-12
8385,2020-05,2022-05
2494,2024-01,2024-09
1609,2021-10,2021-10
2682,2021-03,2022-05
9636,2020-01,2020-01
4345,2021-05,2024-09
8142,2021-07,2021-07
9453,2021-06,2023-05
9476,2020-09,2024-06
2395,2023-05,2024-06
7314,2021-06,2021-06
9541,2021-07,2021-07
3618,2020-01,2023-02
1682,2023-11,2023-11
6453,2022-05,2024-09
4397,2020-11,2021-02
6841,2020-02,2021-06
6697,2020-03,2020-03
3456,2023-06,2023-06
6975,2020-01,2024-03
9342,2020-05,2020-05
7355,2020-11,2020-11
2544,2021-04,2024-04
8896,2023-08,2023-08
2090,2020-06,2020-11
5385,2022-01,2022-01
9979,2020-04,2021-05
1070,2021-06,2024-09
1105,2020-02,2021-03
6586,2023-07,2023-07
3928,2020-04,2020-04
8045,2020-11,2022-06
4636,2020-09,2020-09
7078,2022-08,2022-08
2003,2021-02,2021-02
9484,2020-03,2020-03
7987,2020-03,2024-12
1072,2020-01,2023-09
4120,2020-06,2020-06
9768,2020-12,2020-12
3049,2022-02,2022-02
8482,2023-07,2023-07
3734,2023-09,2024-08
8686,2024-11,2024-11
2899,2021-08,2023-11
5792,2022-04,2022-04
8876,2023-04,2023-04
4250,2021-05,2021-05
2007,2020-04,2024-12
3399,2020-06,2020-06
5565,2022-04,2023-03
5755,2023-07,2023-07
1849,2020-02,2023-08
8920,2021-06,2023-03
8324,2021-12,2023-10
7999,2020-06,2024-01
8778,2021-07,2022-10
8118,2021-07,2024-07
7596,2023-04,2023-04
5849,2022-04,2022-04
7187,2021-01,2021-05
4191,2020-03,2020-03
1263,2020-03,2020-03
7007,2020-03,2020-03
3267,2020-09,2023-04
6972,2021-07,2021-10
4281,2020-06,2025-03
3083,2020-05,2024-06
2244,2020-02,2021-06
1217,2020-02,2020-02
5661,2020-02,2020-02
7903,2020-02,2020-02
6481,2021-08,2021-08
2872,2023-10,2023-10
1608,2021-09,2022-08
1718,2022-09,2022-09
3480,2021-05,2022-11
9256,2024-01,2024-01
6712,2021-06,2024-08
4423,2022-07,2024-01
6509,2020-06,2020-06
4330,2020-10,2025-03
9316,2023-09,2023-09
6868,2022-02,2023-08
4062,2021-01,2021-01
7601,2020-02,2020-02
5131,2020-12,2020-12
9279,2021-09,2021-09
7346,2021-04,2021-04
4933,2021-06,2021-06
4402,2021-04,2024-10
3272,2020-03,2020-03
7935,2025-02,2025-02
3326,2020-06,2022-11
6457,2021-10,2021-10
3727,2020-10,2020-10
3105,2020-11,2020-11
1563,2021-08,2021-08
3314,2022-01,2022-01
1813,2024-03,2024-05
7176,2021-01,2022-05
2409,2022-01,2023-12
6536,2020-07,2024-08
9118,2020-12,2020-12
4324,2021-05,2021-05
4246,2021-06,2021-06
7894,2024-03,2024-03
7248,2023-08,2023-10
1210,2023-04,2023-04
1931,2020-03,2020-03
1858,2021-05,2021-05
4846,2023-07,2023-07
9536,2020-06,2021-07
6074,2020-06,2023-05
1734,2021-07,2023-07
4778,2021-05,2021-05
2056,2024-05,2025-02
3944,2020-02,2022-07
4770,2021-08,2022-11
4614,2020-05,2021-11
7958,2021-12,2021-12
7453,2020-05,2020-05
1405,2023-05,2023-11
3299,2020-03,2020-03
8030,2022-05,2023-01
5965,2022-03,2022-03
5201,2023-12,2024-12
6693,2020-06,2023-06
2206,2020-07,2023-01
1595,2020-02,2023-09
9986,2022-06,2022-06
5006,2020-07,2021-11
8088,2021-07,2021-07
8337,2020-10,2021-02
3285,2020-08,2020-08
3044,2021-06,2021-06
7917,2023-05,2023-05
7687,2020-07,2020-07
1471,2021-01,2021-01
7644,2020-06,2021-08
8846,2020-11,2021-06
9340,2020-05,2020-05
3052,2023-11,2023-11
4551,2022-01,2022-01
8085,2022-04,2022-04
6857,2024-03,2024-04
7496,2022-05,2024-02
3645,2020-06,2020-06
3816,2021-01,2023-02
7965,2021-10,2022-04
9433,2020-12,2023-02
1183,2023-04,2024-01
4190,2020-03,2025-02
2402,2020-07,2024-10
3769,2022-02,2022-04
9810,2020-06,2020-06
8598,2020-02,2024-01
4962,2021-06,2021-06
9772,2020-02,2022-07
6593,2020-10,2024-06
8616,2023-02,2023-02
9126,2020-12,2021-11
9995,2022-01,2022-01
7051,2022-01,2022-01
1403,2021-10,2021-10
5766,2022-03,2023-07
2791,2021-04,2021-11
6401,2020-11,2023-08
4087,2022-02,2023-02
6775,2024-08,2024-08
2520,2021-12,2021-12
2315,2020-04,2020-04
9611,2021-12,2024-08
6915,2021-06,2023-08
4008,2022-07,2023-12
3964,2022-04,2022-04
9049,2022-02,2022-02
1815,2021-10,2021-10
1272,2020-09,2024-01
4214,2021-02,2023-03
3456,2023-06,2024-07
2045,2021-05,2024-05
1591,2021-11,2022-10
1376,2021-06,2021-06
6646,2021-02,2022-12
3655,2021-01,2021-11
7685,2020-02,2020-02
1256,2021-09,2022-11
1223,2023-06,2023-06
4204,2021-04,2021-04
5287,2021-06,2021-06
7938,2020-04,2021-02
8392,2021-03,2025-01
5723,2021-04,2021-09
6351,2020-01,2022-09
2507,2023-12,2025-01
5998,2024-11,2024-11
7020,2020-07,2020-07
9127,2021-05,2021-05
7232,2021-08,2021-08
4412,2023-02,2023-02
5147,2025-01,2025-01
5167,2022-09,2024-08
5598,2022-11,2022-11
9994,2020-12,2020-12
7862,2021-01,2022-05
4254,2020-04,2020-04
9301,2020-07,2022-09
4746,2020-03,2023-07
9962,2023-08,2024-08
3621,2020-12,2020-12
4536,2023-06,2023-06
5910,2023-01,2023-01
3527,2022-08,2024-11
8548,2020-10,2020-11
8716,2020-06,2024-11
5763,2023-05,2023-05
7693,2020-06,2024-10
4578,2021-07,2021-07
5125,2023-01,2023-06
8055,2022-08,2022-08
6524,2022-09,2022-09
6833,2020-07,2022-05
6006,2021-07,2022-12
6917,2023-06,2025-03
3865,2025-04,2025-04
8593,2023-05,2023-05
1837,2020-03,2020-03
3821,2022-06,2023-05
4213,2021-06,2021-08
8658,2020-12,2023-03
9028,2020-06,2024-03
6156,2021-12,2021-12
1078,2022-07,2023-08
2039,2023-08,2024-11
6753,2020-12,2020-12
3173,2022-12,2023-03
1079,2020-05,2020-05
1379,2021-06,2021-06
2543,2020-02,2020-02
4718,2024-01,2024-01
8602,2020-10,2020-10
4809,2021-03,2021-03
6416,2021-06,2023-05
2647,2020-12,2020-12
6776,2022-12,2024-08
3733,2023-06,2023-06
8548,2020-10,2021-07
8112,2024-05,2024-05
4001,2022-03,2023-10
2818,2020-06,2020-07
6955,2024-02,2024-02
4152,2023-05,2024-03
6735,2020-10,2022-03
2314,2022-02,2023-08
1671,2023-12,2023-12
2324,2020-12,2020-12
2536,2022-06,2024-11
5987,2021-05,2021-05
6122,2021-11,2021-11
8434,2021-12,2024-02
3223,2020-04,2022-10
2763,2021-06,2023-11
5054,2021-01,2021-01
2564,2020-02,2020-02
2423,2023-07,2023-07
7136,2021-01,2022-09
3732,2020-02,2024-10
2663,2023-02,2023-07
1470,2022-02,2022-03
2941,2020-01,2021-06
8242,2022-02,2023-07
1970,2021-01,2021-01
2373,2024-09,2024-09
4940,2020-02,2020-02
6505,2021-03,2022-11
9094,2022-07,2022-07
6498,2024-04,2024-04
9844,2020-07,2021-09
7861,2020-11,2020-11
2637,2021-10,2025-03
5594,2020-01,2020-01
9693,2020-09,2024-08
9226,2020-10,2020-10
5780,2021-07,2021-07
3379,2020-10,2020-10
7565,2023-01,2024-07
3371,2021-12,2024-07
4891,2022-07,2022-07
3171,2022-05,2024-11
8234,2022-01,2022-01
2047,2021-11,2023-11
5797,2020-12,2020-12
5673,2021-12,2024-07
2393,2020-10,2020-10
4327,2020-12,2020-12
8141,2021-04,2021-04
4686,2023-03,2023-08
1624,2024-05,2024-05
8926,2023-10,2023-10
2756,2022-08,2022-08
3409,2022-10,2024-10
8662,2023-05,2023-05
6566,2022-03,2022-03
4500,2022-05,2025-02
2827,2021-10,2023-08
2366,2023-07,2023-07
9248,2020-11,2022-09
3549,2020-02,2020-02
5033,2020-02,2021-09
6279,2020-09,2022-01
8544,2023-01,2023-01
2866,2020-03,2021-03
3243,2021-04,2023-01
8392,2021-03,2021-03
5784,2024-10,2024-12
2326,2024-06,2024-06
1925,2023-09,2023-09
1837,2020-03,2021-10
1096,2021-07,2021-07
7181,2021-08,2021-11
4998,2021-01,2021-08
1560,2020-11,2023-10
6073,2023-09,2023-09
3786,2023-02,2023-02
7549,2020-10,2024-04
1773,2022-05,2022-05
5459,2020-05,2022-07
4370,2020-08,2025-03
8524,2023-03,2023-07
2127,2020-10,2024-02
3395,2021-11,2022-09
9875,2020-01,2024-08
2237,2021-05,2021-10
3165,2020-07,2020-07
1794,2020-08,2023-10
2640,2020-02,2020-02
7148,2020-01,2020-01
6087,2020-03,2022-03
2614,2020-06,2020-06
9960,2025-02,2025-02
3847,2021-10,2025-03
4227,2020-09,2023-02
7336,2020-03,2024-11
7735,2021-04,2024-11
4892,2021-11,2024-04
2408,2022-11,2022-11
8846,2020-11,2022-08
7232,2021-08,2022-12
9360,2020-07,2020-08
8964,2020-12,2020-12
1756,2020-07,2020-07
3120,2021-04,2024-10
2633,2021-03,2021-03
1144,2021-08,2021-11
4955,2020-01,2020-01
1451,2021-03,2021-03
9734,2021-05,2021-05
2707,2021-08,2024-04
1105,2020-02,2020-02
2804,2020-06,2021-08
2318,2020-02,2020-05
5979,2021-03,2022-04
7886,2020-07,2020-07
7478,2024-03,2024-03
2882,2020-02,2020-02
8008,2021-06,2021-06
8195,2020-01,2020-01
2905,2020-08,2023-01
9208,2024-05,2024-05
7973,2020-03,2020-03
7566,2021-03,2021-03
7581,2020-05,2022-02
8219,2022-09,2022-09
7099,2020-12,2020-12
8516,2021-09,2021-09
9597,2022-11,2022-11
1762,2022-11,2024-05
4562,2021-11,2021-11
5729,2021-05,2024-07
5946,2020-05,2020-11
7246,2020-01,2021-08
4355,2021-04,2021-04
5863,2023-08,2023-08
2173,2022-11,2023-06
2585,2022-05,2022-05
2675,2021-04,2021-04
9378,2020-10,2024-01
7500,2021-08,2021-08
7905,2022-01,2022-01
5291,2021-09,2023-06
7361,2021-02,2021-02
7348,2020-08,2021-02
1357,2020-02,2021-11
4790,2021-05,2023-11
9868,2024-12,2024-12
4732,2020-02,2022-06
2290,2021-12,2021-12
3967,2022-12,2024-06
2861,2020-01,2022-10
8906,2020-01,2023-07
6403,2023-02,2023-02
2055,2023-07,2023-07
1817,2021-01,2024-12
3378,2021-09,2023-08
9900,2020-08,2020-08
9414,2024-05,2024-05
3032,2021-10,2023-11
2433,2023-05,2023-05
7561,2020-09,2023-05
6483,2021-03,2021-03
9530,2022-10,2022-10
8816,2021-01,2022-11
8353,2020-06,2020-06
6172,2021-02,2021-02
2744,2020-08,2023-03
5573,2020-11,2020-11
6500,2020-10,2020-10
9466,2020-11,2023-08
9757,2020-04,2020-04
8088,2021-07,2022-06
6134,2020-06,2020-06
2551,2022-05,2022-05
2542,2024-11,2024-11
7005,2020-12,2020-12
3916,2022-04,2022-04
2693,2024-07,2024-10
7725,2022-12,2022-12
9308,2021-01,2021-01
4461,2024-07,2024-07
1877,2023-12,2025-03
1775,2020-07,2023-09
1212,2022-06,2023-08
9089,2023-01,2024-12
3813,2020-02,2020-02
4186,2021-09,2023-06
4966,2021-11,2021-11
9632,2020-09,2020-09
1600,2021-08,2022-10
6086,2022-06,2022-06
4975,2021-12,2021-12
6853,2020-01,2024-01
9452,2022-08,2022-08
4684,2020-11,2022-06
4840,2020-02,2020-06
9981,2022-03,2025-01
3509,2021-01,2021-09
4568,2020-12,2021-01
3383,2021-08,2022-10
2734,2020-01,2020-02
2142,2020-02,2020-02
4018,2020-05,2021-05
5162,2020-08,2025-04
3940,2023-08,2023-08
3985,2020-05,2024-07
1611,2020-02,2024-10
7474,2020-06,2021-01
5278,2020-02,2020-02
4406,2020-09,2021-10
5123,2022-11,2024-05
6143,2022-02,2024-07
4970,2022-05,2022-05
7552,2020-02,2020-10
6532,2021-10,2022-08
1755,2021-06,2021-06
6011,2020-02,2022-05
9820,2022-12,2022-12
5547,2020-08,2025-03
3880,2022-06,2022-06
8920,2021-06,2024-03
6384,2020-11,2020-11
7857,2022-02,2024-01
2090,2020-06,2020-06
8708,2020-06,2023-07
8419,2022-05,2022-05
3229,2020-03,2024-03
4708,2022-04,2022-04
3953,2020-08,2020-08
3812,2022-09,2022-09
5429,2021-08,2023-12
9605,2020-04,2020-04
4760,2020-05,2022-06
7746,2022-03,2022-03
4028,2021-08,2022-02
6122,2021-11,2023-01
2542,2024-11,2025-03
6079,2020-04,2024-09
5858,2023-12,2024-07
5435,2020-09,2023-01
1504,2021-10,2021-10
5008,2020-12,2021-02
1119,2020-01,2020-12
8196,2022-05,2022-05
2488,2024-01,2024-01
9433,2020-12,2020-12
6510,2020-02,2021-02
1132,2020-04,2025-01
5669,2020-08,2024-03
6759,2020-07,2020-07
2064,2024-02,2024-02
1637,2024-12,2024-12
3199,2022-08,2022-09
2529,2021-05,2021-05
1914,2020-01,2022-01
7316,2020-01,2025-02
2156,2020-06,2024-06
6215,2020-04,2022-09
5377,2020-12,2022-06
3874,2024-03,2024-11
4962,2021-06,2025-03
7252,2021-04,2021-12
7937,2023-01,2024-10
6684,2024-03,2024-03
7286,2021-02,2021-02
2521,2020-12,2020-12
9876,2023-08,2024-12
1266,2022-03,2023-10
6006,2021-07,2021-08
3437,2021-12,2021-12
7957,2022-01,2025-04
4077,2020-11,2022-03
4302,2021-08,2022-08
9476,2020-09,2023-12
4901,2021-10,2021-10
7077,2023-07,2023-07
9631,2020-04,2024-10
5168,2022-09,2022-09
8121,2023-12,2024-05
5718,2020-05,2023-04
3893,2022-08,2023-01
3188,2024-04,2024-04
1341,2021-01,2024-06
6570,2021-07,2021-07
6691,2021-10,2024-04
9569,2024-05,2024-12
5456,2020-06,2024-05
1135,2021-12,2021-12
7913,2021-01,2021-01
6287,2022-02,2023-06
7633,2021-06,2021-06
8502,2020-06,2020-06
9569,2024-05,2024-09
6574,2022-06,2022-06
9333,2020-03,2020-03
5501,2020-07,2024-07
7585,2020-08,2020-08
8104,2024-07,2025-03
9829,2020-10,2022-07
8487,2021-12,2022-11
2744,2020-08,2024-10
1364,2020-12,2024-11
1843,2023-02,2024-10
8214,2021-07,2024-09
1431,2020-09,2025-01
9578,2020-07,2020-07
8340,2021-11,2021-11
8871,2020-11,2021-07
8080,2020-01,2021-10
6549,2021-06,2021-06
9276,2020-01,2020-01
2571,2022-11,2022-11
5792,2022-04,2024-08
3960,2020-08,2020-08
4399,2024-08,2024-08
8126,2020-09,2020-10
1305,2024-08,2024-09
6311,2020-03,2020-03
6490,2020-03,2023-05
4757,2021-04,2023-07
1746,2020-01,2023-11
5330,2020-06,2021-07
8121,2023-12,2023-12
9799,2021-01,2024-09
8302,2024-08,2024-08
3130,2020-03,2020-03
4943,2022-08,2022-08
9036,2023-12,2024-10
7166,2020-01,2021-06
9424,2020-10,2022-10
7738,2020-12,2022-05
9475,2020-01,2020-01
5005,2021-09,2021-09
1848,2021-03,2021-03
6293,2021-01,2025-04
1310,2020-04,2024-09
1356,2023-08,2025-04
8197,2022-03,2022-03
6463,2020-09,2020-12
4414,2021-06,2021-06
9252,2021-04,2021-04
9023,2022-05,2022-05
7161,2020-05,2022-12
4542,2020-05,2023-07
3403,2020-02,2023-10
7921,2020-02,2020-02
5608,2025-03,2025-03
5229,2024-05,2024-05
7185,2022-06,2022-06
5007,2020-01,2020-07
2178,2023-08,2023-08
4214,2021-02,2023-11
7908,2023-02,2024-09
1783,2024-06,2024-06
3032,2021-10,2021-10
5586,2020-01,2024-03
8562,2023-02,2023-02
7774,2022-02,2022-02
5014,2021-08,2021-08
9817,2024-04,2024-04
9346,2024-03,2025-03
9001,2020-06,2020-09
9123,2020-10,2021-02
5466,2020-09,2022-06
4922,2020-08,2024-11
6476,2021-07,2022-07
4117,2020-05,2021-09
5157,2020-11,2020-11
4932,2021-02,2023-08
7879,2020-08,2020-08
1409,2022-02,2022-02
1369,2021-05,2021-05
7901,2020-04,2023-04
6048,2023-02,2023-02
4272,2022-04,2022-04
6195,2021-09,2022-11
4407,2021-01,2021-01
1953,2021-06,2021-06
1762,2022-11,2022-11
1548,2025-03,2025-03
7527,2020-04,2020-12
3457,2021-12,2021-12
5315,2020-01,2022-12
6464,2020-12,2021-09
6987,2020-07,2020-07
4281,2020-06,2022-09
7743,2020-11,2022-11
1220,2023-08,2024-05
5263,2020-12,2023-01
2289,2021-11,2021-11
5022,2023-03,2023-03
6925,2020-08,2020-08
2288,2024-06,2024-06
9222,2022-07,2023-04
7538,2024-11,2024-11
2421,2020-02,2021-11
6214,2020-11,2021-10
8337,2020-10,2020-10
7582,2024-03,2024-09
6020,2021-06,2022-10
2523,2021-06,2023-03
7690,2024-03,2024-03
1000,2023-09,2023-09
7743,2020-11,2020-11
7281,2023-01,2023-01
1259,2023-10,2023-10
3181,2022-10,2022-10
7142,2024-06,2024-06
2110,2021-01,2023-10
4812,2021-04,2021-04
3956,2020-07,2025-02
9132,2021-07,2024-05
1284,2020-07,2023-01
4964,2020-10,2023-07
3862,2021-12,2024-01
5151,2020-11,2024-03
4543,2021-10,2021-10
7365,2020-05,2025-04
8938,2021-01,2021-01
4493,2022-06,2022-06
5150,2021-07,2021-07
9197,2024-07,2024-08
8458,2020-03,2023-09
3100,2021-09,2022-01
5300,2020-07,2022-12
3727,2020-10,2024-06
9266,2025-03,2025-03
6854,2021-01,2023-08
7656,2023-01,2023-01
8849,2020-11,2024-01
2477,2022-03,2022-03
2250,2020-04,2025-01
1141,2021-08,2021-09
7125,2021-02,2021-02
6214,2020-11,2020-11
6722,2020-06,2023-02
9638,2020-02,2020-02
3749,2021-08,2021-08
6371,2020-05,2024-01
1948,2023-07,2023-07
5973,2021-08,2024-12
2244,2020-02,2025-04
7145,2021-02,2021-06
2812,2022-07,2022-07
3913,2022-03,2023-02
2590,2022-07,2022-07
9724,2020-03,2020-10
2502,2023-01,2023-01
1672,2022-01,2022-01
9730,2021-07,2021-07
7310,2020-10,2021-03
3835,2020-07,2020-07
2684,2021-10,2021-10
8590,2020-08,2023-10
1852,2020-11,2023-09
2664,2024-03,2024-03
6151,2024-08,2024-08
5836,2024-04,2024-04
5845,2021-03,2021-03
4221,2021-03,2023-07
6838,2022-08,2022-08
2028,2022-09,2023-08
4109,2020-11,2022-02
5863,2023-08,2024-01
9729,2020-11,2021-04
2635,2020-05,2022-01
7672,2022-08,2022-08
5965,2022-03,2022-09
6239,2020-09,2020-09
8080,2020-01,2020-02
6333,2021-09,2023-04
2960,2021-04,2021-04
4010,2020-08,2023-08
3316,2020-07,2022-01
5372,2021-01,2021-01
7831,2021-04,2022-06
2687,2022-03,2023-04
7265,2020-01,2023-02
2528,2020-02,2021-07
9625,2020-06,2021-05
5096,2020-07,2024-11
3023,2021-09,2021-09
7838,2023-01,2023-01
3489,2022-07,2022-07
9179,2020-11,2023-04
7588,2020-12,2023-11
7249,2021-04,2025-02
9668,2021-06,2021-06
9135,2022-08,2023-02
2414,2020-05,2021-10
6656,2020-06,2024-09
6762,2020-12,2020-12
8468,2024-09,2024-09
3587,2020-12,2020-12
8590,2020-08,2021-01
6564,2021-05,2021-05
3110,2020-10,2023-07
8587,2024-03,2024-08
6728,2020-03,2020-10
4051,2020-03,2024-12
6426,2022-08,2022-08
1377,2021-06,2021-06
9454,2024-09,2024-09
1719,2020-02,2024-09
3842,2022-01,2022-01
5295,2022-06,2022-09
5922,2021-04,2021-04
8391,2022-05,2022-05
6588,2022-08,2022-08
1381,2021-03,2021-03
9235,2021-10,2021-10
9274,2021-05,2021-05
5253,2020-06,2020-11
7372,2020-04,2020-04
8068,2020-07,2020-07
9434,2022-03,2022-03
9333,2020-03,2024-08
7240,2022-01,2022-01
4893,2021-04,2021-04
1859,2020-12,2020-12
3261,2021-01,2021-01
2444,2020-07,2024-01
4170,2020-05,2024-04
5578,2022-01,2023-08
5539,2023-10,2024-11
2304,2020-02,2020-02
1252,2022-08,2022-08
4396,2023-07,2023-07
5200,2021-03,2021-03
6286,2021-06,2021-06
3760,2020-06,2020-06
5748,2020-02,2020-02
2999,2020-03,2024-08
1782,2020-05,2021-06
6040,2021-07,2021-07
4921,2020-03,2020-03
7698,2023-04,2023-07
1922,2021-12,2021-12
4621,2020-01,2022-09
7452,2025-01,2025-01
5191,2022-10,2024-01
7619,2023-02,2023-07
7780,2024-05,2024-05
7225,2020-10,2024-06
3732,2020-02,2020-02
9762,2021-03,2024-12
9610,2020-08,2020-08
9790,2020-05,2020-05
9633,2024-03,2024-03
7119,2020-01,2024-05
9355,2021-03,2021-03
9768,2020-12,2021-05
7920,2020-08,2024-01
9113,2022-05,2022-05
7540,2022-07,2022-07
4584,2021-11,2021-11
5599,2024-09,2024-10
8781,2020-09,2020-09
4785,2020-08,2020-08
2329,2020-09,2020-09
6646,2021-02,2021-02
6402,2020-04,2020-04
9240,2020-01,2022-01
5498,2021-04,2021-04
5529,2021-11,2023-05
2054,2020-07,2022-05
9627,2022-05,2024-12
8021,2023-04,2023-05
2930,2022-07,2022-07
9077,2020-08,2020-08
4670,2021-01,2021-05
6826,2022-12,2022-12
6868,2022-02,2022-02
6090,2023-01,2023-01
7607,2020-05,2022-12
7992,2022-11,2022-11
1130,2021-06,2024-05
4384,2022-08,2022-08
4009,2023-11,2023-11
7488,2021-08,2021-08
2406,2022-03,2022-03
8788,2020-12,2020-12
3827,2020-08,2020-08
3068,2020-07,2023-05
4522,2024-03,2025-02
3742,2024-01,2024-01
1799,2020-08,2020-08
5162,2020-08,2024-11
1807,2020-03,2020-06
9292,2025-04,2025-04
1132,2020-04,2020-11
5915,2021-09,2023-11
6466,2021-12,2021-12
4965,2022-05,2024-04
7539,2024-07,2024-09
8962,2020-02,2020-02
6346,2022-12,2022-12
1258,2024-06,2024-06
3527,2022-08,2022-08
8166,2023-11,2023-11
7601,2020-02,2022-05
9122,2021-07,2021-07
6451,2020-10,2020-10
5897,2022-11,2025-03
2754,2020-08,2020-08
9695,2020-06,2023-06
7697,2023-02,2023-09
3515,2020-10,2022-08
1697,2020-04,2020-04
6855,2022-04,2022-04
4563,2025-04,2025-04
9144,2022-06,2024-08
9995,2022-01,2023-06
7328,2020-03,2020-03
4564,2021-09,2021-09
7515,2020-09,2020-09
5374,2022-03,2022-05
1041,2021-11,2025-03
1366,2020-06,2020-06
2346,2022-04,2022-04
2639,2021-07,2024-08
8472,2021-03,2021-03
2122,2024-11,2024-11
5543,2020-01,2025-02
3706,2024-05,2024-05
2643,2021-08,2021-08
9871,2021-04,2023-02
5006,2020-07,2021-09
6510,2020-02,2020-02
5458,2020-08,2023-11
6742,2022-09,2022-09
1601,2020-12,2020-12
6343,2020-01,2022-08
5314,2020-02,2021-04
4444,2022-12,2022-12
4647,2021-07,2024-04
9798,2020-01,2021-10
2668,2020-08,2023-12
3862,2021-12,2021-12
1043,2020-06,2020-06
1880,2021-11,2021-11
4948,2020-04,2020-06
6665,2021-11,2021-11
8599,2021-07,2021-07
1782,2020-05,2022-01
5133,2023-06,2024-12
5714,2022-11,2022-11
4938,2021-10,2024-03
5299,2020-04,2023-12
3187,2020-03,2022-06
8672,2021-08,2022-10
7574,2022-05,2022-05
6613,2020-03,2022-08
8992,2020-12,2021-03
9748,2020-09,2020-09
7129,2024-08,2024-08
6145,2022-02,2023-11
9788,2020-06,2020-06
6726,2020-11,2020-11
6636,2020-05,2024-05
5938,2025-02,2025-02
9217,2024-03,2024-03
7593,2020-01,2023-06
5300,2020-07,2021-05
4168,2021-03,2021-03
4496,2020-12,2021-03
5947,2020-06,2022-12
1298,2021-02,2021-02
7560,2022-02,2022-02
2573,2021-02,2021-02
9014,2020-01,2020-01
5023,2023-04,2023-05
6722,2020-06,2023-06
6571,2020-11,2022-03
4551,2022-01,2024-09
7108,2021-10,2023-12
1607,2020-07,2020-07
4128,2023-06,2024-11
2651,2020-07,2020-07
6700,2024-08,2024-08
1644,2020-05,2020-11
1577,2024-02,2024-02
5418,2020-04,2020-04
9896,2021-10,2023-09
3917,2024-10,2024-10
6141,2023-11,2023-11
3557,2021-10,2021-10
4872,2020-12,2020-12
7950,2021-06,2022-03
5095,2023-04,2024-02
8019,2021-02,2021-02
7029,2020-10,2020-10
9637,2022-01,2024-01
9012,2024-02,2024-02
3176,2020-08,2020-08
5425,2021-12,2021-12
4776,2021-01,2023-05
4176,2021-12,2024-09
5458,2020-08,2022-03
8669,2022-09,2025-01
3702,2021-07,2024-02
4714,2020-11,2020-11
4686,2023-03,2023-03
7783,2020-05,2020-10
5391,2024-07,2024-07
4211,2020-12,2020-12
1180,2025-02,2025-02
4740,2022-06,2022-06
8159,2021-02,2023-07
3512,2023-11,2023-11
9415,2023-04,2023-04
3973,2020-01,2021-12
7800,2022-08,2022-12
8714,2022-10,2023-04
2119,2022-11,2022-11
9570,2020-12,2023-12
2698,2021-05,2022-08
3104,2023-11,2025-02
2237,2021-05,2022-02
3726,2021-02,2021-09
7186,2023-05,2023-05
9015,2020-12,2024-04
3404,2021-04,2021-10
6015,2023-07,2023-07
8397,2020-07,2020-07
5470,2020-12,2022-07
4518,2022-08,2022-08
6194,2020-10,2020-10
2792,2020-12,2024-04
9721,2022-04,2022-04
6613,2020-03,2021-05
8375,2021-09,2023-05
6539,2023-06,2024-05
9845,2023-11,2023-11
4545,2022-07,2022-07
8026,2023-05,2023-05
9799,2021-01,2021-01
9137,2022-06,2023-02
7258,2020-09,2021-03
1457,2020-11,2022-05
9556,2020-03,2024-10
6302,2024-06,2024-06
2596,2020-06,2021-10
3768,2021-09,2024-11
1187,2020-02,2020-04
8891,2020-04,2020-04
5769,2021-03,2024-11
1757,2021-02,2021-02
7910,2021-04,2024-05
8135,2021-09,2021-09
4886,2020-03,2020-03
3365,2022-01,2022-01
1042,2022-11,2022-11
8909,2023-04,2024-10
7816,2024-08,2024-08
9175,2025-01,2025-01
9939,2022-06,2022-06
7467,2021-05,2021-05
5911,2021-07,2021-07
4643,2022-03,2022-03
3651,2020-05,2020-05
6382,2021-04,2021-04
8035,2022-06,2023-04
2365,2023-07,2025-04
4779,2020-06,2020-06
7339,2020-05,2022-08
1543,2020-04,2020-10
8971,2024-10,2024-10
5888,2021-03,2021-10
2875,2021-03,2021-08
8383,2023-05,2023-05
2132,2021-03,2021-03
2635,2020-05,2020-05
3329,2024-01,2024-01
1176,2021-04,2023-10
2931,2020-08,2023-11
2097,2022-08,2022-08
7520,2020-11,2022-03
3815,2020-12,2020-12
3303,2020-11,2020-11
1410,2023-12,2023-12
8462,2022-07,2022-07
9427,2020-12,2024-02
4799,2022-01,2022-01
9933,2022-05,2022-05
5883,2020-07,2021-12
2354,2020-12,2022-06
8350,2021-05,2024-08
2383,2020-09,2023-06
5156,2022-09,2022-09
6655,2021-01,2021-01
2335,2022-11,2022-11
3466,2020-05,2023-09
4103,2020-05,2020-05
7023,2020-01,2022-04
8900,2020-12,2023-11
4613,2020-01,2023-11
8434,2021-12,2021-12
2334,2023-10,2023-10
1439,2021-01,2022-03
7730,2021-02,2021-04
5971,2022-09,2025-01
7258,2020-09,2021-01
7425,2020-01,2022-10
6255,2024-07,2024-07
7310,2020-10,2020-10
8430,2020-05,2023-01
8495,2020-10,2020-10
8136,2022-09,2023-04
7353,2024-05,2024-05
6318,2020-02,2024-09
8455,2020-03,2021-05
4820,2021-11,2022-04
8740,2025-02,2025-02
4729,2023-10,2023-10
7884,2022-02,2022-02
8392,2021-03,2023-12
5325,2020-09,2020-09
2905,2020-08,2020-08
9893,2020-12,2023-05
1707,2023-06,2023-06
8189,2022-01,2022-11
2918,2021-04,2021-04
7340,2024-03,2024-03
5743,2021-01,2024-10
8454,2020-04,2022-08
6896,2021-03,2024-01
5897,2022-11,2022-11
2922,2020-06,2025-04
8931,2022-09,2022-09
8744,2021-12,2025-03
6931,2020-06,2021-10
6752,2020-04,2022-11
3455,2023-08,2024-10
3485,2025-01,2025-01
4442,2020-04,2020-07
5396,2021-02,2025-01
1405,2023-05,2024-07
1170,2020-08,2024-01
7229,2021-03,2022-12
7829,2021-05,2021-05
7208,2020-07,2024-10
3981,2020-01,2020-04
7680,2020-03,2020-03
3166,2021-06,2024-11
8804,2021-09,2021-09
8220,2023-12,2024-07
7137,2024-11,2024-11
4360,2022-01,2022-01
3364,2020-11,2020-11
8674,2020-09,2024-05
8275,2024-09,2024-09
1903,2020-02,2020-02
6858,2021-03,2021-03
7872,2023-01,2024-04
1532,2020-03,2020-03
3751,2022-06,2022-06
4798,2022-11,2022-11
1850,2021-07,2021-07
4764,2024-10,2025-03
1369,2021-05,2024-09
1451,2021-03,2022-01
5236,2020-09,2020-09
1037,2024-02,2024-02
3138,2020-09,2023-11
9809,2023-10,2023-10
3303,2020-11,2021-03
3237,2022-06,2024-01
8903,2020-04,2023-04
1540,2020-02,2022-09
5158,2020-02,2020-02
6510,2020-02,2024-01
6581,2020-12,2020-12
9524,2020-11,2020-11
3731,2020-07,2022-10
3345,2023-02,2023-09
6308,2021-01,2021-12
7720,2024-03,2024-03
3162,2020-12,2024-04
8858,2021-01,2021-01
9684,2020-01,2020-01
9918,2021-02,2024-01
3956,2020-07,2020-07
3130,2020-03,2022-08
2231,2021-03,2021-03
2524,2021-04,2022-08
6341,2020-10,2020-10
4421,2020-08,2020-08
3158,2020-02,2020-02
9593,2023-04,2023-04
9509,2023-10,2024-04
2249,2022-04,2024-08
6074,2020-06,2020-07
3845,2020-02,2022-03
8764,2024-04,2024-04
7427,2021-09,2024-01
7997,2020-01,2020-01
3994,2020-07,2022-04
1108,2022-08,2022-08
6311,2020-03,2023-10
3929,2022-01,2022-01
6545,2024-01,2025-03
1347,2020-11,2020-11
1059,2022-02,2022-02
6912,2021-12,2023-12
2094,2021-11,2023-04
9163,2020-12,2025-02
2116,2020-05,2022-09
7648,2024-08,2024-08
6235,2020-05,2025-02
2600,2021-03,2021-03
8328,2020-03,2024-03
1832,2022-01,2023-08
7524,2020-05,2021-01
6597,2023-07,2023-07
4090,2020-02,2022-08
7102,2020-07,2021-04
3322,2023-03,2023-06
4541,2021-02,2021-10
1171,2022-08,2022-08
5253,2020-06,2023-11
3515,2020-10,2020-10
8953,2023-05,2023-05
9708,2021-04,2021-04
2633,2021-03,2023-08
1114,2020-06,2020-06
2750,2023-05,2025-02
8919,2022-05,2023-09
3115,2020-03,2020-03
3141,2020-10,2021-05
3535,2020-08,2021-07
6780,2020-07,2020-07
3447,2022-03,2022-03
1061,2021-06,2021-06
4239,2020-06,2023-05
6578,2021-07,2021-07
2689,2020-01,2020-12
7094,2020-08,2021-07
2266,2023-12,2023-12
8268,2020-08,2021-12
3701,2023-08,2023-08
6476,2021-07,2021-07
5959,2021-11,2022-05
6075,2024-10,2024-10
8663,2022-09,2023-10
7750,2021-09,2021-09
6666,2023-11,2023-11
9936,2023-12,2023-12
3913,2022-03,2024-07
8697,2022-04,2023-05
8114,2021-10,2021-10
8864,2021-07,2021-07
5867,2020-12,2020-12
4236,2024-03,2024-03
5985,2020-01,2021-11
9501,2020-09,2021-10
7166,2020-01,2022-03
6530,2021-08,2021-12
6036,2020-04,2020-04
1704,2022-08,2022-08
1768,2022-04,2022-04
5427,2021-10,2023-12
1307,2024-05,2024-05
5800,2020-11,2021-03
1828,2020-04,2020-04
1816,2022-02,2024-04
2078,2020-02,2020-02
8912,2022-06,2023-10
3088,2021-03,2021-03
7643,2022-04,2022-04
3267,2020-09,2023-03
3519,2021-04,2021-04
7759,2021-04,2021-11
1869,2020-03,2021-12
5397,2023-06,2024-08
1960,2020-07,2020-07
6440,2021-04,2021-04
2781,2020-10,2021-06
8538,2020-07,2020-07
7488,2021-08,2023-04
5237,2021-03,2021-03
7899,2021-02,2021-02
1188,2021-06,2023-04
5356,2021-04,2024-09
4649,2020-12,2020-12
9642,2023-05,2023-05
8346,2025-01,2025-01
3587,2020-12,2024-01
4970,2022-05,2022-11
6292,2023-04,2023-09
7806,2021-12,2021-12
8809,2020-01,2023-03
6782,2021-10,2021-10
1325,2023-10,2023-10
8066,2023-05,2023-05
5934,2020-01,2020-04
7597,2022-07,2023-01
4322,2021-09,2021-09
1260,2023-07,2023-08
1910,2024-06,2025-02
7661,2023-09,2023-09
6107,2020-02,2024-09
9245,2021-04,2021-04
6322,2020-08,2024-01
1860,2021-06,2025-02
3884,2021-08,2021-08
7562,2023-05,2023-08
3352,2022-10,2024-08
2002,2021-10,2021-11
6958,2020-07,2020-07
4680,2024-04,2024-04
4787,2022-02,2022-02
1314,2024-05,2024-05
4001,2022-03,2022-03
6681,2020-07,2020-07
4644,2022-02,2024-02
5065,2024-01,2024-01
2615,2022-04,2024-09
1322,2020-11,2022-07
5542,2020-01,2020-01
4411,2020-01,2020-01
7932,2020-02,2020-08
3499,2020-07,2020-07
5153,2020-08,2020-08
9826,2023-07,2023-07
8514,2024-10,2024-10
4770,2021-08,2024-08
2189,2020-03,2020-03
5072,2021-04,2021-04
2570,2022-01,2024-01
2470,2021-08,2023-01
6312,2023-08,2024-08
1887,2023-07,2023-12
1857,2021-11,2023-09
5901,2025-04,2025-04
6006,2021-07,2024-11
3560,2020-11,2024-10
2435,2020-04,2023-06
9367,2021-08,2021-08
8967,2020-05,2024-11
2493,2020-09,2024-01
6656,2020-06,2022-04
4657,2021-01,2021-01
5160,2023-10,2023-10
8707,2021-05,2021-05
9146,2020-01,2022-10
6864,2022-05,2024-05
7427,2021-09,2025-04
3845,2020-02,2024-09
3153,2020-06,2023-06
5030,2025-01,2025-01
2971,2021-07,2025-04
2219,2023-04,2023-04
6974,2023-09,2025-04
8087,2023-07,2023-07
1151,2022-10,2022-10
8507,2020-05,2020-05
6122,2021-11,2021-12
1896,2022-12,2023-11
7314,2021-06,2024-09
7881,2023-02,2023-02
2267,2020-05,2021-02
4535,2024-09,2024-09
1392,2020-09,2020-09
1688,2023-10,2023-10
1621,2021-12,2021-12
5661,2020-02,2023-10
2573,2021-02,2021-09
4547,2021-02,2024-05
9412,2022-06,2022-06
2608,2022-01,2022-01
1626,2021-09,2023-12
2877,2021-04,2024-02
9568,2025-03,2025-03
8751,2022-10,2025-03
6772,2021-06,2021-11
6787,2020-01,2020-01
1749,2020-02,2022-02
1576,2020-12,2021-03
6473,2023-09,2024-05
9786,2020-02,2020-02
8841,2020-01,2020-02
1197,2021-10,2024-12
8999,2020-03,2024-03
2839,2021-05,2021-05
8330,2021-10,2023-08
8505,2022-08,2022-08
5632,2020-01,2024-03
4658,2021-06,2023-11
1471,2021-01,2023-08
1814,2024-12,2024-12
8265,2020-10,2020-10
7082,2020-03,2021-08
6679,2020-11,2022-08
9988,2020-04,2021-01
2301,2021-11,2021-11
5316,2021-04,2021-04
7208,2020-07,2022-10
7846,2022-05,2022-05
6531,2022-08,2024-12
2376,2021-02,2024-02
8063,2020-07,2020-07
6987,2020-07,2024-02
5975,2022-03,2022-03
9253,2021-02,2022-11
8190,2021-03,2024-10
1266,2022-03,2025-01
6726,2020-11,2021-10
8020,2021-07,2024-05
4935,2022-09,2022-09
8812,2020-06,2022-02
1301,2020-09,2022-04
7201,2021-11,2022-04
8881,2022-11,2025-01
7810,2020-01,2021-10
9970,2020-09,2021-10
1206,2022-11,2024-03
5302,2022-12,2022-12
7143,2022-05,2023-06
6521,2020-11,2020-11
1947,2024-06,2024-06
1513,2020-12,2023-07
1597,2022-09,2022-09
4420,2020-07,2020-07
7577,2020-01,2024-03
9526,2022-05,2022-05
6076,2022-02,2023-08
4515,2020-07,2021-05
5075,2023-12,2024-06
1973,2022-03,2022-03
2302,2020-05,2020-05
3578,2020-04,2020-12
4703,2020-01,2020-01
5554,2020-05,2024-12
7762,2022-04,2022-04
7771,2023-07,2023-07
9388,2020-01,2020-01
4189,2022-03,2025-02
7186,2023-05,2024-08
3542,2023-03,2023-03
7622,2021-09,2022-09
3087,2020-06,2020-06
4677,2024-03,2024-06
1638,2024-09,2024-09
8669,2022-09,2024-06
4022,2020-12,2020-12
7045,2022-06,2023-07
1712,2022-05,2023-05
9463,2023-06,2023-06
9304,2024-06,2024-06
6518,2020-08,2021-03
8067,2022-06,2022-06
2880,2022-04,2022-04
3082,2024-10,2025-02
5815,2021-01,2022-10
1551,2023-07,2023-07
4173,2020-01,2020-01
3302,2021-05,2021-05
6291,2021-05,2023-05
5960,2021-01,2024-05
3371,2021-12,2022-10
3444,2021-06,2022-07
7437,2020-06,2023-06
5002,2021-03,2022-08
8569,2020-03,2020-03
1680,2022-06,2022-06
2800,2020-02,2022-12
3498,2022-02,2022-02
2995,2021-01,2021-01
5072,2021-04,2021-05
1104,2020-04,2020-04
5320,2021-11,2023-10
9214,2020-05,2020-05
3033,2022-12,2025-04
3051,2021-01,2021-12
3343,2023-12,2023-12
8965,2021-04,2025-03
4463,2020-01,2022-11
4611,2024-04,2024-04
2527,2020-09,2025-04
9448,2020-10,2023-03
2696,2020-02,2024-07
2407,2020-06,2020-12
3565,2020-10,2020-10
8289,2023-05,2023-05
1036,2023-02,2023-02
1631,2022-09,2023-06
1022,2021-08,2021-08
1782,2020-05,2024-12
8425,2020-10,2020-10
9246,2021-01,2021-01
2133,2020-03,2023-05
5303,2020-03,2022-01
7385,2020-07,2020-07
3050,2021-09,2021-09
8499,2021-11,2024-11
5403,2024-08,2025-02
5386,2021-07,2021-07
8368,2023-06,2024-10
9605,2020-04,2024-02
4762,2021-08,2022-08
4747,2023-01,2023-01
5733,2021-05,2021-05
7627,2021-11,2025-02
1070,2021-06,2021-06
4672,2021-08,2021-08
6744,2020-07,2021-05
1745,2020-02,2020-02
4955,2020-01,2024-03
2330,2021-12,2023-04
7652,2020-07,2020-07
7668,2023-01,2023-01
6277,2020-07,2023-08
7365,2020-05,2020-05
2006,2023-03,2023-03
9536,2020-06,2020-07
5920,2020-02,2020-02
9500,2021-07,2021-07
5134,2020-03,2020-03
1198,2021-11,2021-11
7640,2023-02,2023-02
1877,2023-12,2024-06
8676,2024-07,2024-07
8282,2020-08,2021-06
8872,2021-09,2022-12
4232,2020-03,2020-03
8276,2020-11,2022-01
2210,2020-01,2021-02
7932,2020-02,2020-08
5555,2023-12,2023-12
2520,2021-12,2023-08
2411,2021-06,2021-06
6475,2020-11,2020-11
8335,2021-09,2021-09
4822,2020-07,2020-07
5964,2020-01,2020-07
7670,2022-03,2022-03
7128,2020-12,2020-12
2784,2022-07,2022-07
1434,2022-06,2022-06
4836,2021-09,2021-09
1907,2023-01,2025-03
3950,2021-07,2021-07
6701,2020-12,2020-12
2829,2022-12,2023-10
8825,2023-06,2024-02
4856,2022-12,2023-08
4546,2021-11,2023-04
8005,2021-09,2021-09
5473,2021-04,2021-04
3494,2021-03,2023-01
6717,2024-04,2024-04
6399,2022-02,2023-07
3513,2022-01,2022-01
7357,2021-01,2021-01
2515,2023-01,2023-01
4955,2020-01,2022-04
3037,2024-01,2024-01
7398,2022-06,2022-06
8052,2020-05,2020-05
2659,2022-07,2023-10
6233,2020-12,2020-12
2940,2021-08,2022-04
7366,2020-09,2020-09
7442,2024-04,2024-04
4079,2021-05,2024-02
5308,2022-08,2022-08
4418,2023-02,2024-03
8337,2020-10,2025-02
6368,2021-03,2023-06
4781,2022-09,2023-03
5104,2020-10,2020-10
2622,2021-04,2021-04
7513,2022-03,2022-03
3472,2021-08,2021-08
1897,2020-01,2020-01
3844,2022-05,2022-05
1116,2021-08,2022-01
2820,2022-03,2022-03
1907,2023-01,2024-03
7948,2020-12,2023-11
8531,2023-07,2023-08
5134,2020-03,2024-04
9425,2022-11,2023-10
4784,2023-06,2023-06
9388,2020-01,2023-12
9697,2020-07,2023-07
7151,2021-01,2021-01
1839,2020-08,2020-08
7633,2021-06,2024-04
4572,2020-01,2024-07
5299,2020-04,2020-04
8638,2021-03,2021-03
7761,2020-03,2021-08
6193,2021-03,2021-03
3269,2020-12,2020-12
9688,2022-07,2022-07
1343,2021-01,2021-09
9622,2024-02,2024-02
5709,2020-09,2023-08
2034,2020-01,2021-12
4659,2023-10,2024-02
4106,2022-04,2022-04
8149,2022-01,2024-10
9302,2025-04,2025-04
2083,2021-06,2021-10
8119,2023-10,2023-10
3414,2020-02,2021-11
2109,2022-10,2024-07
4737,2024-03,2024-12
3292,2020-08,2023-11
3444,2021-06,2023-01
7591,2021-04,2025-02
3864,2024-05,2024-05
4938,2021-10,2021-12
6257,2022-12,2022-12
4055,2022-06,2024-02
7790,2020-02,2020-02
5936,2020-03,2022-03
5068,2020-05,2022-11
8032,2020-04,2021-05
9882,2020-10,2020-10
2902,2021-04,2023-09
4617,2022-01,2023-08
1398,2024-05,2024-05
1401,2022-09,2022-09
8846,2020-11,2020-11
6198,2020-03,2020-03
1914,2020-01,2023-05
3734,2023-09,2024-08
8846,2020-11,2025-01
3813,2020-02,2020-08
2605,2023-06,2023-06
5365,2023-01,2023-01
8667,2021-03,2024-01
3925,2021-07,2021-07
7476,2020-11,2020-11
3388,2022-09,2022-09
5865,2020-10,2023-01
3870,2023-08,2025-03
9023,2022-05,2024-03
8460,2020-04,2021-05
4204,2021-04,2024-09
9009,2021-03,2024-11
6673,2022-05,2022-05
3392,2025-01,2025-01
5414,2020-02,2020-02
2054,2020-07,2020-07
7414,2024-06,2024-06
1194,2020-01,2023-02
7974,2022-11,2024-12
7438,2021-02,2022-12
8062,2021-09,2024-01
6976,2020-11,2020-11
3627,2020-11,2020-11
1236,2022-12,2022-12
7519,2021-03,2024-09
9325,2020-03,2020-03
3721,2020-12,2020-12
3282,2020-05,2025-04
3806,2020-04,2020-04
8728,2020-02,2020-02
9597,2022-11,2023-12
8231,2020-12,2024-12
6785,2020-12,2023-08
9925,2020-02,2020-02
1043,2020-06,2024-08
2049,2021-05,2024-07
5832,2023-08,2025-02
5151,2020-11,2020-11
8157,2022-10,2024-12
9029,2023-02,2024-09
4429,2023-06,2023-06
2084,2023-05,2023-05
6361,2020-03,2020-03
1319,2020-12,2022-07
2323,2020-03,2020-03
5973,2021-08,2021-08
3111,2020-06,2020-06
4407,2021-01,2024-02
4437,2021-01,2021-08
3205,2021-02,2021-02
1627,2021-05,2024-06
9666,2020-08,2021-02
4119,2020-11,2020-11
3332,2020-05,2020-05
5499,2025-02,2025-02
6421,2021-05,2023-05
2879,2022-04,2022-04
3319,2022-07,2022-09
1493,2023-08,2023-09
7808,2020-06,2024-07
3031,2022-09,2022-09
7316,2020-01,2021-12
6006,2021-07,2022-09
1023,2024-08,2024-08
5140,2021-03,2024-10
7382,2020-11,2024-05
5323,2021-06,2021-06
1501,2020-03,2025-04
5753,2020-04,2020-04
1450,2022-07,2022-07
2556,2022-09,2022-09
3338,2022-01,2024-07
3784,2021-11,2022-01
3123,2021-06,2021-06
6876,2020-06,2025-02
7683,2021-05,2021-05
7810,2020-01,2023-05
4197,2020-11,2020-11
6429,2021-01,2021-01
5006,2020-07,2021-09
1786,2022-11,2024-10
4163,2022-03,2022-06
8291,2020-11,2023-12
6731,2024-06,2024-06
1938,2024-03,2024-03
6014,2021-08,2021-08
3856,2020-06,2020-12
4251,2022-02,2024-02
2745,2024-08,2024-08
3607,2023-07,2024-10
9299,2022-03,2024-12
8585,2023-12,2023-12
9819,2020-01,2020-07
4621,2020-01,2024-09
5527,2021-11,2022-06
4898,2023-04,2023-04
9743,2022-03,2022-03
1114,2020-06,2022-08
8715,2020-06,2023-08
8074,2020-09,2024-09
3150,2020-09,2022-01
7028,2024-05,2024-05
5833,2020-01,2025-01
3966,2021-12,2021-12
6777,2020-04,2021-08
6262,2023-05,2023-05
2446,2020-11,2020-11
8359,2022-10,2023-03
4661,2024-12,2024-12
6428,2020-12,2024-03
8244,2021-01,2021-10
2705,2025-04,2025-04
1009,2021-09,2022-02
9693,2020-09,2024-10
2786,2020-11,2020-11
3750,2024-03,2024-08
4300,2020-08,2021-05
7159,2021-06,2022-04
4207,2022-10,2022-10
2152,2023-12,2023-12
9457,2020-03,2020-05
4723,2023-09,2024-12
5600,2021-02,2022-08
2914,2020-03,2025-02
8850,2025-02,2025-02
3074,2024-12,2024-12
6379,2022-07,2024-12
4609,2021-03,2021-03
8958,2020-01,2020-01
6779,2023-03,2023-03
9410,2021-11,2021-11
9390,2024-08,2024-08
2718,2020-08,2024-02
4847,2020-05,2022-04
7486,2024-09,2024-09
1140,2023-10,2023-10
4886,2020-03,2024-05
5869,2021-04,2021-04
8578,2020-08,2020-08
5139,2020-09,2024-04
5540,2022-06,2022-06
8403,2020-02,2020-04
7980,2024-04,2025-03
6625,2023-12,2023-12
5877,2020-08,2020-08
2787,2022-06,2022-06
5245,2023-11,2023-11
9444,2020-12,2023-09
9449,2025-03,2025-03
1887,2023-07,2023-11
8031,2020-03,2024-04
8380,2023-03,2024-09
9140,2024-01,2024-01
2180,2023-02,2023-02
6069,2021-06,2021-06
6023,2020-07,2025-02
4449,2020-08,2023-06
2603,2024-12,2024-12
8629,2022-01,2022-01
4167,2022-06,2022-06
1042,2022-11,2025-01
4570,2020-12,2022-06
3434,2022-01,2022-10
9209,2021-01,2025-01
4871,2021-02,2022-11
6571,2020-11,2020-11
6456,2022-10,2022-10
4068,2020-01,2020-01
7432,2020-06,2020-06
8513,2020-01,2020-01
6423,2023-07,2023-07
8380,2023-03,2023-03
1878,2023-04,2024-01
5025,2022-11,2023-04
2226,2021-02,2021-02
6402,2020-04,2021-08
4981,2021-08,2023-04
7031,2020-04,2021-04
1686,2021-11,2021-11
1602,2021-04,2021-04
8704,2023-10,2023-10
7850,2021-12,2021-12
6905,2024-09,2024-09
7416,2023-02,2023-02
2765,2020-12,2025-01
2527,2020-09,2020-12
8825,2023-06,2023-06
7856,2024-03,2024-03
7639,2020-02,2023-03
3766,2020-03,2020-03
4880,2021-06,2021-06
1432,2021-10,2021-10
5641,2021-04,2022-08
6778,2021-02,2021-02
5205,2022-10,2022-10
6572,2024-12,2024-12
3065,2020-04,2020-04
6453,2022-05,2024-07
9166,2020-09,2020-09
6105,2020-02,2022-06
4802,2020-05,2020-11
7716,2021-09,2024-12
2011,2025-04,2025-04
1579,2020-10,2024-10
5000,2020-06,2020-06
3328,2021-06,2024-05
1284,2020-07,2020-07
4010,2020-08,2020-08
8276,2020-11,2020-11
1382,2020-11,2022-07
1608,2021-09,2023-07
1389,2021-05,2021-05
6583,2021-05,2022-01
1633,2020-11,2020-11
4420,2020-07,2022-09
1543,2020-04,2021-02
8792,2020-08,2021-01
7265,2020-01,2025-04
4172,2020-01,2020-01
4788,2021-06,2021-06
2188,2020-12,2020-12
7191,2024-04,2024-12
3403,2020-02,2020-02
4675,2022-05,2024-05
3615,2021-08,2021-08
1690,2023-12,2023-12
3063,2021-06,2021-07
4820,2021-11,2021-11
5583,2024-11,2024-11
6170,2022-08,2022-08
6310,2023-04,2023-04
9772,2020-02,2021-01
9970,2020-09,2020-09
7557,2020-05,2023-06
9495,2022-04,2022-04
1422,2021-02,2021-02
7904,2021-09,2021-09
1868,2020-06,2020-06
7815,2020-03,2021-07
9245,2021-04,2021-11
5435,2020-09,2020-09
7831,2021-04,2021-04
7989,2020-07,2020-07
8208,2020-09,2020-09
5211,2023-03,2023-03
3898,2023-03,2023-03
8422,2020-05,2020-05
5105,2022-08,2023-11
9787,2020-12,2020-12
1059,2022-02,2024-02
5466,2020-09,2024-07
8669,2022-09,2025-04
8110,2022-12,2022-12
9420,2022-05,2023-03
3509,2021-01,2022-07
7535,2024-12,2024-12
3233,2021-09,2021-09
7570,2023-04,2024-12
7187,2021-01,2021-07
1439,2021-01,2021-11
9072,2020-12,2020-12
7950,2021-06,2024-10
7517,2020-03,2024-09
4297,2021-03,2021-03
7576,2020-07,2020-08
7024,2020-04,2020-04
8638,2021-03,2023-09
3018,2022-02,2024-07
3187,2020-03,2020-03
4903,2021-07,2022-06
5424,2020-05,2020-05
1295,2021-02,2021-02
2402,2020-07,2020-07
5287,2021-06,2023-02
8208,2020-09,2022-11
2941,2020-01,2022-06
9428,2020-05,2023-12
7559,2020-01,2021-01
7013,2020-10,2023-04
8656,2020-06,2024-10
1898,2021-05,2025-03
1953,2021-06,2023-07
7957,2022-01,2022-01
7111,2023-10,2025-01
7214,2022-03,2022-03
5811,2020-05,2020-05
1879,2020-07,2025-04
2500,2021-01,2024-04
1008,2020-04,2020-04
1835,2022-06,2022-06
6932,2024-04,2024-04
1193,2024-12,2025-02
6701,2020-12,2023-04
8758,2021-02,2022-04
4762,2021-08,2023-01
3877,2020-10,2020-10
3820,2020-12,2020-12
6971,2020-06,2020-06
8755,2022-01,2022-01
6468,2021-02,2021-04
7918,2020-08,2020-08
8394,2021-11,2023-03
3736,2021-01,2021-01
5225,2020-07,2020-07
1920,2025-01,2025-01
5656,2020-05,2021-01
4460,2020-10,2020-10
7002,2022-04,2022-04
4905,2020-06,2020-06
4764,2024-10,2024-10
7479,2021-11,2023-07
8328,2020-03,2020-03
7172,2021-09,2024-12
9686,2021-01,2021-10
2448,2020-03,2022-09
5934,2020-01,2020-05
6950,2024-04,2024-04
7405,2021-11,2021-12
5506,2020-05,2020-05
1571,2021-09,2021-09
6528,2022-01,2022-10
5640,2020-06,2024-01
6824,2022-07,2022-07
6418,2021-08,2021-08
8155,2022-01,2023-08
7125,2021-02,2023-08
3381,2020-01,2021-01
2790,2022-09,2022-09
2483,2023-01,2023-01
9488,2024-11,2024-11
2160,2021-06,2021-06
7723,2021-10,2021-10
6267,2022-11,2022-11
2251,2020-03,2020-03
7751,2020-10,2020-10
4434,2022-05,2024-11
8437,2023-05,2023-11
5505,2024-01,2024-01
1136,2020-08,2021-12
3559,2020-05,2025-03
5336,2020-11,2020-11
9115,2020-01,2020-01
1141,2021-08,2021-08
5857,2020-01,2020-11
9471,2020-08,2020-11
9979,2020-04,2021-12
3308,2022-03,2022-03
8708,2020-06,2020-06
9844,2020-07,2022-09
7333,2022-03,2022-03
5061,2022-09,2022-09
8893,2023-07,2023-07
8773,2021-03,2024-06
2320,2020-02,2022-06
8504,2021-02,2021-02
9770,2020-05,2020-05
6638,2022-08,2022-08
3964,2022-04,2022-11
9248,2020-11,2021-02
8454,2020-04,2023-11
9597,2022-11,2022-12
6417,2022-02,2022-08
9400,2024-10,2024-10
5831,2022-03,2024-04
5548,2022-11,2023-08
3231,2022-04,2022-04
4490,2022-04,2022-04
6378,2021-09,2021-09
3981,2020-01,2024-08
2048,2020-08,2020-08
4420,2020-07,2022-12
9453,2021-06,2021-06
3509,2021-01,2025-01
5691,2020-12,2020-12
4971,2022-09,2022-09
6725,2023-06,2023-06
6900,2021-05,2021-05
3229,2020-03,2025-02
4932,2021-02,2025-02
8624,2021-03,2021-03
6493,2021-02,2023-10
1495,2024-06,2024-06
2673,2023-08,2023-08
3138,2020-09,2022-07
4953,2022-08,2022-08
8208,2020-09,2022-03
9061,2020-03,2020-03
3653,2020-10,2020-10
6769,2021-11,2021-11
2722,2021-03,2021-03
4435,2021-09,2021-09
9053,2021-06,2021-06
8999,2020-03,2023-04
7473,2021-04,2025-01
5895,2022-01,2023-08
6428,2020-12,2020-12
4795,2022-05,2022-06
5857,2020-01,2020-01
3707,2022-06,2022-06
9556,2020-03,2020-03
2245,2020-06,2020-06
9573,2020-02,2020-05
8090,2022-02,2022-02
5464,2024-05,2024-05
9617,2024-05,2024-05
9795,2020-10,2021-02
9726,2020-03,2020-03
1589,2024-07,2024-07
4973,2020-10,2020-10
3745,2023-10,2023-11
8541,2021-09,2021-09
3745,2023-10,2024-01
1274,2020-05,2020-05
7252,2021-04,2021-06
3077,2020-01,2020-01
8873,2022-01,2022-10
8003,2022-01,2022-01
6536,2020-07,2024-02
9670,2020-05,2024-08
1476,2020-11,2020-11
1103,2021-05,2024-11
8353,2020-06,2024-01
8170,2021-06,2021-09
1118,2020-05,2020-05
9797,2022-10,2023-08
5357,2021-05,2021-05
7033,2021-09,2022-09
7967,2020-07,2020-07
3114,2023-10,2023-10
9187,2023-01,2023-01
1916,2021-12,2021-12
6564,2021-05,2024-08
8697,2022-04,2022-04
8574,2023-02,2024-01
3073,2022-05,2022-05
8342,2020-04,2023-09
6114,2020-02,2020-02
1684,2022-12,2024-12
6424,2022-09,2022-09
7726,2021-06,2021-06
4652,2020-09,2024-03
8506,2024-05,2025-03
2708,2022-11,2022-11
9805,2024-10,2024-10
6893,2021-04,2021-04
5677,2020-10,2023-01
8540,2020-01,2023-02
6624,2023-02,2023-02
5866,2022-10,2022-10
9436,2020-03,2020-03
8065,2020-10,2020-10
4395,2020-09,2021-03
2155,2022-11,2023-10
5643,2024-10,2024-10
6771,2020-12,2021-03
8171,2021-09,2021-11
7934,2020-09,2024-10
5288,2023-07,2023-07
5571,2020-07,2022-04
5498,2021-04,2024-03
1393,2022-09,2024-02
6292,2023-04,2024-12
3109,2020-08,2020-08
4692,2022-09,2022-09
9382,2023-10,2023-10
4953,2022-08,2025-02
9172,2020-03,2022-12
3355,2023-04,2023-04
6830,2022-02,2022-02
1873,2023-04,2023-04
2240,2020-05,2020-05
1277,2021-11,2021-11
4579,2020-03,2020-03
4239,2020-06,2020-06
1346,2021-01,2023-05
8370,2020-09,2020-09
8549,2022-02,2024-09
7241,2021-02,2024-02
7030,2021-12,2021-12
5846,2023-06,2023-06
6580,2023-05,2023-05
7076,2021-08,2021-12
6613,2020-03,2021-03
4932,2021-02,2024-11
3195,2021-06,2021-06
2359,2020-12,2021-11
9420,2022-05,2024-04
2217,2020-12,2020-12
6652,2022-08,2022-08
6127,2024-09,2025-04
7012,2020-03,2023-04
8424,2024-05,2024-06
9202,2022-04,2024-06
7461,2022-12,2024-09
2099,2020-06,2021-05
4030,2020-10,2020-10
9051,2022-03,2022-03
6237,2021-11,2023-08
1661,2023-05,2023-05
3220,2021-01,2021-02
5293,2020-12,2020-12
9403,2021-07,2021-07
3318,2020-12,2021-07
4089,2020-01,2020-01
4964,2020-10,2024-01
3761,2022-06,2022-06
5681,2020-10,2023-09
3832,2023-03,2025-04
4826,2022-06,2023-06
5104,2020-10,2023-09
2450,2022-01,2025-03
6926,2020-08,2020-12
3699,2020-09,2020-09
6193,2021-03,2024-08
1440,2020-06,2025-03
5143,2023-03,2023-03
4877,2023-06,2023-06
5955,2021-09,2021-09
2424,2021-05,2021-05
4341,2022-12,2022-12
4821,2020-09,2020-09
7011,2020-08,2020-08
4511,2020-01,2021-10
8084,2021-04,2023-10
8004,2021-11,2021-11
4041,2023-11,2023-11
3104,2023-11,2023-11
3469,2021-05,2024-06
2414,2020-05,2021-05
4339,2020-12,2021-07
1646,2022-01,2022-01
6002,2020-07,2020-07
9612,2022-08,2023-03
9929,2023-01,2023-01
2150,2020-11,2020-11
7752,2024-09,2025-04
3585,2022-05,2022-05
2764,2020-03,2021-07
1591,2021-11,2022-07
4554,2020-10,2020-10
4389,2020-02,2024-10
4825,2022-02,2022-02
7532,2020-12,2020-12
2133,2020-03,2020-03
1185,2023-09,2025-01
9976,2020-09,2020-09
2886,2023-09,2023-09
5760,2020-08,2022-12
2835,2023-12,2025-04
3603,2021-06,2021-06
5463,2021-08,2021-08
7027,2022-02,2022-02
2255,2020-08,2020-08
8778,2021-07,2024-11
1950,2022-01,2022-01
8434,2021-12,2024-01
3514,2020-10,2020-10
8524,2023-03,2023-03
7182,2024-10,2024-10
2927,2020-07,2021-10
9150,2022-06,2022-06
2258,2020-01,2024-04
1898,2021-05,2024-02
8200,2023-08,2023-08
4079,2021-05,2022-08
7211,2021-06,2022-07
1990,2022-01,2023-12
1372,2020-06,2024-05
5602,2021-06,2022-03
7502,2020-07,2021-10
5023,2023-04,2023-04
5060,2021-01,2022-01
1971,2021-01,2021-09
6214,2020-11,2020-11
1432,2021-10,2022-10
5494,2020-07,2024-05
7895,2024-03,2024-10
4542,2020-05,2024-11
7655,2024-02,2024-02
9043,2021-01,2021-01
9875,2020-01,2022-02
4157,2020-05,2020-05
3803,2023-02,2023-02
1085,2021-07,2024-01
4055,2022-06,2022-06
9875,2020-01,2021-02
7124,2021-10,2021-10
5494,2020-07,2020-07
4466,2021-04,2021-04
7894,2024-03,2024-09
6092,2020-10,2021-11
4853,2023-09,2023-09
4378,2022-05,2024-05
4202,2020-02,2020-02
4154,2020-02,2022-02
9714,2020-07,2021-02
4856,2022-12,2022-12
6965,2023-10,2025-03
7899,2021-02,2021-08
9474,2021-02,2021-05
5354,2022-06,2022-06
9046,2020-07,2023-08
1632,2023-07,2023-07
8493,2020-01,2020-01
8246,2020-11,2022-08
2996,2024-11,2024-11
5946,2020-05,2020-05
2817,2022-08,2023-03
5146,2022-05,2022-05
8199,2023-05,2023-05
6105,2020-02,2020-02
7213,2024-04,2024-04
7784,2020-06,2022-10
2670,2020-02,2022-10
4248,2020-07,2020-12
2463,2022-02,2024-01
7548,2023-02,2023-02
6453,2022-05,2022-05
5417,2020-01,2022-06
5230,2022-07,2022-07
9204,2020-09,2020-09
9299,2022-03,2022-03
9189,2020-10,2020-10
1447,2021-12,2024-08
5467,2021-03,2022-10
5600,2021-02,2024-08
6802,2020-11,2022-09
1469,2020-06,2020-06
2412,2022-01,2022-01
3255,2020-02,2020-02
4613,2020-01,2022-05
8726,2024-04,2024-04
3059,2020-03,2020-03
8291,2020-11,2020-11
7399,2020-09,2025-03
9766,2021-07,2024-04
6322,2020-08,2020-08
8388,2023-10,2024-02
4173,2020-01,2021-05
2393,2020-10,2024-07
1543,2020-04,2021-02
4096,2023-10,2023-10
5253,2020-06,2023-08
4941,2020-10,2021-02
5126,2022-10,2022-10
8763,2021-03,2025-02
1255,2021-07,2025-04
8979,2020-05,2020-05
6494,2020-01,2020-01
5995,2021-09,2024-08
6822,2020-06,2025-04
7343,2020-01,2020-01
5811,2020-05,2021-01
8798,2023-12,2023-12
6795,2023-01,2023-07
8776,2020-04,2020-04
1127,2021-03,2023-01
7797,2023-12,2023-12
2095,2025-03,2025-03
4353,2020-01,2020-01
5662,2022-01,2022-01
4016,2021-05,2022-09
2925,2020-03,2023-01
4487,2021-01,2022-06
7923,2020-08,2020-08
9427,2020-12,2020-12
2492,2020-11,2020-11
1756,2020-07,2020-12
1209,2020-02,2020-02
3055,2020-07,2020-07
5650,2021-02,2021-02
8347,2020-12,2021-04
4922,2020-08,2020-08
5943,2021-09,2022-03
5725,2021-12,2021-12
5017,2021-02,2021-10
3453,2023-11,2023-11
4309,2020-08,2020-08
3768,2021-09,2021-09
6885,2020-09,2020-09
9059,2020-03,2022-10
3042,2020-03,2023-05
3269,2020-12,2022-05
7199,2021-02,2022-08
8739,2021-09,2023-05
6597,2023-07,2024-11
2060,2023-02,2023-02
1614,2020-11,2020-11
5548,2022-11,2022-11
1033,2021-03,2025-04
2979,2023-10,2023-10
2953,2020-07,2020-07
5223,2022-10,2022-10
2338,2021-01,2021-01
9271,2022-06,2024-03
8495,2020-10,2024-03
3825,2023-04,2024-03
9019,2020-02,2021-12
9457,2020-03,2021-06
6512,2023-02,2023-02
4951,2021-08,2021-08
8911,2020-01,2020-01
9119,2020-02,2024-06
8680,2020-04,2023-02
3408,2020-11,2020-11
6477,2020-11,2020-11
2417,2021-10,2023-04
1504,2021-10,2021-10
3719,2020-02,2020-02
1989,2024-04,2024-04
7649,2022-04,2022-04
3431,2021-11,2024-07
4330,2020-10,2021-08
6914,2020-10,2020-10
6037,2021-05,2021-05
9677,2022-11,2022-11
1019,2023-12,2023-12
8739,2021-09,2021-09
1346,2021-01,2021-01
8985,2022-06,2022-06
9646,2024-08,2024-08
7830,2023-03,2023-03
8121,2023-12,2024-11
4683,2020-11,2020-11
1575,2020-06,2025-02
4843,2020-04,2020-04
3532,2021-08,2021-08
8130,2020-08,2022-01
9860,2021-09,2022-12
3883,2020-09,2020-09
1971,2021-01,2022-10
5407,2022-06,2022-06
6188,2023-08,2023-08
8715,2020-06,2020-06
5524,2022-05,2022-05
9353,2023-01,2023-01
8319,2021-01,2024-01
9165,2020-07,2025-03
1057,2021-06,2021-08
4175,2021-02,2023-09
3443,2022-09,2022-09
3941,2020-07,2024-12
1955,2023-09,2023-09
7372,2020-04,2023-10
6657,2021-12,2021-12
8263,2021-02,2022-06
1540,2020-02,2020-02
5225,2020-07,2021-10
7243,2021-06,2022-04
8089,2020-05,2022-04
3432,2020-05,2023-06
8841,2020-01,2020-01
6613,2020-03,2020-03
8900,2020-12,2020-12
1405,2023-05,2023-05
4439,2022-08,2024-10
4422,2022-06,2024-06
8118,2021-07,2021-07
3122,2022-04,2023-10
7557,2020-05,2020-06
4782,2022-01,2022-01
9147,2022-06,2024-04
6521,2020-11,2020-11
2671,2023-01,2023-01
8725,2022-12,2023-07
1871,2021-03,2021-03
6114,2020-02,2023-04
5112,2023-09,2023-09
4349,2023-10,2023-10
5376,2021-08,2021-08
4221,2021-03,2024-03
9804,2020-05,2020-05
4449,2020-08,2020-08
7531,2022-06,2023-06
3095,2022-07,2023-02
9969,2024-01,2024-01
5413,2020-02,2021-10
2655,2021-08,2021-08
7089,2020-09,2025-02
2862,2022-04,2023-03
7318,2020-01,2021-05
7326,2020-03,2023-02
6841,2020-02,2024-06
3360,2021-09,2024-10
9837,2021-11,2025-02
3577,2021-02,2021-02
6295,2021-09,2022-11
8377,2020-12,2020-12
8023,2020-10,2020-10
4345,2021-05,2021-05
9620,2023-11,2023-11
1622,2023-12,2023-12
8679,2021-02,2024-05
9484,2020-03,2023-01
4460,2020-10,2023-05
1374,2023-07,2023-07
9352,2022-06,2023-04
7891,2021-03,2021-12
2322,2023-08,2023-08
1489,2022-03,2022-03
7490,2020-02,2022-09
9585,2023-07,2023-07
1603,2024-12,2024-12
4656,2024-06,2024-06
7841,2020-04,2021-04
9714,2020-07,2020-07
6871,2021-03,2021-03
1015,2020-12,2021-06
4034,2020-12,2020-12
7244,2022-10,2022-10
6328,2021-02,2021-02
4965,2022-05,2024-01
5832,2023-08,2023-08
7793,2020-08,2023-04
5213,2025-01,2025-01
5735,2020-11,2020-11
6699,2024-09,2024-11
5685,2020-12,2020-12
7029,2020-10,2022-10
1953,2021-06,2025-04
1513,2020-12,2020-12
2491,2020-01,2020-01
8663,2022-09,2022-09
7161,2020-05,2020-05
3748,2020-07,2021-03
8556,2022-03,2023-10
4045,2024-09,2024-09
4350,2021-09,2022-10
8405,2020-11,2020-11
2070,2020-06,2020-06
1083,2020-05,2021-09
3029,2024-10,2024-10
5953,2023-04,2023-04
7493,2021-01,2023-01
1375,2020-04,2024-02
3527,2022-08,2023-10
8328,2020-03,2021-10
4239,2020-06,2021-03
6855,2022-04,2025-03
5577,2020-12,2023-11
1954,2022-06,2022-06
1380,2020-09,2020-09
2584,2021-08,2023-02
6992,2020-09,2021-07
2760,2021-07,2021-07
9041,2021-06,2021-11
5454,2021-05,2021-05
5917,2024-07,2024-10
4496,2020-12,2020-12
9840,2020-09,2023-09
1933,2024-03,2024-03
6334,2020-01,2020-01
1491,2021-11,2024-05
8155,2022-01,2022-10
4135,2022-04,2022-04
8362,2020-12,2020-12
9661,2024-07,2024-07
9232,2021-07,2022-10
5480,2020-03,2020-03
6812,2021-06,2021-06
9324,2020-04,2023-03
9247,2020-04,2025-03
6298,2020-02,2024-12
1738,2021-02,2021-02
7388,2021-08,2024-05
3709,2021-01,2024-04
5885,2021-03,2025-03
6870,2022-03,2022-03
6406,2021-02,2021-02
4058,2022-09,2022-09
6827,2020-01,2020-01
9264,2020-04,2021-12
9537,2024-03,2024-03
6408,2022-05,2022-05
5763,2023-05,2023-12
5909,2022-10,2025-01
4472,2021-10,2021-10
8230,2021-04,2021-04
3007,2020-04,2020-04
7980,2024-04,2024-04
2897,2020-11,2021-09
4895,2022-11,2022-11
7636,2022-06,2022-06
7697,2023-02,2023-11
2149,2023-07,2023-07
1727,2024-01,2024-01
3009,2020-09,2020-09
4630,2020-04,2020-04
3146,2020-08,2020-08
7571,2022-08,2023-04
9447,2020-02,2022-05
1005,2022-12,2023-09
3741,2022-11,2022-11
4162,2021-06,2021-06
2735,2022-12,2024-06
2123,2023-08,2023-08
6796,2021-12,2021-12
9879,2023-06,2023-06
1897,2020-01,2024-04
2484,2021-01,2021-01
2899,2021-08,2021-08
7122,2020-05,2024-02
6505,2021-03,2021-03
4647,2021-07,2021-07
7746,2022-03,2022-12
9219,2023-03,2023-09
9068,2020-05,2022-08
9786,2020-02,2023-09
3418,2022-07,2023-09
3669,2020-07,2021-11
6990,2020-03,2020-03
2661,2022-07,2023-03
3518,2021-09,2021-09
4400,2020-06,2020-10
4190,2020-03,2020-07
3673,2021-10,2021-10
5344,2021-06,2021-06
4493,2022-06,2025-04
2196,2022-01,2025-02
9126,2020-12,2023-11
6714,2022-12,2023-10
8355,2025-02,2025-02
7367,2025-02,2025-02
3970,2020-03,2021-08
3151,2022-07,2022-07
4760,2020-05,2025-02
7071,2020-09,2021-11
6210,2021-03,2024-09
3752,2023-09,2023-09
8071,2020-04,2020-04
2039,2023-08,2023-11
3158,2020-02,2022-02
4768,2022-03,2024-07
4631,2020-03,2021-01
6317,2020-06,2020-06
9322,2020-02,2022-12
3222,2021-03,2022-07
4623,2024-12,2024-12
6584,2021-09,2021-09
9272,2020-02,2020-02
1330,2023-06,2024-02
7339,2020-05,2021-03
7628,2022-10,2024-08
5721,2020-04,2020-04
3675,2021-04,2021-04
1802,2022-06,2022-06
1096,2021-07,2025-04
5490,2020-10,2020-10
1218,2023-12,2023-12
7669,2023-01,2023-01
2234,2021-08,2025-02
2674,2021-12,2021-12
4868,2023-01,2023-01
6335,2020-12,2022-07
6773,2024-12,2024-12
1189,2022-03,2022-07
6446,2022-10,2022-10
1569,2023-06,2023-06
8483,2023-05,2023-05
8081,2021-12,2023-02
9951,2020-09,2020-09
1665,2021-06,2021-06
5492,2023-12,2023-12
1263,2020-03,2020-10
8443,2021-07,2022-11
8259,2022-08,2022-10
6180,2021-06,2025-02
9743,2022-03,2024-11
7398,2022-06,2024-02
6658,2020-05,2023-08
7401,2022-02,2022-10
9116,2023-11,2024-01
7567,2020-01,2020-01
7149,2020-01,2023-05
1234,2022-02,2022-02
7347,2020-05,2023-10
7358,2020-01,2022-08
7339,2020-05,2024-10
9849,2020-09,2023-02
4107,2021-10,2021-10
3088,2021-03,2024-10
9984,2022-10,2022-10
7767,2020-02,2020-02
3046,2020-01,2020-01
3578,2020-04,2020-04
9045,2022-03,2024-11
1734,2021-07,2024-11
9146,2020-01,2020-01
2421,2020-02,2020-02
6280,2021-06,2023-08
4327,2020-12,2022-04
7394,2020-12,2020-12
9536,2020-06,2025-04
6061,2025-03,2025-03
8415,2022-09,2024-07
1926,2024-05,2024-05
1135,2021-12,2023-08
4730,2023-05,2024-08
4087,2022-02,2022-02
5459,2020-05,2020-05
1272,2020-09,2022-04
4767,2021-01,2023-10
4968,2021-08,2022-06
3024,2021-09,2021-09
3406,2021-02,2022-09
5437,2020-12,2020-12
4706,2020-02,2021-08
2230,2020-08,2021-10
9818,2020-08,2022-02
9388,2020-01,2024-05
4224,2022-11,2022-11
8628,2020-02,2025-03
9912,2022-07,2022-07
1739,2020-08,2021-02
2880,2022-04,2023-11
3412,2023-12,2023-12
9062,2023-01,2023-01
9471,2020-08,2020-08
1253,2024-01,2024-01
7272,2020-06,2020-06
3664,2024-02,2024-02
8588,2021-06,2021-06
8130,2020-08,2025-04
6447,2020-01,2020-09
8399,2021-12,2021-12
3088,2021-03,2025-01
5923,2021-09,2021-09
3354,2020-02,2020-10
3442,2022-03,2022-03
4042,2020-07,2024-02
4319,2020-01,2020-01
8633,2021-04,2021-04
4056,2021-05,2021-05
1754,2022-03,2024-11
6511,2021-02,2023-06
9638,2020-02,2025-03
3602,2021-01,2021-04
8231,2020-12,2025-02
7220,2022-04,2022-04
1725,2024-01,2024-01
9945,2020-04,2024-03
6258,2021-01,2021-01
8319,2021-01,2022-06
3119,2020-10,2020-10
6134,2020-06,2022-05
4524,2022-10,2023-04
6896,2021-03,2022-06
7085,2020-05,2020-05
3232,2024-03,2024-03
1564,2022-10,2022-10
2346,2022-04,2023-11
4602,2024-04,2025-02
1249,2021-12,2023-07
5544,2023-08,2025-02
3332,2020-05,2024-02
7257,2020-10,2020-10
8558,2022-09,2022-09
4498,2021-02,2025-03
8845,2020-01,2020-01
6937,2023-07,2023-10
5532,2021-06,2021-06
3697,2020-09,2024-11
8657,2020-02,2023-04
1748,2024-02,2024-11
5956,2021-03,2023-12
9131,2021-05,2021-05
9892,2021-01,2023-10
7772,2022-11,2022-11
9694,2020-09,2020-09
8801,2023-05,2024-07
3143,2022-05,2023-11
3514,2020-10,2021-02
4561,2023-07,2023-07
9437,2022-10,2022-10
1737,2024-05,2024-05
4512,2021-07,2021-07
4050,2020-11,2022-08
6267,2022-11,2023-08
8192,2020-03,2020-03
4387,2020-03,2020-05
9607,2021-04,2022-07
8591,2023-12,2025-01
9132,2021-07,2022-12
1294,2023-02,2023-08
7735,2021-04,2021-04
7589,2022-12,2024-08
8361,2020-03,2023-06
3281,2021-12,2021-12
3533,2021-10,2021-10
9827,2020-02,2020-11
4482,2022-07,2022-07
7804,2022-03,2022-03
3703,2020-02,2020-08
8214,2021-07,2024-05
4530,2024-11,2024-11
1181,2020-04,2024-11
6900,2021-05,2024-01
3721,2020-12,2022-05
7591,2021-04,2021-12
1531,2020-07,2024-07
6772,2021-06,2021-06
3977,2021-01,2021-01
5335,2021-07,2023-01
9536,2020-06,2024-02
2500,2021-01,2021-01
6067,2020-06,2020-06
6758,2022-07,2022-07
3970,2020-03,2020-03
4850,2021-10,2021-10
2447,2024-12,2024-12
1310,2020-04,2023-03
4694,2021-03,2023-04
9667,2021-06,2022-03
7730,2021-02,2021-02
6728,2020-03,2021-02
7099,2020-12,2022-08
3734,2023-09,2024-09
9186,2021-08,2021-08
2710,2020-01,2020-03
4169,2021-01,2021-01
6512,2023-02,2024-10
9009,2021-03,2022-09
9514,2020-05,2020-07
6998,2021-05,2021-05
7965,2021-10,2023-05
2463,2022-02,2022-06
2195,2021-03,2021-03
1384,2024-11,2024-11
9919,2022-01,2023-09
8083,2020-07,2021-01
4145,2022-08,2022-08
1212,2022-06,2022-06
7652,2020-07,2022-03
1543,2020-04,2020-04
4669,2020-11,2023-11
6045,2021-12,2024-07
6043,2020-11,2020-11
4257,2022-07,2022-07
9182,2023-07,2023-07
5285,2023-04,2023-04
1209,2020-02,2022-11
9594,2021-11,2024-05
7299,2020-04,2021-03
8541,2021-09,2024-11
6109,2022-09,2022-09
2467,2020-10,2023-11
4672,2021-08,2021-08
7249,2021-04,2025-03
7240,2022-01,2023-02
7342,2022-09,2022-11
7461,2022-12,2022-12
4173,2020-01,2024-05
6006,2021-07,2021-07
1936,2022-04,2024-06
8189,2022-01,2023-09
6948,2023-05,2023-06
2696,2020-02,2023-08
6964,2022-06,2024-03
8273,2020-12,2020-12
9010,2024-07,2024-10
2894,2021-12,2021-12
2570,2022-01,2024-12
9177,2020-12,2021-12
7778,2020-02,2020-02
7946,2020-03,2023-08
9329,2021-10,2024-08
7882,2021-03,2022-08
9581,2023-01,2024-02
8770,2020-07,2021-12
9207,2022-03,2022-03
5806,2021-01,2023-04
4187,2020-05,2023-03
5486,2020-12,2020-12
1836,2020-12,2025-02
3463,2021-07,2024-10
7951,2021-08,2021-08
7450,2024-03,2024-03
6485,2025-03,2025-03
7344,2024-10,2024-12
5343,2024-03,2024-03
2282,2020-10,2020-10
4909,2020-07,2020-07
5140,2021-03,2021-03
1591,2021-11,2021-11
5148,2020-02,2024-08
4954,2021-04,2021-04
1091,2021-04,2021-04
9588,2023-07,2023-07
4719,2021-07,2021-07
6452,2020-10,2023-11
8224,2024-01,2024-01
5581,2020-04,2022-02
8897,2023-10,2025-01
4761,2020-01,2020-01
9743,2022-03,2023-03
4088,2024-03,2024-03
2980,2022-03,2022-03
7222,2024-05,2024-05
9599,2020-06,2020-08
1478,2023-09,2023-09
4424,2020-01,2020-01
2431,2020-02,2022-03
7329,2023-08,2023-08
5219,2021-12,2021-12
2693,2024-07,2024-07
3312,2020-01,2022-10
4775,2023-08,2023-08
8075,2022-05,2022-05
7464,2021-11,2021-11
7996,2024-02,2024-02
8075,2022-05,2024-03
4578,2021-07,2022-07
8957,2021-04,2021-08
8774,2021-08,2022-07
3402,2022-12,2022-12
5647,2020-04,2023-06
1874,2024-12,2024-12
3933,2021-11,2024-09
1735,2020-02,2023-01
2805,2020-09,2020-09
6372,2020-03,2023-03
9482,2023-07,2023-07
8795,2020-04,2020-04
4312,2020-02,2020-02
1355,2020-04,2024-11
5122,2020-07,2020-07
8326,2023-11,2023-11
5416,2021-12,2024-08
9652,2020-11,2020-11
1375,2020-04,2023-08
4005,2020-06,2024-03
8656,2020-06,2020-06
9648,2020-09,2020-09
8707,2021-05,2022-07
9876,2023-08,2023-08
3620,2020-01,2020-01
7539,2024-07,2025-01
2798,2023-10,2023-10
8564,2024-06,2024-06
9534,2023-04,2023-04
2678,2020-11,2020-11
5070,2020-10,2020-10
8305,2021-10,2024-12
9274,2021-05,2022-05
9016,2023-01,2023-01
7626,2021-01,2021-01
2951,2020-10,2020-11
5379,2020-08,2020-08
8455,2020-03,2020-03
5937,2021-09,2021-09
5405,2020-02,2024-06
1174,2020-09,2020-09
6755,2021-10,2021-10
6383,2021-01,2023-11
1118,2020-05,2021-09
3118,2022-02,2022-02
1946,2021-06,2021-06
2928,2020-05,2022-07
9291,2023-10,2023-10
7389,2021-03,2022-11
5025,2022-11,2022-11
8012,2020-06,2020-06
6334,2020-01,2022-01
5374,2022-03,2025-03
1682,2023-11,2024-09
6168,2021-06,2023-09
4532,2021-03,2022-12
1551,2023-07,2024-03
8138,2021-11,2024-09
6607,2020-11,2020-11
1886,2020-08,2024-03
3604,2025-01,2025-01
1618,2023-11,2025-03
7589,2022-12,2022-12
1349,2021-12,2025-03
5028,2020-06,2023-01
6777,2020-04,2023-06
5011,2020-01,2022-01
2922,2020-06,2020-11
1985,2020-10,2023-06
8584,2020-04,2020-04
1421,2022-09,2022-09
6853,2020-01,2023-03
6347,2020-07,2022-05
3097,2024-08,2024-08
9711,2020-08,2023-05
7299,2020-04,2023-08
1908,2021-02,2023-05
1533,2023-07,2023-07
6678,2023-01,2023-01
8344,2020-05,2020-05
6880,2024-10,2024-10
8324,2021-12,2021-12
9608,2020-05,2025-03
5438,2024-04,2025-01
6364,2020-02,2023-07
7139,2022-08,2022-08
3569,2022-03,2024-02
4076,2020-03,2020-03
8153,2023-07,2023-07
6816,2023-01,2025-04
9264,2020-04,2024-01
6982,2022-04,2022-04
7861,2020-11,2021-08
2298,2021-09,2024-03
1672,2022-01,2024-05
3030,2020-08,2020-08
6379,2022-07,2022-07
9221,2022-02,2022-02
6547,2023-01,2023-01
5819,2021-09,2021-09
2886,2023-09,2024-09
1498,2021-03,2023-01
5182,2020-07,2023-05
5759,2023-02,2023-02
1438,2023-09,2023-09
6916,2021-07,2024-12
4446,2023-07,2023-07
9328,2020-11,2022-03
9319,2020-01,2020-01
3499,2020-07,2023-09
5915,2021-09,2024-01
9137,2022-06,2023-10
7096,2021-08,2021-08
7061,2020-07,2020-07
2924,2021-07,2021-07
8329,2021-06,2023-06
5068,2020-05,2022-10
1631,2022-09,2022-09
5669,2020-08,2022-08
5656,2020-05,2025-03
7816,2024-08,2025-03
2728,2020-04,2020-04
4235,2023-02,2023-02
7910,2021-04,2023-12
2923,2022-09,2022-09
4620,2021-12,2021-12
3764,2020-12,2020-12
8319,2021-01,2021-01
1341,2021-01,2023-10
3537,2020-07,2020-07
9041,2021-06,2021-06
7509,2021-01,2021-01
5637,2020-03,2023-10
4308,2020-07,2022-06
1809,2021-04,2021-04
6972,2021-07,2021-07
5747,2020-05,2021-12
6508,2021-09,2024-01
8129,2023-10,2023-10
7946,2020-03,2025-01
4517,2020-01,2020-11
8924,2020-07,2020-07
7795,2021-03,2021-03
6834,2022-05,2022-05
2501,2021-09,2025-04
1832,2022-01,2022-01
8760,2020-04,2020-04
8725,2022-12,2022-12
2531,2020-01,2020-01
8484,2023-09,2023-09
7405,2021-11,2021-11
4974,2021-08,2021-08
7885,2020-05,2020-07
9481,2021-05,2023-08
6738,2021-12,2021-12
2441,2020-05,2020-05
4226,2022-12,2022-12
2769,2020-08,2022-03
3837,2024-10,2024-10
5670,2021-03,2025-04
4110,2022-11,2022-11
4888,2020-07,2020-07
8101,2022-07,2022-07
1697,2020-04,2022-10
4869,2020-03,2023-09
8332,2024-06,2024-06
2028,2022-09,2022-09
4461,2024-07,2024-09
8369,2025-03,2025-03
8418,2023-01,2024-08
5472,2022-01,2022-03
1129,2022-06,2022-10
9396,2024-06,2025-01
5816,2021-02,2021-02
8126,2020-09,2024-03
3439,2020-01,2020-01
6029,2020-01,2020-01
5221,2020-10,2020-10
4180,2020-09,2020-09
9108,2021-10,2021-10
7659,2023-01,2023-01
6361,2020-03,2024-08
8772,2023-02,2023-08
5466,2020-09,2022-04
6097,2022-01,2023-04
2446,2020-11,2022-06
7291,2022-01,2024-12
6487,2023-06,2023-06
6411,2022-06,2022-06
6094,2021-02,2023-12
5573,2020-11,2023-09
7207,2020-12,2020-12
1182,2021-01,2025-02
7144,2020-07,2020-07
7366,2020-09,2023-05
9509,2023-10,2023-10
9810,2020-06,2024-10
3390,2021-11,2022-10
3234,2022-03,2025-01
9038,2020-02,2025-01
4711,2023-03,2023-03
8962,2020-02,2020-06
1872,2022-10,2022-10
2053,2021-07,2021-07
9059,2020-03,2023-01
9533,2022-05,2022-05
9215,2020-09,2022-06
6401,2020-11,2021-12
6333,2021-09,2021-09
7543,2020-10,2020-10
7092,2021-06,2021-06
9231,2023-01,2023-01
1034,2025-01,2025-01
6526,2023-12,2023-12
3158,2020-02,2024-04
8847,2020-04,2024-05
5185,2025-01,2025-01
4519,2020-06,2020-06
3713,2020-02,2021-02
7735,2021-04,2022-05
6818,2020-04,2020-04
5148,2020-02,2020-08
5781,2020-01,2020-01
9357,2021-12,2024-01
8469,2022-02,2022-02
3249,2020-11,2022-05
2356,2020-08,2021-06
9645,2021-02,2024-01
1355,2020-04,2021-12
7128,2020-12,2023-12
4666,2022-10,2023-11
6234,2021-01,2021-08
5310,2020-11,2022-05
4044,2022-09,2022-09
8795,2020-04,2021-04
4355,2021-04,2022-08
1780,2022-08,2022-08
4394,2020-01,2020-01
1025,2020-07,2021-06
9280,2020-04,2020-04
9045,2022-03,2022-03
3475,2022-09,2022-09
9662,2021-08,2021-08
5841,2022-10,2022-10
6928,2021-05,2021-05
6468,2021-02,2022-01
1310,2020-04,2020-04
8032,2020-04,2020-04
5750,2022-05,2022-05
4174,2021-03,2021-03
8929,2023-12,2023-12
7001,2020-08,2020-08
8014,2021-01,2024-04
3509,2021-01,2021-01
2781,2020-10,2024-07
8467,2023-03,2023-03
8535,2024-12,2024-12
4919,2022-11,2024-10
1716,2020-01,2020-01
3068,2020-07,2024-01
2425,2020-05,2025-02
7737,2020-12,2024-06
3875,2020-10,2023-11
2416,2022-03,2023-08
6566,2022-03,2025-04
3384,2020-03,2022-06
6435,2020-01,2022-02
8485,2020-02,2022-06
4964,2020-10,2024-07
1941,2023-04,2023-10
6145,2022-02,2022-02
6836,2021-07,2021-07
8153,2023-07,2024-09
7983,2020-01,2020-01
8575,2022-05,2022-05
3913,2022-03,2023-12
2496,2022-03,2022-09
4319,2020-01,2023-06
6979,2023-03,2023-03
4762,2021-08,2021-08
1273,2021-09,2021-09
5466,2020-09,2023-06
6237,2021-11,2021-11
6420,2020-10,2020-10
8247,2021-11,2021-11
3380,2022-04,2022-04
9650,2020-09,2020-09
5446,2023-01,2023-04
5342,2021-06,2021-06
6477,2020-11,2022-03
6421,2021-05,2021-08
1402,2023-01,2023-01
5990,2020-02,2020-04
2061,2020-03,2020-03
9919,2022-01,2022-11
2614,2020-06,2023-10
4118,2020-02,2024-03
5060,2021-01,2025-04
4327,2020-12,2024-04
6172,2021-02,2022-08
5958,2020-02,2020-02
1867,2021-05,2021-05
5617,2021-02,2024-07
4822,2020-07,2021-04
1540,2020-02,2023-05
2571,2022-11,2024-10
5416,2021-12,2021-12
4013,2021-09,2021-09
3779,2020-11,2020-11
4669,2020-11,2024-12
8711,2022-02,2023-06
9832,2024-06,2024-12
2776,2022-07,2022-07
8281,2023-02,2023-02
2546,2021-05,2021-05
4878,2020-09,2020-09
4915,2020-06,2020-06
2133,2020-03,2021-09
6687,2020-01,2020-01
2375,2023-05,2023-05
9981,2022-03,2023-09
2206,2020-07,2020-07
7156,2022-03,2025-01
1457,2020-11,2020-11
5222,2021-07,2023-07
7319,2020-05,2020-05
5849,2022-04,2024-11
3445,2020-03,2020-03
4319,2020-01,2021-02
8652,2020-12,2020-12
7261,2021-07,2021-07
5275,2022-06,2023-12
8683,2020-07,2020-07
6248,2024-05,2024-05
3986,2020-02,2025-02
3623,2022-07,2025-02
7275,2024-01,2024-06
2987,2020-12,2023-02
1327,2020-08,2020-08
4609,2021-03,2024-12
2114,2024-07,2024-07
1057,2021-06,2024-12
8657,2020-02,2020-02
3227,2023-03,2025-03
3753,2021-09,2021-09
9583,2021-06,2021-06
9122,2021-07,2023-12
5547,2020-08,2023-03
3197,2023-11,2024-04
3120,2021-04,2021-04
2723,2020-07,2020-07
7573,2021-12,2021-12
9042,2021-09,2021-09
6209,2022-02,2022-02
7395,2020-12,2020-12
2836,2023-07,2023-07
3446,2021-06,2021-06
4353,2020-01,2022-11
8529,2020-03,2020-03
9694,2020-09,2025-04
3862,2021-12,2023-03
9126,2020-12,2022-06
8650,2022-02,2022-02
9600,2020-07,2020-07
4098,2021-07,2024-04
3141,2020-10,2020-10
9136,2021-11,2021-11
5622,2023-02,2024-12
4911,2021-11,2021-11
6457,2021-10,2023-12
4541,2021-02,2022-03
7334,2020-11,2022-12
8695,2020-06,2023-09
6745,2024-12,2024-12
2314,2022-02,2022-02
7225,2020-10,2025-03
3016,2022-08,2022-08
2833,2020-12,2022-04
7885,2020-05,2020-05
4099,2020-06,2020-06
1615,2020-08,2020-10
5019,2021-04,2021-04
4551,2022-01,2023-09
7444,2020-01,2021-05
8822,2021-01,2022-02
6397,2021-11,2024-03
7939,2020-02,2020-02
3224,2020-05,2025-02
9992,2020-03,2020-03
8865,2024-06,2024-06
4052,2021-04,2023-05
4227,2020-09,2024-01
3002,2021-06,2021-06
3706,2024-05,2024-05
4621,2020-01,2020-01
8538,2020-07,2022-05
1132,2020-04,2023-12
5536,2020-03,2020-03
7119,2020-01,2020-01
1908,2021-02,2022-12
9109,2020-01,2020-01
2292,2020-05,2021-11
2215,2023-04,2023-12
5935,2021-06,2021-06
6230,2022-11,2022-11
9239,2021-09,2021-09
2125,2023-04,2023-04
6762,2020-12,2025-03
3305,2022-03,2024-01
3587,2020-12,2021-10
9447,2020-02,2020-07
7234,2022-04,2022-04
8384,2020-06,2020-06
4054,2022-07,2022-08
4228,2022-10,2024-02
7667,2021-08,2021-08
1078,2022-07,2023-11
6167,2021-02,2025-01
5460,2023-02,2023-02
5466,2020-09,2022-02
1990,2022-01,2023-05
1256,2021-09,2023-09
8765,2020-09,2023-07
6714,2022-12,2022-12
3461,2020-01,2022-03
2749,2020-07,2021-09
9272,2020-02,2024-04
7810,2020-01,2020-01
2861,2020-01,2020-01
5020,2020-10,2022-02
4442,2020-04,2021-02
2270,2024-06,2025-04
9183,2020-06,2020-06
5908,2020-05,2020-05
1871,2021-03,2022-10
5690,2020-01,2022-08
3643,2020-06,2024-05
6477,2020-11,2023-04
7819,2020-01,2020-08
3914,2021-06,2022-11
6598,2020-10,2025-03
3779,2020-11,2024-03
5661,2020-02,2020-02
8287,2020-08,2022-05
4753,2021-09,2021-09
2016,2020-01,2022-06
6579,2022-06,2022-06
8737,2020-01,2020-01
1829,2021-08,2024-07
9609,2023-01,2023-01
1843,2023-02,2023-02
2775,2020-08,2022-10
3186,2020-06,2020-06
2399,2021-01,2021-01
3792,2024-02,2024-02
2748,2020-03,2021-01
2103,2021-03,2024-10
6528,2022-01,2022-01
2407,2020-06,2020-10
5420,2020-06,2024-06
4228,2022-10,2024-02
1202,2020-01,2023-10
2103,2021-03,2022-05
6234,2021-01,2021-01
2620,2020-10,2022-02
8756,2020-07,2020-10
1975,2021-04,2021-07
5981,2021-09,2021-09
2403,2023-09,2023-09
2681,2023-06,2023-06
5429,2021-08,2021-08
2804,2020-06,2021-01
4545,2022-07,2022-07
7500,2021-08,2022-04
4105,2020-01,2020-01
3759,2020-07,2020-07
1093,2020-12,2023-11
1500,2020-06,2021-02
1703,2021-12,2021-12
9291,2023-10,2023-11
6033,2024-02,2024-02
9413,2024-10,2024-10
7606,2024-08,2024-08
9908,2020-12,2023-03
3406,2021-02,2021-02
3041,2022-10,2023-03
8488,2022-05,2025-02
2667,2024-12,2024-12
5474,2020-05,2020-05
3027,2020-06,2020-10
4135,2022-04,2022-04
2862,2022-04,2022-04
2558,2023-08,2023-08
9476,2020-09,2023-08
4567,2021-11,2024-02
9742,2022-11,2024-08
5748,2020-02,2024-10
1202,2020-01,2020-06
5125,2023-01,2024-03
8808,2021-10,2021-10
4976,2020-08,2020-08
1164,2022-01,2024-11
5045,2020-03,2024-05
3603,2021-06,2024-01
8225,2024-02,2024-02
8767,2020-07,2020-07
3205,2021-02,2023-01
4242,2023-01,2023-01
9769,2020-05,2020-05
7989,2020-07,2024-05
5954,2020-08,2024-06
9179,2020-11,2022-06
2229,2020-04,2021-09
6538,2021-12,2021-12
1848,2021-03,2024-09
1586,2023-02,2023-02
2196,2022-01,2023-11
9078,2021-03,2024-08
5647,2020-04,2024-09
6646,2021-02,2022-09
6674,2020-11,2023-03
8157,2022-10,2025-01
9713,2020-06,2020-06
3914,2021-06,2021-06
4832,2021-08,2021-08
4035,2024-03,2024-03
2694,2022-07,2022-09
9376,2021-09,2024-11
4140,2023-08,2023-08
3726,2021-02,2021-02
9999,2021-11,2022-11
1349,2021-12,2021-12
1650,2024-02,2024-02
4805,2023-06,2023-06
4784,2023-06,2024-12
7016,2022-12,2022-12
2321,2021-04,2021-04
4065,2020-01,2020-01
4132,2024-07,2024-07
8660,2021-06,2022-07
1112,2022-05,2025-01
1054,2023-05,2023-05
1100,2022-02,2024-11
5874,2021-04,2021-07
7545,2021-07,2021-07
8472,2021-03,2025-03
7792,2020-02,2021-07
4894,2020-08,2020-08
6330,2020-05,2020-05
2195,2021-03,2022-02
5578,2022-01,2022-10
3806,2020-04,2023-12
6452,2020-10,2025-01
4095,2023-07,2023-07
6364,2020-02,2022-06
5819,2021-09,2022-08
4410,2022-02,2022-02
2797,2020-10,2020-10
2630,2024-07,2024-07
9157,2023-08,2023-08
4774,2023-08,2023-10
4758,2023-02,2023-02
1160,2021-07,2021-07
1498,2021-03,2021-03
4888,2020-07,2025-01
3304,2020-04,2024-11
7878,2021-01,2021-01
9230,2021-01,2021-05
1647,2021-12,2024-11
3826,2022-10,2022-10
2835,2023-12,2023-12
8231,2020-12,2020-12
4769,2021-03,2021-03
8260,2021-05,2021-05
6245,2022-12,2022-12
2156,2020-06,2020-06
6196,2021-07,2022-03
5000,2020-06,2024-07
4562,2021-11,2023-03
4372,2021-04,2024-08
1264,2022-07,2024-09
7598,2021-09,2021-09
1882,2020-05,2020-05
6477,2020-11,2024-05
5250,2023-04,2024-11
1438,2023-09,2024-09
2565,2022-10,2024-03
4988,2023-02,2023-02
9964,2021-10,2021-12
2518,2022-08,2022-11
3113,2020-05,2020-05
5989,2022-08,2024-01
1388,2020-02,2023-11
1746,2020-01,2025-02
7924,2022-11,2024-05
8710,2021-05,2021-05
4138,2021-05,2021-05
5612,2020-01,2022-02
8835,2020-08,2021-05
4434,2022-05,2023-12
5589,2023-05,2023-05
9119,2020-02,2020-02
4357,2022-04,2022-04
2711,2020-01,2020-01
2086,2020-03,2024-10
5820,2020-07,2025-01
2075,2021-12,2021-12
2810,2023-08,2023-08
6508,2021-09,2022-04
8458,2020-03,2020-03
1775,2020-07,2020-07
3095,2022-07,2022-07
6854,2021-01,2022-07
8606,2020-01,2021-10
9013,2023-03,2023-03
9564,2020-09,2020-09
9139,2022-10,2022-10
9046,2020-07,2020-07
8175,2020-06,2020-10
4567,2021-11,2021-11
2252,2024-01,2024-09
9798,2020-01,2020-01
4657,2021-01,2024-09
3633,2023-11,2023-11
8807,2020-02,2024-09
6918,2024-09,2024-09
6227,2023-02,2023-02
7715,2020-07,2020-07
8475,2020-05,2021-11
5596,2022-01,2022-01
1501,2020-03,2020-03
7598,2021-09,2022-10
1656,2020-06,2020-06
2752,2021-10,2022-08
6226,2024-02,2024-02
4157,2020-05,2020-10
9836,2021-06,2025-02
7411,2022-09,2024-07
6926,2020-08,2022-04
4132,2024-07,2024-12
3993,2020-11,2025-03
6180,2021-06,2021-06
4733,2020-08,2023-10
8472,2021-03,2022-03
8671,2025-04,2025-04
6818,2020-04,2020-09
5572,2020-03,2020-03
6674,2020-11,2020-11
6705,2023-05,2025-02
6236,2020-08,2023-03
8375,2021-09,2022-05
7769,2022-02,2024-12
9246,2021-01,2022-12
3699,2020-09,2023-04
3218,2022-09,2023-03
1512,2020-01,2020-01
3291,2020-09,2020-09
5542,2020-01,2021-09
6084,2020-09,2023-06
3044,2021-06,2025-02
7595,2022-03,2022-03
7013,2020-10,2020-10
1255,2021-07,2021-07
2552,2022-03,2023-01
6089,2021-03,2021-03
8921,2020-06,2023-05
5212,2021-03,2023-10
8100,2021-12,2023-03
5925,2022-05,2022-05
1971,2021-01,2021-01
9988,2020-04,2020-04
2883,2020-09,2020-09
9226,2020-10,2023-01
4783,2020-03,2020-03
8589,2021-09,2021-09
5673,2021-12,2021-12
1477,2020-04,2020-08
6045,2021-12,2022-10
7932,2020-02,2020-02
8911,2020-01,2024-11
1980,2023-02,2023-02
1934,2020-09,2020-09
9411,2022-05,2022-06
8246,2020-11,2021-09
9195,2021-02,2023-08
3338,2022-01,2022-12
3635,2020-07,2020-07
5628,2022-03,2024-02
2724,2022-08,2022-08
4139,2021-07,2021-07
7979,2021-01,2024-05
5015,2021-05,2023-12
5330,2020-06,2020-06
7208,2020-07,2020-07
9357,2021-12,2021-12
8597,2021-01,2021-01
8776,2020-04,2021-11
5443,2025-01,2025-01
5436,2024-05,2024-06
6801,2023-04,2023-04
8684,2021-10,2021-10
6416,2021-06,2024-01
6164,2023-02,2023-02
3536,2020-12,2021-09
6514,2022-02,2025-03
2088,2022-11,2022-11
3252,2021-01,2022-12
9008,2020-11,2024-12
7586,2021-04,2024-04
1864,2022-10,2023-07
3106,2020-11,2020-11
6067,2020-06,2021-04
7944,2023-05,2024-04
5003,2020-04,2022-03
4279,2020-08,2020-12
3229,2020-03,2020-03
2964,2020-01,2023-09
2780,2020-10,2020-10
6096,2020-01,2021-04
7768,2020-11,2020-11
9748,2020-09,2023-01
6154,2022-07,2022-07
9770,2020-05,2023-07
9682,2023-03,2024-11
7041,2023-07,2023-07
5418,2020-04,2023-09
6094,2021-02,2021-02
4137,2024-04,2024-04
7069,2023-05,2023-05
9375,2023-12,2023-12
6460,2022-06,2023-11
9322,2020-02,2021-10
1459,2023-02,2023-02
6179,2022-09,2022-09
9330,2020-03,2020-03
8390,2025-01,2025-01
5247,2020-05,2020-05
3154,2022-04,2022-04
8755,2022-01,2025-04
5146,2022-05,2022-10
7398,2022-06,2023-06
5018,2022-08,2024-10
5625,2023-10,2023-10
8123,2020-02,2025-04
9717,2021-06,2022-07
7392,2022-01,2023-11
3062,2021-03,2021-03
8495,2020-10,2021-11
4406,2020-09,2020-09
4733,2020-08,2020-08
6761,2023-05,2023-10
7223,2022-05,2022-05
3289,2021-01,2021-09
1399,2021-12,2021-12
5149,2022-07,2023-05
4245,2021-04,2023-06
2516,2020-03,2020-03
4646,2020-02,2020-06
5143,2023-03,2023-10
3348,2020-02,2023-12
6907,2021-12,2022-08
8813,2021-09,2022-12
7459,2021-07,2021-12
3157,2020-05,2020-10
4786,2023-11,2023-11
5868,2022-09,2022-09
9331,2022-05,2022-05
5381,2020-05,2022-04
6857,2024-03,2024-03
8002,2020-10,2020-10
5335,2021-07,2021-07
5301,2023-11,2023-11
6805,2023-10,2023-10
8477,2020-10,2021-08
3839,2021-02,2021-02
2789,2020-10,2020-10
3354,2020-02,2023-03
9668,2021-06,2022-12
5585,2022-10,2022-10
4494,2020-11,2022-08
7457,2020-08,2024-07
8795,2020-04,2023-12
7695,2020-07,2020-07
1498,2021-03,2022-10
1662,2020-08,2022-07
6510,2020-02,2022-09
2323,2020-03,2020-10
4791,2020-09,2024-05
1260,2023-07,2023-07
3150,2020-09,2020-09
3653,2020-10,2023-10
5783,2021-04,2021-04
6841,2020-02,2022-10
3209,2020-11,2020-11
9034,2024-03,2024-03
3991,2023-03,2023-10
6215,2020-04,2020-04
4755,2024-10,2024-10
4170,2020-05,2022-09
8216,2022-06,2022-06
7852,2021-09,2024-05
4065,2020-01,2022-04
2961,2020-12,2020-12
7215,2020-10,2021-10
3705,2021-11,2023-02
5118,2020-07,2021-07
9551,2021-10,2022-07
7269,2020-05,2020-05
4548,2022-08,2022-08
6917,2023-06,2023-06
5073,2020-07,2020-10
6834,2022-05,2023-01
4187,2020-05,2021-08
4636,2020-09,2023-07
6920,2022-05,2022-09
4433,2023-09,2023-09
8361,2020-03,2025-03
2727,2021-04,2021-04
8804,2021-09,2022-06
2403,2023-09,2023-09
6568,2023-03,2023-03
8436,2021-04,2023-10
1439,2021-01,2022-03
9914,2022-02,2022-02
1963,2021-03,2021-03
1450,2022-07,2024-02
8824,2021-01,2021-01
2986,2020-07,2020-07
6688,2024-12,2024-12
6297,2021-10,2021-10
3152,2024-09,2024-09
6371,2020-05,2020-05
9455,2020-02,2020-02
2883,2020-09,2022-04
1484,2020-06,2024-07
1225,2020-12,2022-03
9614,2020-03,2020-03
1049,2023-05,2023-05
2098,2022-12,2022-12
3773,2020-12,2020-12
5582,2020-11,2020-11
1393,2022-09,2023-05
9949,2020-04,2020-04
6727,2022-04,2023-05
6317,2020-06,2023-12
6539,2023-06,2023-06
6550,2020-05,2020-05
5975,2022-03,2022-09
8171,2021-09,2022-10
7403,2020-01,2020-01
7444,2020-01,2020-01
9219,2023-03,2023-03
2710,2020-01,2024-02
5719,2021-01,2021-01
1644,2020-05,2021-02
5430,2022-05,2022-09
1753,2021-11,2021-11
5247,2020-05,2021-09
2737,2021-07,2021-07
5272,2024-05,2024-05
4296,2020-05,2020-05
2746,2024-10,2024-10
7187,2021-01,2021-08
8235,2020-04,2020-11
7872,2023-01,2024-04
6896,2021-03,2024-08
5435,2020-09,2022-04
1894,2020-11,2023-01
8499,2021-11,2021-11
5746,2023-03,2023-03
8333,2020-06,2020-06
8373,2023-05,2023-05
4549,2023-12,2023-12
2187,2024-08,2024-08
4485,2022-03,2022-03
8064,2022-04,2022-04
9544,2020-06,2021-08
5044,2020-07,2020-07
9955,2020-05,2020-05
1044,2023-02,2023-02
4291,2021-04,2021-04
9338,2021-06,2021-06
7453,2020-05,2022-05
8079,2021-06,2025-03
3286,2020-05,2020-10
3605,2024-01,2024-01
6608,2021-08,2022-10
3309,2020-10,2020-10
4024,2022-01,2022-09
5082,2021-01,2021-09
6593,2020-10,2022-05
6716,2020-02,2023-09
7019,2021-12,2021-12
5996,2023-04,2023-04
7236,2023-09,2023-09
9841,2020-05,2020-07
6466,2021-12,2022-04
4487,2021-01,2021-01
1756,2020-07,2023-04
1505,2022-04,2025-04
2198,2021-01,2023-08
7646,2020-05,2020-05
3048,2022-10,2022-10
8105,2023-06,2023-06
5373,2023-09,2023-09
8271,2020-04,2022-05
1452,2020-07,2020-08
7982,2020-04,2020-12
5462,2024-02,2024-02
5554,2020-05,2024-05
8293,2020-04,2020-06
5551,2020-03,2020-09
8998,2020-11,2022-04
4227,2020-09,2020-09
2350,2021-06,2021-06
7251,2020-06,2023-04
8510,2023-06,2023-06
6861,2022-03,2022-03
9024,2021-12,2024-08
6325,2021-05,2021-12
9218,2024-01,2024-01
9577,2020-01,2020-01
9183,2020-06,2022-08
3790,2021-02,2021-02
4831,2022-09,2022-09
2783,2021-03,2022-11
9243,2020-01,2024-04
7852,2021-09,2023-05
3818,2022-01,2022-01
3234,2022-03,2022-11
9587,2020-03,2021-11
3009,2020-09,2024-04
1234,2022-02,2023-10
4467,2020-08,2024-12
1110,2022-06,2022-06
9379,2022-07,2022-07
7879,2020-08,2025-02
2164,2021-07,2021-07
5356,2021-04,2021-04
7223,2022-05,2024-11
6171,2023-09,2023-09
4779,2020-06,2024-11
7584,2021-09,2021-09
6080,2020-04,2020-04
7564,2022-02,2022-02
8374,2022-06,2022-06
7102,2020-07,2022-10
8094,2022-02,2022-02
8875,2023-03,2023-08
6780,2020-07,2024-04
6603,2021-11,2024-12
8139,2025-01,2025-01
4031,2021-05,2021-05
2016,2020-01,2021-10
9802,2021-06,2022-04
3201,2020-06,2020-06
8989,2024-02,2024-03
6907,2021-12,2021-12
3322,2023-03,2023-11
2261,2022-06,2022-06
6927,2020-02,2020-02
3788,2021-07,2023-01
8658,2020-12,2020-12
9621,2021-12,2021-12
5515,2023-06,2024-10
8847,2020-04,2021-10
8074,2020-09,2020-10
5026,2020-06,2024-06
5209,2020-04,2020-04
2457,2022-01,2024-01
4916,2020-01,2020-11
2294,2022-08,2024-11
9328,2020-11,2020-11
7561,2020-09,2020-09
9712,2020-11,2024-07
9161,2020-04,2023-09
5743,2021-01,2021-01
7433,2020-01,2020-01
5529,2021-11,2021-11
8495,2020-10,2022-11
8451,2020-01,2020-01
4459,2021-08,2023-11
9949,2020-04,2024-01
8475,2020-05,2023-08
4957,2020-11,2021-12
7950,2021-06,2023-05
5054,2021-01,2022-03
9890,2021-10,2021-10
6822,2020-06,2022-06
9801,2021-09,2021-09
2118,2024-02,2024-02
3307,2020-11,2020-11
7341,2022-02,2022-02
3009,2020-09,2022-12
2816,2023-08,2023-08
8080,2020-01,2020-01
6022,2021-12,2022-06
3754,2020-05,2020-05
9792,2022-06,2022-06
9605,2020-04,2022-02
8950,2022-01,2024-04
4133,2022-01,2022-01
1796,2021-07,2024-10
3148,2020-06,2020-06
2262,2020-09,2024-03
6125,2022-03,2022-03
3084,2021-06,2021-06
9847,2020-06,2023-04
3602,2021-01,2021-01
3034,2022-07,2022-09
2232,2022-09,2022-09
5489,2021-01,2021-11
7270,2022-12,2022-12
5434,2021-08,2022-12
3465,2020-01,2020-01
6514,2022-02,2022-02
4863,2021-03,2021-03
6780,2020-07,2023-06
5717,2020-05,2020-11
7279,2021-05,2021-05
9822,2020-07,2023-09
1237,2022-08,2022-08
9102,2020-01,2025-04
9635,2020-02,2020-02
5483,2020-05,2020-05
3312,2020-01,2025-01
5874,2021-04,2021-04
1807,2020-03,2020-03
1237,2022-08,2024-10
4479,2020-03,2021-12
4016,2021-05,2024-04
8628,2020-02,2023-10
5420,2020-06,2024-06
2409,2022-01,2022-01
1197,2021-10,2021-10
3849,2022-11,2022-11
4957,2020-11,2020-11
9011,2020-02,2022-08
4614,2020-05,2020-05
6622,2020-12,2020-12
2062,2023-12,2025-02
6848,2021-04,2023-02
6530,2021-08,2022-12
2748,2020-03,2020-03
3944,2020-02,2020-02
8012,2020-06,2021-12
5047,2021-05,2021-05
3089,2021-06,2023-05
8580,2020-01,2025-01
2130,2023-05,2023-05
2609,2020-12,2022-12
4646,2020-02,2020-02
1828,2020-04,2024-07
9840,2020-09,2022-08
6415,2023-06,2023-08
8314,2025-01,2025-01
2144,2023-05,2023-05
1711,2022-05,2022-05
2796,2020-02,2021-10
6679,2020-11,2023-07
6941,2022-01,2022-01
2434,2020-04,2020-04
2380,2022-08,2023-07
7904,2021-09,2022-08
3904,2024-11,2024-11
7415,2021-09,2022-01
6328,2021-02,2022-02
1063,2020-06,2024-05
4106,2022-04,2023-01
7427,2021-09,2024-05
4444,2022-12,2024-06
7855,2020-03,2020-03
3414,2020-02,2024-04
1122,2024-06,2024-06
3461,2020-01,2020-01
7520,2020-11,2022-11
6228,2023-08,2023-08
1769,2022-09,2024-04
8307,2024-08,2024-08
8903,2020-04,2020-04
4576,2025-02,2025-02
4572,2020-01,2020-01
1710,2020-03,2020-03
7930,2023-04,2023-04
6605,2020-03,2020-03
8796,2020-10,2020-10
5647,2020-04,2020-04
7769,2022-02,2023-03
6063,2020-06,2021-08
1455,2020-04,2020-04
7900,2022-11,2022-11
4011,2021-05,2021-05
6795,2023-01,2023-01
7768,2020-11,2021-06
5670,2021-03,2023-06
6475,2020-11,2022-07
4288,2022-03,2023-04
6121,2024-07,2024-07
2113,2020-02,2020-12
7003,2020-04,2020-04
9187,2023-01,2024-12
7334,2020-11,2023-11
6913,2021-05,2021-05
6360,2021-02,2023-06
1684,2022-12,2022-12
4746,2020-03,2020-03
6157,2021-08,2021-08
7474,2020-06,2020-06
5199,2023-03,2023-03
1142,2021-03,2021-03
3095,2022-07,2023-11
5351,2020-02,2020-02
7033,2021-09,2021-10
8424,2024-05,2024-05
8940,2020-01,2020-01
5473,2021-04,2022-03
8039,2021-05,2023-05
4029,2023-02,2023-02
1757,2021-02,2022-04
8973,2024-01,2024-01
3338,2022-01,2022-08
4281,2020-06,2020-12
6101,2020-12,2025-04
4116,2021-06,2025-02
7050,2020-03,2021-01
6007,2022-02,2023-08
5264,2020-03,2022-08
6380,2022-07,2022-07
9941,2020-04,2023-12
5817,2021-11,2021-11
8502,2020-06,2020-08
1824,2020-02,2020-02
9286,2023-10,2023-10
7541,2020-08,2020-08
7181,2021-08,2021-08
4636,2020-09,2021-06
1079,2020-05,2021-10
6067,2020-06,2020-08
9283,2022-05,2023-12
6832,2023-07,2023-07
9673,2020-05,2020-05
3961,2022-09,2022-09
7998,2022-03,2022-03
4020,2022-08,2024-06
3397,2021-06,2021-06
6364,2020-02,2020-02
8992,2020-12,2020-12
7764,2021-05,2021-05
3713,2020-02,2021-04
5431,2022-06,2022-06
4947,2022-09,2022-09
8052,2020-05,2025-02
1753,2021-11,2023-11
7329,2023-08,2025-01
7200,2021-03,2021-03
3765,2020-06,2020-06
7326,2020-03,2021-09
9518,2020-02,2022-05
3775,2020-04,2020-04
5174,2021-01,2021-01
6901,2020-11,2020-11
6308,2021-01,2021-01
4760,2020-05,2020-05
1770,2020-07,2020-07
4733,2020-08,2023-06
2662,2021-10,2021-10
1453,2020-10,2020-10
4123,2023-08,2023-08
2116,2020-05,2021-10
4333,2023-01,2023-01
5058,2021-03,2021-03
1038,2020-07,2020-07
3584,2021-09,2021-09
2257,2024-01,2024-01
9211,2022-11,2022-11
1509,2021-08,2021-08
4939,2024-04,2024-04
3488,2020-04,2021-05
4970,2022-05,2024-03
4552,2022-09,2023-07
1079,2020-05,2020-10
2303,2021-01,2021-10
4007,2022-01,2022-01
7986,2023-06,2023-06
2841,2020-07,2021-11
1297,2020-08,2020-08
2600,2021-03,2022-12
8961,2022-08,2024-12
1225,2020-12,2020-12
2723,2020-07,2023-10
2297,2021-02,2021-02
6615,2021-03,2022-01
3853,2022-06,2025-01
9676,2022-06,2024-05
9360,2020-07,2023-01
2863,2021-10,2021-10
6121,2024-07,2025-02
5988,2022-08,2022-08
2860,2021-05,2022-12
1959,2021-10,2022-08
8408,2023-11,2024-11
3304,2020-04,2020-04
1543,2020-04,2022-06
1763,2022-07,2022-07
9514,2020-05,2022-02
4311,2020-07,2020-07
2868,2022-06,2022-06
3748,2020-07,2020-07
1206,2022-11,2022-11
4517,2020-01,2020-01
2246,2020-05,2020-05
6739,2021-09,2023-09
7297,2022-05,2024-04
1703,2021-12,2024-11
4608,2024-01,2024-01
8656,2020-06,2021-11
5753,2020-04,2020-07
4524,2022-10,2024-04
9095,2021-11,2024-02
2367,2021-10,2021-10
2815,2020-01,2025-04
8672,2021-08,2021-08
9798,2020-01,2020-01
1115,2021-04,2022-11
6457,2021-10,2022-01
5203,2021-01,2021-01
8248,2021-04,2023-02
3795,2021-03,2022-08
5896,2020-08,2023-01
6537,2020-05,2020-05
5635,2021-02,2022-10
6914,2020-10,2024-07
9550,2024-12,2024-12
1993,2022-03,2024-03
8329,2021-06,2021-06
1043,2020-06,2025-01
6241,2020-01,2020-01
7764,2021-05,2024-02
2020,2020-04,2023-09
9260,2022-01,2022-01
9063,2020-05,2022-12
4722,2022-10,2022-10
8364,2020-11,2020-11
5818,2024-03,2024-03
9354,2020-09,2020-09
1127,2021-03,2021-03
8239,2020-01,2020-02
8253,2020-10,2022-07
3253,2022-07,2022-07
1422,2021-02,2022-02
9964,2021-10,2023-01
1178,2022-10,2024-01
3582,2020-04,2020-04
5188,2020-07,2021-10
7280,2020-02,2020-02
1647,2021-12,2022-03
5961,2021-06,2021-06
2052,2021-05,2024-04
5475,2022-04,2022-04
2272,2020-01,2020-01
1803,2021-03,2023-10
9859,2022-04,2022-04
8137,2021-05,2023-02
7644,2020-06,2020-07
2467,2020-10,2020-10
1917,2020-06,2024-10
1413,2021-04,2021-04
9896,2021-10,2021-10
9886,2021-07,2025-04
2973,2022-03,2022-03
2635,2020-05,2023-02
6493,2021-02,2022-06
7588,2020-12,2020-12
2166,2022-10,2023-06
3117,2024-02,2024-02
1474,2020-03,2020-03
3511,2024-02,2024-02
7916,2020-11,2024-03
8916,2022-05,2024-05
1657,2021-01,2021-01
4369,2024-05,2024-05
6734,2021-01,2024-05
8407,2022-06,2022-06
8215,2020-11,2020-11
6285,2022-01,2022-01
3437,2021-12,2023-11
3991,2023-03,2023-03
8770,2020-07,2020-07
9225,2023-05,2023-11
3808,2024-01,2024-01
4521,2023-01,2023-01
8743,2021-04,2021-04
1260,2023-07,2024-01
1491,2021-11,2023-02
4976,2020-08,2020-08
7941,2021-10,2024-02
9659,2021-07,2024-03
5688,2021-08,2021-08
3217,2022-08,2022-08
4809,2021-03,2021-07
6682,2022-10,2022-10
2268,2021-01,2023-02
7820,2021-08,2021-08
3720,2025-02,2025-02
8754,2024-09,2024-09
4844,2022-09,2022-09
7396,2021-09,2023-09
2709,2024-06,2024-08
5027,2020-02,2025-04
2911,2021-04,2021-04
2505,2022-12,2022-12
4215,2020-05,2021-02
6625,2023-12,2025-01
4469,2020-04,2020-04
7874,2020-01,2024-07
4194,2023-08,2024-12
5641,2021-04,2021-04
6948,2023-05,2023-05
6021,2020-12,2024-05
3413,2021-10,2021-10
8654,2025-03,2025-03
5341,2020-09,2020-09
6446,2022-10,2023-04
3731,2020-07,2020-07
9707,2020-10,2020-10
5919,2021-07,2023-07
2796,2020-02,2022-10
3644,2020-12,2020-12
7682,2022-01,2024-10
3844,2022-05,2023-02
7347,2020-05,2020-05
9210,2023-08,2023-08
5148,2020-02,2024-12
6295,2021-09,2021-09
9655,2020-07,2023-06
2937,2023-05,2023-10
2001,2023-05,2023-05
5277,2022-07,2024-08
2233,2021-12,2023-09
5554,2020-05,2020-05
3906,2020-06,2020-06
1798,2020-05,2022-12
3810,2021-08,2025-01
4220,2020-06,2020-06
9243,2020-01,2020-01
7627,2021-11,2022-11
8838,2020-03,2025-03
7290,2021-07,2022-10
4368,2020-02,2020-02
2163,2021-02,2021-02
7811,2020-10,2020-10
7377,2022-03,2022-03
7186,2023-05,2024-12
7770,2020-11,2020-11
6071,2020-01,2023-08
2046,2022-02,2022-02
1605,2020-08,2020-08
7958,2021-12,2023-10
8172,2021-10,2021-10
1147,2020-10,2021-06
6217,2020-01,2020-01
4129,2020-04,2022-09
1026,2024-06,2024-06
4067,2021-11,2021-11
3704,2020-06,2023-09
9865,2024-01,2024-01
4716,2020-10,2020-10
3828,2021-07,2021-08
2309,2021-01,2024-07
9978,2022-07,2022-07
1601,2020-12,2024-10
7472,2020-12,2020-12
8416,2020-01,2023-07
3685,2020-03,2020-03
2105,2022-12,2022-12
5418,2020-04,2021-04
1226,2020-02,2020-02
9000,2022-02,2024-04
9736,2020-06,2020-06
6799,2022-08,2022-08
9500,2021-07,2021-11
5477,2023-03,2023-03
8709,2023-01,2023-07
9024,2021-12,2021-12
9254,2021-02,2023-08
1470,2022-02,2022-02
8829,2023-06,2023-07
9759,2023-11,2025-04
7388,2021-08,2021-08
8684,2021-10,2024-10
2633,2021-03,2021-09
4578,2021-07,2022-01
9773,2021-02,2022-07
5599,2024-09,2024-09
1912,2023-12,2023-12
8104,2024-07,2024-07
9695,2020-06,2020-06
7714,2020-07,2020-08
7971,2020-05,2020-07
7867,2020-05,2020-05
8667,2021-03,2022-05
1280,2024-01,2024-01
2341,2021-08,2021-08
1932,2023-07,2023-07
3122,2022-04,2022-04
3240,2021-09,2024-07
5681,2020-10,2020-10
1382,2020-11,2023-03
5545,2020-12,2020-12
1997,2020-04,2020-04
4836,2021-09,2023-12
4938,2021-10,2021-10
5000,2020-06,2023-03
6420,2020-10,2023-06
7837,2022-11,2022-11
6287,2022-02,2022-02
8960,2021-04,2022-11
6777,2020-04,2020-06
3534,2021-05,2021-05
3794,2021-05,2021-05
5758,2020-03,2025-01
1841,2022-02,2022-02
6318,2020-02,2024-04
8869,2022-11,2025-03
3869,2020-02,2023-01
8014,2021-01,2023-02
4424,2020-01,2021-06
9132,2021-07,2021-07
1864,2022-10,2022-10
9470,2020-02,2024-06
8170,2021-06,2024-09
5296,2022-09,2022-09
2345,2021-04,2021-11
3351,2024-03,2024-03
6240,2022-10,2022-10
4627,2020-11,2024-03
6582,2020-09,2020-12
8898,2021-07,2021-07
6467,2020-05,2021-05
7835,2020-10,2022-11
8116,2020-09,2020-09
5442,2023-06,2023-06
3305,2022-03,2022-03
4350,2021-09,2021-10
2248,2024-04,2024-04
9162,2020-02,2020-02
8353,2020-06,2024-01
7265,2020-01,2020-01
4089,2020-01,2020-05
9316,2023-09,2024-05
2080,2020-03,2023-12
1790,2020-08,2020-08
4791,2020-09,2020-09
5782,2020-06,2023-03
5937,2021-09,2023-08
8043,2021-03,2021-03
1260,2023-07,2024-11
2428,2020-09,2020-09
9852,2020-05,2022-10
2094,2021-11,2022-11
7807,2021-03,2022-08
7769,2022-02,2023-10
8598,2020-02,2023-08
6604,2020-10,2020-10
7184,2021-05,2021-05
5895,2022-01,2022-02
4408,2024-05,2024-05
2815,2020-01,2020-01
5097,2022-07,2022-07
2819,2023-02,2023-02
3289,2021-01,2024-07
6163,2023-10,2023-10
1807,2020-03,2023-10
3216,2022-05,2022-05
4089,2020-01,2021-02
4371,2020-08,2021-11
2144,2023-05,2024-11
9520,2021-10,2022-03
1466,2023-02,2023-02
7168,2024-05,2024-12
3271,2021-10,2021-10
1232,2021-05,2022-02
2738,2022-08,2022-08
5865,2020-10,2020-10
8823,2020-12,2020-12
7882,2021-03,2021-11
5008,2020-12,2024-10
3225,2020-02,2023-11
8431,2022-05,2022-08
5618,2022-06,2023-12
6360,2021-02,2022-11
6650,2023-03,2023-03
3583,2020-05,2023-07
9310,2020-01,2022-05
8570,2021-08,2021-08
7131,2020-08,2021-09
5333,2020-08,2024-09
2386,2020-06,2021-05
5917,2024-07,2024-07
2352,2021-08,2022-03
6469,2023-06,2023-06
5526,2020-04,2024-02
5803,2020-06,2020-06
5119,2021-09,2022-06
4903,2021-07,2021-07
1494,2022-08,2025-04
3783,2022-11,2023-04
9623,2020-01,2020-01
6987,2020-07,2023-09
1152,2021-09,2021-09
8699,2021-04,2021-05
6679,2020-11,2024-02
5935,2021-06,2022-09
4743,2022-10,2022-10
6631,2022-07,2022-09
3100,2021-09,2021-09
1456,2020-09,2020-09
6072,2021-06,2021-06
8922,2022-10,2022-10
9114,2020-12,2020-12
7936,2023-10,2023-10
2734,2020-01,2022-11
5883,2020-07,2020-07
3089,2021-06,2023-11
2438,2020-10,2020-10
6735,2020-10,2020-10
8992,2020-12,2024-04
3935,2020-07,2024-03
4296,2020-05,2025-03
7547,2020-04,2020-04
6545,2024-01,2024-01
1855,2022-11,2022-11
9537,2024-03,2025-04
6693,2020-06,2020-06
2799,2020-10,2021-12
7813,2020-03,2020-03
7903,2020-02,2023-02
5940,2021-06,2023-10
4924,2020-11,2023-10
4915,2020-06,2020-12
1231,2021-01,2022-09
6137,2022-10,2022-10
2909,2021-06,2022-02
4589,2020-03,2020-03
7804,2022-03,2022-08
3157,2020-05,2020-05
2222,2020-08,2020-08
7470,2023-12,2025-01
3107,2021-06,2021-06
8039,2021-05,2021-05
6110,2020-10,2020-10
7354,2021-04,2021-04
5983,2021-05,2021-05
9314,2021-01,2021-09
4247,2023-02,2023-02
4677,2024-03,2024-11
9104,2022-01,2023-07
4356,2024-04,2024-04
3956,2020-07,2023-01
2287,2020-08,2020-08
4851,2020-01,2020-01
3197,2023-11,2023-11
1163,2021-06,2021-06
4339,2020-12,2020-12
2482,2022-07,2022-07
7967,2020-07,2024-11
1278,2021-01,2021-10
6667,2021-02,2021-02
1072,2020-01,2020-01
3847,2021-10,2021-10
4089,2020-01,2024-07
4376,2021-04,2021-04
9033,2021-09,2021-09
5740,2021-05,2023-03
9533,2022-05,2024-10
1030,2022-11,2025-02
1578,2021-06,2021-06
3610,2021-04,2021-04
4571,2022-08,2022-08
9581,2023-01,2023-01
5990,2020-02,2021-07
4391,2020-07,2020-07
3086,2021-04,2021-04
6595,2022-06,2022-06
2899,2021-08,2024-01
3478,2022-05,2022-05
9848,2023-01,2023-01
6398,2020-05,2023-08
3273,2020-03,2020-08
6486,2020-04,2024-04
2049,2021-05,2021-05
3680,2025-03,2025-03
8645,2020-02,2023-07
1491,2021-11,2022-04
7411,2022-09,2024-11
4744,2021-08,2022-12
5976,2021-12,2021-12
2206,2020-07,2020-08
7785,2020-05,2020-05
9444,2020-12,2020-12
4153,2020-02,2023-07
9050,2022-01,2024-09
3834,2020-04,2020-04
5556,2023-07,2023-07
4685,2021-08,2021-08
6653,2023-01,2023-01
2763,2021-06,2021-06
5111,2021-01,2024-11
8343,2021-01,2021-01
7792,2020-02,2020-02
6608,2021-08,2022-04
5088,2024-05,2024-05
9213,2024-10,2024-10
8472,2021-03,2021-12
7521,2020-01,2023-08
5785,2020-12,2024-06
2183,2021-09,2021-09
9279,2021-09,2024-03
3772,2022-10,2022-10
2209,2022-08,2023-10
8648,2020-08,2020-08
5394,2020-03,2020-03
7552,2020-02,2020-02
6767,2020-12,2024-03
3255,2020-02,2024-06
3193,2020-03,2020-03
2778,2021-06,2021-06
6370,2021-12,2021-12
1388,2020-02,2023-01
5995,2021-09,2022-11
5857,2020-01,2021-05
5194,2021-06,2022-11
8504,2021-02,2024-08
7473,2021-04,2021-04
9885,2023-02,2023-02
6623,2020-03,2020-03
1556,2023-01,2023-01
2481,2022-08,2023-02
6679,2020-11,2021-01
8267,2020-06,2021-08
4412,2023-02,2024-05
6973,2024-01,2024-01
4084,2022-11,2022-11
2917,2023-03,2023-03
2424,2021-05,2023-11
1502,2023-01,2024-05
6360,2021-02,2021-02
1562,2020-03,2020-06
9763,2020-03,2022-08
3225,2020-02,2020-02
1476,2020-11,2023-01
4517,2020-01,2020-03
2641,2021-02,2021-02
1186,2024-11,2024-12
7994,2022-12,2023-12
8022,2021-07,2021-07
3685,2020-03,2023-02
8271,2020-04,2021-06
9245,2021-04,2021-09
6924,2023-10,2024-06
8536,2020-01,2020-01
1041,2021-11,2021-11
6340,2020-06,2020-06
4175,2021-02,2021-02
8836,2020-03,2020-03
7407,2022-02,2022-12
4997,2022-04,2022-04
1092,2020-03,2020-03
6598,2020-10,2020-10
9727,2021-05,2023-04
1820,2021-10,2023-05
9234,2020-03,2024-07
1952,2020-09,2024-03
4479,2020-03,2022-07
3885,2020-11,2021-11
3093,2022-09,2023-01
9329,2021-10,2021-10
1535,2020-04,2022-03
1847,2022-08,2022-08
5814,2024-01,2024-01
8648,2020-08,2025-04
1669,2021-07,2022-11
1910,2024-06,2024-06
8385,2020-05,2020-05
6246,2023-04,2023-04
4797,2020-01,2025-04
9128,2023-01,2023-01
4800,2020-08,2023-09
1531,2020-07,2021-09
2714,2022-04,2022-04
9702,2023-12,2024-07
7192,2021-05,2021-05
4588,2022-04,2022-04
1217,2020-02,2024-02
9872,2020-07,2020-07
3869,2020-02,2021-10
2696,2020-02,2021-05
1685,2022-10,2023-08
5918,2022-02,2023-03
5813,2020-11,2023-04
5631,2020-12,2023-06
6136,2022-12,2024-10
1595,2020-02,2023-07
3285,2020-08,2021-04
8334,2023-11,2023-11
7376,2023-09,2023-09
7344,2024-10,2024-10
9578,2020-07,2021-11
2163,2021-02,2022-07
1273,2021-09,2023-08
8706,2025-03,2025-03
8555,2021-02,2021-02
4185,2020-07,2022-01
9364,2021-03,2022-10
3639,2020-01,2021-09
4350,2021-09,2021-09
8335,2021-09,2022-03
7305,2020-10,2020-10
9352,2022-06,2022-06
8731,2021-03,2023-09
2308,2025-02,2025-02
4644,2022-02,2022-02
2272,2020-01,2020-12
7798,2020-08,2022-07
8357,2021-02,2021-06
9082,2020-03,2021-09
3208,2021-05,2021-05
1967,2020-11,2020-11
8273,2020-12,2024-02
5420,2020-06,2020-06
4042,2020-07,2020-07
4427,2020-12,2020-12
8174,2020-06,2020-06
2814,2022-10,2024-01
3781,2021-04,2021-04
8735,2022-03,2022-03
7193,2020-04,2020-04
2050,2023-12,2023-12
5617,2021-02,2024-05
8809,2020-01,2020-01
6955,2024-02,2024-08
6065,2024-08,2024-08
6839,2023-05,2023-05
8264,2020-10,2024-08
9490,2023-10,2023-10
3285,2020-08,2024-01
1795,2021-09,2021-09
6985,2023-03,2023-03
2838,2023-04,2023-04
8804,2021-09,2022-10
9903,2020-04,2020-04
6239,2020-09,2021-11
7888,2020-02,2020-02
7033,2021-09,2021-09
9717,2021-06,2021-06
9922,2020-08,2024-11
4432,2020-02,2021-07
4659,2023-10,2023-10
1991,2022-03,2022-03
6243,2021-01,2022-04
1845,2022-03,2023-06
5902,2022-02,2023-02
7173,2022-11,2022-11
4384,2022-08,2025-03
3469,2021-05,2022-05
6891,2024-06,2024-06
8406,2020-09,2020-09
6190,2022-08,2024-06
8708,2020-06,2023-11
3186,2020-06,2020-07
9911,2024-01,2024-01
4318,2021-11,2021-11
3381,2020-01,2021-02
2803,2025-04,2025-04
7384,2023-02,2023-02
9376,2021-09,2022-03
8580,2020-01,2025-01
8887,2020-04,2020-04
4532,2021-03,2024-09
4426,2021-03,2022-06
5572,2020-03,2023-03
4037,2022-04,2024-03
4100,2020-12,2020-12
3539,2020-06,2020-06
5596,2022-01,2023-07
3878,2021-09,2022-02
4652,2020-09,2020-09
1015,2020-12,2020-12
4038,2022-08,2022-08
5107,2022-12,2024-01
9221,2022-02,2024-06
7030,2021-12,2024-01
3690,2020-09,2022-07
4916,2020-01,2020-01
1838,2020-09,2020-09
7591,2021-04,2025-04
3597,2021-04,2021-04
8779,2022-11,2022-11
5960,2021-01,2021-01
6052,2022-12,2022-12
9956,2021-03,2023-06
8258,2022-02,2024-08
8154,2020-04,2021-06
4189,2022-03,2024-11
7007,2020-03,2024-12
3828,2021-07,2021-07
9785,2023-10,2023-10
4445,2020-02,2020-04
1828,2020-04,2023-12
9818,2020-08,2020-08
3785,2020-07,2020-07
8198,2020-10,2020-10
5742,2020-03,2021-12
4497,2020-10,2022-10
7498,2023-07,2023-07
5808,2022-01,2022-01
8685,2020-02,2020-02
3494,2021-03,2021-03
4860,2023-09,2023-09
7639,2020-02,2020-02
9447,2020-02,2020-02
9185,2021-05,2022-03
2479,2022-04,2023-05
5163,2020-08,2021-08
4646,2020-02,2020-07
1566,2024-07,2024-07
2000,2022-08,2022-08
2604,2021-08,2022-10
7149,2020-01,2022-07
9587,2020-03,2020-03
6013,2023-04,2023-04
9739,2020-05,2020-05
7199,2021-02,2022-07
6767,2020-12,2020-12
1030,2022-11,2022-11
7995,2021-12,2023-03
7792,2020-02,2024-10
1985,2020-10,2020-10
1100,2022-02,2023-02
1288,2023-05,2023-05
5290,2020-11,2021-06
4264,2022-11,2022-11
2735,2022-12,2022-12
7221,2021-06,2024-11
6116,2020-10,2021-12
7822,2020-07,2024-07
9940,2025-01,2025-04
8710,2021-05,2024-07
3416,2020-03,2024-03
6720,2021-09,2021-09
5486,2020-12,2024-01
9598,2020-04,2024-04
5359,2020-09,2020-09
8551,2020-06,2020-06
1250,2024-11,2024-11
9451,2021-08,2021-08
4995,2023-03,2023-03
6669,2023-10,2023-10
1498,2021-03,2023-06
8282,2020-08,2020-08
6567,2023-08,2024-04
4263,2020-02,2020-10
2320,2020-02,2020-02
6190,2022-08,2023-11
2081,2020-06,2020-06
3717,2020-04,2023-05
3912,2024-01,2024-01
9317,2020-06,2022-02
2183,2021-09,2022-04
3965,2020-02,2020-02
6803,2023-07,2023-07
7430,2024-06,2024-06
3587,2020-12,2022-07
3723,2021-03,2021-11
6367,2020-10,2024-03
4735,2021-09,2021-09
5563,2021-05,2023-11
2038,2020-03,2020-03
5838,2020-06,2020-06
3765,2020-06,2022-02
3758,2022-11,2022-11
7511,2022-02,2023-04
4774,2023-08,2023-08
5844,2020-12,2022-08
4800,2020-08,2020-08
6812,2021-06,2023-01
5358,2020-11,2021-08
6838,2022-08,2024-03
4130,2020-02,2025-04
9564,2020-09,2021-12
2573,2021-02,2021-09
5027,2020-02,2024-10
1766,2023-01,2023-01
6450,2020-06,2020-06
9374,2023-09,2023-09
2733,2023-09,2025-01
6160,2020-05,2024-12
4463,2020-01,2020-01
2716,2022-11,2023-04
8918,2020-01,2022-02
8709,2023-01,2023-01
2756,2022-08,2024-02
3045,2024-02,2024-05
1161,2024-12,2024-12
5197,2021-09,2021-09
9259,2020-05,2020-05
7490,2020-02,2020-02
4409,2021-08,2023-11
7199,2021-02,2021-02
8249,2024-11,2024-11
7200,2021-03,2023-07
8699,2021-04,2021-04
1109,2023-04,2023-04
1025,2020-07,2020-07
4452,2021-10,2021-10
6825,2021-05,2021-05
9740,2020-05,2020-05
5620,2022-12,2022-12
5047,2021-05,2023-09
7588,2020-12,2024-02
6383,2021-01,2023-12
7118,2020-06,2022-05
7860,2021-04,2022-01
1840,2021-01,2021-01
2616,2020-05,2023-01
8698,2021-09,2023-01
6162,2022-03,2022-03
2098,2022-12,2023-11
8986,2024-03,2024-03
3567,2020-11,2020-11
4768,2022-03,2022-03
1187,2020-02,2024-11
6863,2022-03,2022-03
3222,2021-03,2021-03
1684,2022-12,2023-07
6664,2022-05,2022-05
8667,2021-03,2021-03
1494,2022-08,2022-08
9009,2021-03,2021-03
8459,2020-10,2020-10
9019,2020-02,2020-02
8365,2021-06,2023-09
5513,2022-03,2022-10
1652,2021-09,2021-09
8517,2022-04,2025-04
6079,2020-04,2020-04
6511,2021-02,2021-02
4817,2020-05,2020-05
1513,2020-12,2021-08
5109,2021-11,2021-11
4368,2020-02,2023-05
9870,2020-03,2020-05
2582,2023-07,2023-07
1330,2023-06,2023-06
9141,2020-03,2021-09
8033,2021-06,2021-06
4515,2020-07,2020-07
3646,2020-01,2020-01
9238,2021-03,2022-06
8476,2021-06,2024-09
7952,2024-12,2024-12
2652,2020-07,2020-07
8579,2020-09,2020-09
5050,2021-08,2021-08
2945,2020-12,2023-01
6436,2020-05,2020-05
7874,2020-01,2023-02
3382,2020-12,2020-12
3618,2020-01,2020-01
3352,2022-10,2022-10
2927,2020-07,2020-07
9749,2021-02,2021-02
3696,2023-01,2023-01
2048,2020-08,2023-07
1423,2020-11,2022-06
2637,2021-10,2021-10
6484,2020-02,2020-02
8621,2021-01,2023-06
5556,2023-07,2024-02
4329,2022-03,2022-03
7036,2021-01,2023-01
1357,2020-02,2020-02
8130,2020-08,2020-08
5182,2020-07,2024-07
5439,2024-03,2024-03
1078,2022-07,2024-11
5452,2022-02,2022-03
7055,2023-10,2024-06
4906,2021-02,2021-02
1834,2020-11,2020-11
1661,2023-05,2025-01
8967,2020-05,2023-11
9586,2021-12,2025-02
9246,2021-01,2021-02
6005,2022-07,2024-09
5380,2020-09,2020-09
8953,2023-05,2024-12
3444,2021-06,2021-06
2882,2020-02,2024-10
8871,2020-11,2020-11
7682,2022-01,2022-01
5519,2020-08,2022-09
9335,2020-07,2021-01
4987,2021-10,2025-04
2096,2020-04,2020-04
6285,2022-01,2025-01
3340,2021-12,2021-12
1903,2020-02,2020-09
9119,2020-02,2023-11
6305,2022-10,2023-10
1033,2021-03,2025-03
8790,2022-09,2022-09
1328,2020-11,2020-11
6737,2021-07,2022-09
1765,2025-03,2025-03
2631,2022-11,2022-11
9097,2022-11,2022-11
8869,2022-11,2022-11
8173,2021-05,2021-05
8338,2024-02,2024-02
8679,2021-02,2024-07
4489,2023-08,2024-07
1151,2022-10,2023-10
3923,2024-01,2024-01
3576,2021-02,2025-03
1385,2022-03,2023-11
9384,2021-02,2023-07
8980,2024-09,2024-09
8567,2020-05,2022-08
8182,2021-01,2021-01
6697,2020-03,2020-07
7492,2020-03,2024-02
2093,2021-06,2021-06
7897,2022-05,2022-05
3066,2020-08,2020-08
5632,2020-01,2020-01
9394,2021-10,2021-10
1734,2021-07,2021-07
1351,2021-03,2021-03
6247,2020-09,2020-09
6749,2022-01,2022-01
7436,2021-08,2024-11
5216,2022-03,2022-03
8721,2021-09,2021-09
3535,2020-08,2021-02
1908,2021-02,2021-03
8077,2021-02,2022-12
7651,2020-01,2020-10
1069,2021-05,2021-05
3928,2020-04,2024-11
2866,2020-03,2020-03
5547,2020-08,2020-08
3730,2020-03,2025-01
8116,2020-09,2021-06
1197,2021-10,2022-05
4928,2020-06,2020-06
1524,2022-03,2022-03
4675,2022-05,2023-12
7195,2020-08,2020-08
7305,2020-10,2022-07
7099,2020-12,2025-04
6165,2020-07,2020-07
1182,2021-01,2021-01
6986,2022-04,2022-04
6966,2023-06,2023-09
7119,2020-01,2023-03
9709,2022-09,2022-09
5739,2020-11,2021-08
6630,2020-01,2020-01
9948,2023-08,2024-09
3839,2021-02,2023-10
7506,2020-01,2020-01
5038,2023-03,2024-06
1573,2024-08,2024-08
6484,2020-02,2024-04
6999,2020-11,2020-11
8319,2021-01,2022-09
2237,2021-05,2021-05
8776,2020-04,2020-11
6481,2021-08,2023-06
8443,2021-07,2022-04
5115,2022-06,2025-04
9682,2023-03,2023-03
2083,2021-06,2023-12
7932,2020-02,2020-05
4233,2022-07,2022-07
2461,2021-02,2024-09
7171,2020-04,2020-04
8070,2021-08,2021-08
3476,2020-01,2023-01
5287,2021-06,2021-11
1641,2020-06,2024-04
2552,2022-03,2024-10
2756,2022-08,2023-10
2771,2021-01,2021-01
8253,2020-10,2024-08
9769,2020-05,2021-10
5113,2023-09,2023-09
2956,2023-03,2023-03
9443,2021-08,2021-08
5091,2022-03,2025-01
9539,2021-03,2021-03
9437,2022-10,2024-06
1195,2022-02,2022-02
9320,2023-01,2023-01
5387,2021-10,2021-10
5630,2022-06,2023-04
6569,2020-06,2023-03
2840,2020-01,2023-11
6555,2022-08,2022-08
4626,2023-07,2023-07
9490,2023-10,2024-02
8079,2021-06,2021-06
1623,2023-03,2023-03
4865,2023-03,2024-08
7732,2023-10,2023-10
5971,2022-09,2022-09
2230,2020-08,2024-04
8047,2024-01,2024-01
5231,2020-05,2020-05
3441,2025-04,2025-04
6680,2020-03,2024-01
7496,2022-05,2022-05
8488,2022-05,2022-05
9343,2023-01,2024-10
6259,2022-11,2024-02
7369,2022-07,2022-07
3435,2022-11,2022-12
2294,2022-08,2025-01
8089,2020-05,2020-05
6799,2022-08,2024-11
7874,2020-01,2024-04
9393,2021-08,2021-12
1371,2021-11,2021-11
6658,2020-05,2022-07
4852,2023-07,2023-07
7489,2022-08,2022-08
7519,2021-03,2021-03
9656,2023-04,2024-07
6291,2021-05,2021-05
3082,2024-10,2024-10
8729,2021-03,2021-03
9015,2020-12,2021-06
4053,2023-01,2023-01
6964,2022-06,2022-06
9028,2020-06,2023-02
7502,2020-07,2022-11
1218,2023-12,2024-11
4278,2023-08,2023-08
1592,2023-08,2023-08
5444,2022-05,2023-08
3306,2020-08,2020-08
9437,2022-10,2022-11
9941,2020-04,2020-04
3817,2024-06,2024-06
7276,2024-10,2024-10
4213,2021-06,2021-06
7795,2021-03,2024-10
8136,2022-09,2022-09
4932,2021-02,2022-09
2358,2023-11,2023-11
6578,2021-07,2024-05
3011,2020-03,2020-03
6642,2021-08,2021-08
8705,2022-04,2022-04
1536,2022-11,2025-03
9420,2022-05,2022-05
9145,2020-05,2020-05
7889,2021-02,2021-02
6945,2023-11,2023-11
3187,2020-03,2022-08
5690,2020-01,2020-01
6976,2020-11,2020-11
2564,2020-02,2022-01
5618,2022-06,2022-06
2199,2021-09,2021-09
4051,2020-03,2020-03
3026,2023-06,2023-06
7995,2021-12,2021-12
1818,2023-01,2023-01
8968,2024-05,2024-05
8711,2022-02,2024-01
3224,2020-05,2020-05
2598,2024-03,2024-03
5837,2020-10,2023-10
9344,2021-04,2021-04
8672,2021-08,2024-12
7459,2021-07,2021-07
9949,2020-04,2022-03
8793,2024-02,2024-02
4632,2025-03,2025-03
5628,2022-03,2024-09
4469,2020-04,2023-02
3124,2022-02,2022-02
6899,2020-01,2025-01
8813,2021-09,2021-09
8470,2020-02,2020-02
8305,2021-10,2021-10
3700,2020-07,2020-07
9538,2021-02,2021-02
4058,2022-09,2023-05
9623,2020-01,2022-08
4723,2023-09,2023-09
9703,2020-06,2020-06
9752,2023-10,2023-10
5878,2023-01,2023-01
5675,2022-12,2025-03
5040,2023-10,2024-07
6096,2020-01,2021-06
1917,2020-06,2021-05
5004,2023-05,2023-05
9621,2021-12,2024-12
1894,2020-11,2021-11
6087,2020-03,2024-11
8769,2021-07,2021-07
7742,2021-11,2023-01
8409,2023-01,2023-01
9516,2020-06,2023-04
9466,2020-11,2021-04
7787,2024-06,2024-06
4683,2020-11,2023-12
5760,2020-08,2020-08
3212,2022-10,2022-10
2880,2022-04,2022-11
8179,2020-05,2024-10
6442,2024-05,2024-05
2431,2020-02,2025-03
4502,2020-08,2023-11
7922,2022-08,2022-08
4222,2023-02,2023-02
7210,2023-04,2023-04
5785,2020-12,2020-12
9084,2020-10,2020-10
2407,2020-06,2020-06
3518,2021-09,2022-05
1333,2020-10,2024-11
3020,2022-09,2022-09
2596,2020-06,2021-12
9267,2021-05,2023-06
7819,2020-01,2020-11
3985,2020-05,2020-05
9002,2021-03,2021-03
2764,2020-03,2020-03
1700,2020-03,2021-07
8295,2021-03,2023-10
1229,2022-03,2022-03
1025,2020-07,2021-02
6784,2020-12,2020-12
4004,2020-01,2025-02
3858,2022-11,2022-11
5800,2020-11,2020-11
7456,2022-04,2023-01
3105,2020-11,2024-01
4250,2021-05,2025-04
2883,2020-09,2023-06
8614,2023-07,2023-07
2047,2021-11,2022-01
5194,2021-06,2021-06
6366,2021-10,2021-10
8590,2020-08,2020-08
8930,2024-04,2024-04
5107,2022-12,2022-12
7357,2021-01,2023-11
9716,2023-08,2023-08
1787,2021-04,2021-04
1148,2020-12,2020-12
8169,2021-01,2021-01
1016,2020-09,2022-08
2229,2020-04,2020-04
3987,2025-04,2025-04
7765,2022-02,2022-02
1577,2024-02,2024-11
7460,2022-11,2023-05
7755,2023-05,2024-07
5472,2022-01,2024-12
2476,2020-09,2020-09
5748,2020-02,2023-05
7390,2020-04,2020-04
5013,2021-05,2021-05
1826,2020-02,2023-05
4231,2022-05,2022-05
7090,2021-09,2021-09
6339,2020-04,2021-06
7221,2021-06,2021-06
1172,2020-03,2020-03
2533,2021-06,2021-06
9179,2020-11,2021-04
4669,2020-11,2020-11
8557,2021-06,2024-05
7802,2020-06,2020-06
4005,2020-06,2020-06
5264,2020-03,2020-03
4352,2023-10,2023-10
4875,2020-06,2021-08
7469,2021-06,2024-08
6468,2021-02,2023-12
5188,2020-07,2020-07
6216,2020-08,2020-08
6519,2023-05,2023-05
4566,2020-05,2020-05
7453,2020-05,2021-09
2935,2024-04,2024-04
6876,2020-06,2020-06
5243,2020-02,2021-05
8574,2023-02,2023-02
1908,2021-02,2024-01
2771,2021-01,2025-01
6962,2020-11,2020-11
8805,2021-07,2022-04
5036,2022-11,2023-10
3622,2022-03,2024-05
3673,2021-10,2024-10
6192,2022-09,2022-09
7431,2023-02,2023-02
2002,2021-10,2023-02
9467,2020-02,2020-02
1605,2020-08,2024-04
7294,2022-08,2022-08
2574,2021-10,2021-10
9996,2024-01,2024-01
1155,2020-10,2020-10
5051,2021-10,2021-10
2718,2020-08,2020-08
7407,2022-02,2023-12
8716,2020-06,2025-02
1322,2020-11,2020-11
8119,2023-10,2024-05
5704,2024-08,2024-08
8897,2023-10,2023-10
2104,2022-02,2023-03
7134,2021-09,2022-06
6786,2020-07,2020-07
8748,2021-08,2021-08
6504,2020-10,2022-10
3541,2020-02,2020-02
6923,2021-04,2024-03
9958,2021-05,2021-05
1423,2020-11,2023-01
4194,2023-08,2023-08
3479,2020-06,2020-06
3905,2020-11,2020-11
4859,2020-01,2024-01
9899,2020-09,2022-12
9156,2023-11,2023-11
4176,2021-12,2023-11
7716,2021-09,2024-04
7726,2021-06,2023-08
9172,2020-03,2020-08
6897,2022-06,2023-02
3472,2021-08,2023-08
2682,2021-03,2021-03
6790,2024-08,2024-08
9623,2020-01,2023-05
8867,2021-05,2021-09
6087,2020-03,2025-04
1418,2021-11,2021-11
9895,2024-06,2024-06
6243,2021-01,2023-09
1024,2020-04,2020-04
7888,2020-02,2023-05
5259,2023-01,2023-01
2300,2021-06,2024-06
9706,2024-09,2024-09
9979,2020-04,2020-04
4176,2021-12,2021-12
5844,2020-12,2020-12
4968,2021-08,2021-09
5920,2020-02,2021-01
5530,2023-08,2023-08
4749,2022-04,2024-03
3423,2023-10,2024-04
8051,2021-09,2021-09
9224,2020-02,2020-02
6651,2020-05,2020-05
8944,2021-12,2021-12
9171,2020-08,2020-11
1823,2020-09,2023-06
2889,2020-05,2021-04
6234,2021-01,2022-12
5136,2021-05,2023-12
1432,2021-10,2022-05
7997,2020-01,2022-09
5418,2020-04,2022-11
8975,2024-01,2024-03
7187,2021-01,2021-01
6195,2021-09,2021-09
2525,2020-01,2020-01
8941,2020-05,2020-05
7371,2020-10,2021-09
8228,2023-02,2023-02
6735,2020-10,2021-04
9289,2020-09,2023-11
6674,2020-11,2023-01
8416,2020-01,2020-01
9769,2020-05,2022-11
5324,2020-06,2020-06
7394,2020-12,2021-12
4983,2025-03,2025-03
3966,2021-12,2022-10
8822,2021-01,2023-12
4883,2023-10,2023-10
2300,2021-06,2023-11
5491,2021-02,2021-02
7048,2024-12,2024-12
2333,2020-07,2024-10
9505,2020-04,2020-04
9073,2024-08,2025-01
9812,2020-05,2020-05
3078,2023-12,2024-07
1663,2024-09,2024-09
1978,2020-04,2021-01
6237,2021-11,2023-01
2856,2022-11,2022-11
6277,2020-07,2020-07
1531,2020-07,2020-07
2100,2020-02,2022-08
5962,2021-03,2023-02
7696,2020-11,2020-11
8689,2023-04,2023-04
4087,2022-02,2022-04
1906,2024-11,2024-11
6508,2021-09,2024-01
4190,2020-03,2020-03
8738,2022-11,2023-05
9875,2020-01,2020-01
3562,2023-10,2023-10
2966,2022-08,2022-08
9607,2021-04,2021-04
6328,2021-02,2021-08
3396,2025-03,2025-03
4118,2020-02,2020-02
5055,2021-08,2025-02
8465,2020-12,2020-12
9445,2022-01,2024-12
7304,2020-11,2024-10
9184,2020-04,2020-04
9245,2021-04,2021-11
1182,2021-01,2023-10
5789,2021-10,2024-05
1759,2022-08,2024-05
7549,2020-10,2020-10
1445,2022-04,2022-06
8232,2022-02,2022-02
3981,2020-01,2020-01
7631,2022-02,2023-07
9467,2020-02,2025-01
7321,2021-05,2021-05
5985,2020-01,2020-01
6754,2024-12,2024-12
2108,2021-11,2021-11
4330,2020-10,2022-03
8246,2020-11,2020-11
6172,2021-02,2021-12
8542,2020-03,2020-11
9205,2022-11,2022-11
6395,2020-01,2022-06
1036,2023-02,2023-09
7420,2022-06,2022-06
8818,2021-06,2021-11
4554,2020-10,2021-12
1544,2024-01,2024-01
1393,2022-09,2023-06
1744,2023-04,2023-09
8347,2020-12,2020-12
9761,2021-02,2021-02
9970,2020-09,2021-02
1460,2020-04,2020-04
8921,2020-06,2020-07
6465,2020-03,2020-03
3549,2020-02,2025-03
3795,2021-03,2021-03
8751,2022-10,2024-08
1041,2021-11,2022-04
4149,2020-04,2020-12
7094,2020-08,2020-08
7684,2020-11,2020-11
9222,2022-07,2024-12
9452,2022-08,2024-11
8258,2022-02,2022-02
7466,2020-04,2020-04
7779,2020-12,2021-06
8779,2022-11,2024-02
6828,2020-11,2021-12
6359,2021-05,2021-11
6217,2020-01,2020-04
8240,2021-03,2023-12
3143,2022-05,2022-05
5811,2020-05,2021-07
9735,2020-08,2024-01
9227,2020-11,2020-11
9856,2021-04,2025-04
9660,2020-09,2020-09
6613,2020-03,2024-07
6894,2020-04,2020-04
3440,2023-02,2025-03
3505,2023-07,2023-07
1268,2020-12,2024-01
7059,2023-07,2023-07
5963,2021-03,2022-10
7653,2021-01,2021-01
2947,2022-08,2022-08
2877,2021-04,2021-04
7008,2020-03,2020-03
2463,2022-02,2022-02
1272,2020-09,2020-09
6837,2020-03,2024-03
6109,2022-09,2024-06
1555,2020-03,2020-03
3257,2020-04,2020-04
1378,2021-06,2021-06
1608,2021-09,2024-08
6081,2022-06,2025-02
4964,2020-10,2021-03
6706,2022-02,2022-02
9293,2024-05,2024-05
4690,2020-05,2020-07
4459,2021-08,2021-08
5798,2025-03,2025-03
5987,2021-05,2022-09
2593,2022-10,2022-10
4619,2023-08,2023-08
5862,2022-07,2022-07
4014,2021-09,2024-03
7667,2021-08,2023-04
1577,2024-02,2024-09
1571,2021-09,2023-07
9991,2022-08,2022-08
9908,2020-12,2021-01
9123,2020-10,2020-10
2711,2020-01,2022-10
7168,2024-05,2024-05
1834,2020-11,2021-05
8337,2020-10,2025-01
1227,2021-05,2021-05
2895,2023-03,2023-03
9737,2022-11,2022-11
4651,2021-09,2024-03
9938,2020-03,2023-06
2779,2023-03,2023-03
2571,2022-11,2024-06
7242,2020-02,2020-12
7698,2023-04,2023-04
7057,2023-03,2023-03
3536,2020-12,2023-01
7909,2021-08,2021-11
7593,2020-01,2020-01
7466,2020-04,2024-05
6810,2020-02,2023-12
6063,2020-06,2020-06
1608,2021-09,2021-09
9283,2022-05,2022-07
2961,2020-12,2024-08
4612,2021-01,2024-08
9127,2021-05,2025-01
1603,2024-12,2025-02
7269,2020-05,2021-12
5342,2021-06,2022-07
8336,2024-09,2024-09
6455,2024-01,2024-01
5300,2020-07,2020-07
4036,2020-07,2020-07
6652,2022-08,2023-02
3350,2021-03,2021-03
5682,2020-04,2020-04
5209,2020-04,2022-05
2876,2020-04,2022-12
8584,2020-04,2023-12
9290,2020-12,2023-09
3212,2022-10,2023-01
9971,2021-11,2021-11
5039,2025-01,2025-01
3699,2020-09,2024-03
8786,2020-09,2022-12
8960,2021-04,2024-09
2983,2020-06,2021-01
5427,2021-10,2023-01
8132,2023-05,2023-05
6772,2021-06,2021-07
6333,2021-09,2024-04
2414,2020-05,2020-05
8049,2023-08,2023-09
4404,2021-08,2021-08
6899,2020-01,2020-01
6760,2022-02,2022-02
6931,2020-06,2020-06
6558,2022-07,2022-10
9866,2021-08,2021-08
9364,2021-03,2022-09
9611,2021-12,2021-12
1216,2020-04,2024-07
2176,2020-04,2020-04
4367,2020-05,2020-07
4020,2022-08,2022-08
9007,2020-08,2020-08
5067,2020-11,2020-11
3594,2021-01,2021-01
3533,2021-10,2025-04
8353,2020-06,2021-02
8037,2025-04,2025-04
6500,2020-10,2024-05
3025,2020-10,2023-05
7304,2020-11,2023-06
8500,2021-12,2024-06
3474,2023-05,2023-05
5398,2021-08,2021-08
2194,2021-03,2025-02
6678,2023-01,2023-10
3572,2020-06,2021-04
7607,2020-05,2025-03
1074,2024-01,2024-01
4766,2022-06,2024-10
8194,2022-03,2022-03
4059,2023-02,2024-05
7501,2021-02,2021-02
4381,2023-04,2023-04
8375,2021-09,2021-09
4986,2021-10,2022-01
9749,2021-02,2024-12
2668,2020-08,2020-08
2570,2022-01,2022-01
7521,2020-01,2020-01
1185,2023-09,2023-09
3214,2022-04,2022-04
4638,2022-05,2022-05
6986,2022-04,2023-01
2807,2022-01,2022-01
4948,2020-04,2020-04
2544,2021-04,2021-04
5261,2020-12,2020-12
2383,2020-09,2021-06
7984,2020-05,2020-05
4004,2020-01,2021-05
6787,2020-01,2020-06
1620,2021-05,2021-05
3860,2021-05,2021-05
9101,2020-04,2021-09
3159,2020-05,2024-01
2716,2022-11,2024-09
3398,2022-02,2022-02
2626,2024-04,2024-04
6527,2020-06,2024-09
3054,2020-07,2020-07
5736,2022-01,2022-01
8865,2024-06,2025-03
9133,2020-03,2021-11
7466,2020-04,2021-02
9576,2023-03,2023-03
8825,2023-06,2024-11
7924,2022-11,2022-11
7130,2022-06,2023-09
4513,2020-01,2021-02
7411,2022-09,2022-09
3686,2021-07,2021-07
8250,2021-01,2023-01
4210,2021-05,2021-05
8428,2025-04,2025-04
4238,2025-02,2025-02
1164,2022-01,2022-01
1428,2021-01,2022-09
7408,2023-04,2023-04
8903,2020-04,2023-05
5661,2020-02,2023-01
6347,2020-07,2023-08
9575,2021-10,2022-07
3814,2023-11,2023-11
8566,2023-09,2023-09
6409,2020-08,2021-08
4394,2020-01,2021-07
8430,2020-05,2020-05
6373,2022-04,2022-04
5861,2023-10,2023-10
5076,2020-01,2020-01
9016,2023-01,2024-10
5778,2021-10,2023-01
9288,2024-04,2024-09
6914,2020-10,2021-07
9946,2022-04,2022-04
3845,2020-02,2020-02
8020,2021-07,2022-11
9572,2020-10,2023-11
6889,2021-08,2023-08
6988,2024-11,2024-11
6508,2021-09,2021-09
9074,2020-04,2020-04
9188,2021-07,2022-04
1888,2020-08,2024-04
8271,2020-04,2020-04
2274,2021-06,2021-06
9197,2024-07,2025-01
4432,2020-02,2021-07
7891,2021-03,2021-03
1301,2020-09,2022-10
6118,2022-01,2023-01
4275,2023-03,2023-03
6355,2022-03,2022-03
3725,2021-12,2022-01
1893,2022-11,2022-11
2265,2023-12,2023-12
5527,2021-11,2021-11
7530,2022-01,2022-01
4786,2023-11,2024-08
5797,2020-12,2023-02
3558,2020-02,2020-02
2045,2021-05,2021-09
8354,2020-04,2024-11
5834,2021-11,2021-11
5096,2020-07,2022-08
6930,2022-04,2022-04
1190,2022-12,2022-12
7767,2020-02,2024-08
6867,2020-07,2020-11
4700,2020-06,2021-02
2425,2020-05,2022-03
4909,2020-07,2023-06
2792,2020-12,2020-12
3458,2024-01,2024-01
7166,2020-01,2022-10
1890,2020-04,2023-03
7937,2023-01,2024-05
3746,2020-07,2020-07
8303,2023-12,2023-12
2329,2020-09,2024-11
1718,2022-09,2023-07
9165,2020-07,2023-05
3105,2020-11,2022-10
9080,2024-02,2024-02
6699,2024-09,2024-10
6175,2024-12,2024-12
9586,2021-12,2022-01
2889,2020-05,2020-05
5084,2022-12,2022-12
6197,2021-04,2021-04
2533,2021-06,2022-11
5310,2020-11,2022-09
9204,2020-09,2020-10
6002,2020-07,2025-03
4552,2022-09,2024-10
4340,2023-02,2024-02
8699,2021-04,2022-09
5320,2021-11,2021-11
7715,2020-07,2024-02
6083,2020-09,2020-09
1876,2020-07,2025-03
1080,2021-12,2021-12
3002,2021-06,2022-01
9076,2021-10,2021-10
8561,2023-02,2023-02
4379,2020-01,2020-01
2857,2021-03,2021-09
8404,2020-01,2020-01
2482,2022-07,2023-12
2439,2023-02,2023-02
5004,2023-05,2024-12
7237,2020-12,2023-10
5252,2020-06,2020-06
2045,2021-05,2021-05
6196,2021-07,2021-07
7534,2020-12,2020-12
8171,2021-09,2021-12
5766,2022-03,2022-03
5590,2022-04,2024-11
3826,2022-10,2025-03
2142,2020-02,2024-01
8750,2022-11,2022-11
7484,2021-06,2024-04
5501,2020-07,2024-12
3389,2020-03,2021-07
7970,2023-03,2023-03
3069,2020-02,2020-07
7925,2023-12,2024-01
7559,2020-01,2021-02
6696,2023-06,2024-08
6536,2020-07,2024-08
5572,2020-03,2024-07
7404,2020-10,2022-02
9114,2020-12,2022-04
6320,2020-09,2021-12
2614,2020-06,2021-06
6152,2024-08,2024-10
6301,2020-05,2020-05
2694,2022-07,2022-08
8795,2020-04,2022-08
2707,2021-08,2021-08
5761,2020-05,2022-08
4966,2021-11,2022-01
1194,2020-01,2025-03
1745,2020-02,2023-03
8016,2020-09,2020-09
6263,2021-05,2021-05
1876,2020-07,2020-07
4726,2020-01,2024-11
2744,2020-08,2025-04
5559,2022-08,2022-08
6020,2021-06,2021-06
4901,2021-10,2023-07
7080,2020-11,2020-11
8680,2020-04,2024-02
8828,2022-05,2024-08
7988,2022-09,2022-09
3559,2020-05,2020-05
4955,2020-01,2021-01
8924,2020-07,2023-04
1799,2020-08,2021-09
4510,2022-09,2022-09
2893,2022-03,2022-03
7518,2021-04,2021-04
8334,2023-11,2024-10
6873,2020-05,2023-08
6366,2021-10,2024-05
6804,2020-07,2020-07
8914,2020-01,2020-01
9227,2020-11,2023-07
8322,2022-03,2022-03
7524,2020-05,2024-06
4366,2021-07,2021-07
3816,2021-01,2021-01
2554,2020-07,2020-07
5413,2020-02,2020-02
7246,2020-01,2022-03
9401,2023-07,2025-04
1424,2024-02,2024-02
1883,2022-02,2022-02
2458,2020-05,2020-05
2929,2020-03,2021-07
6443,2024-05,2024-05
3433,2022-10,2023-08
4435,2021-09,2024-07
4037,2022-04,2025-04
9165,2020-07,2022-07
4509,2020-11,2020-11
8027,2021-02,2021-07
8544,2023-01,2024-05
2506,2022-11,2023-08
9139,2022-10,2024-04
4090,2020-02,2020-02
9059,2020-03,2020-03
5167,2022-09,2024-02
6071,2020-01,2020-01
5139,2020-09,2020-09
4906,2021-02,2024-06
2833,2020-12,2021-04
8460,2020-04,2022-02
5710,2024-09,2024-09
6395,2020-01,2023-03
6406,2021-02,2022-10
1035,2022-05,2022-05
6966,2023-06,2023-06
9968,2022-10,2022-10
4665,2021-09,2021-09
3984,2021-09,2021-12
6705,2023-05,2024-09
9529,2020-02,2020-09
7918,2020-08,2021-03
3091,2024-12,2024-12
4921,2020-03,2024-05
2206,2020-07,2021-08
1831,2020-04,2020-04
6376,2023-09,2023-09
1726,2023-09,2023-09
7635,2022-07,2024-07
9606,2023-03,2023-03
2697,2020-10,2020-10
3066,2020-08,2020-12
1546,2020-04,2025-04
9580,2023-10,2023-10
8774,2021-08,2021-08
5987,2021-05,2023-04
5072,2021-04,2024-09
6787,2020-01,2021-10
9506,2020-10,2020-10
3776,2023-03,2023-06
7950,2021-06,2022-07
4044,2022-09,2023-01
1886,2020-08,2020-08
4426,2021-03,2022-12
2748,2020-03,2021-07
8358,2023-07,2023-07
5422,2022-06,2022-06
5036,2022-11,2022-11
8278,2020-06,2020-09
8170,2021-06,2021-06
9908,2020-12,2020-12
4422,2022-06,2022-06
5099,2020-11,2020-11
3769,2022-02,2022-02
6130,2024-06,2024-06
8999,2020-03,2020-03
1254,2024-02,2024-02
6833,2020-07,2023-04
9499,2021-03,2021-03
5322,2020-03,2024-01
3036,2021-04,2021-06
3935,2020-07,2020-07
4806,2023-09,2023-09
1949,2023-12,2023-12
9764,2021-05,2021-05
3719,2020-02,2020-10
8967,2020-05,2025-01
8610,2020-09,2022-08
7982,2020-04,2020-04
6261,2020-12,2024-10
4544,2021-04,2022-05
1264,2022-07,2023-03
9084,2020-10,2024-03
7579,2024-11,2024-11
2484,2021-01,2024-04
8057,2020-11,2020-11
6445,2024-04,2024-04
1418,2021-11,2025-04
4367,2020-05,2023-12
5188,2020-07,2024-11
8989,2024-02,2024-02
8643,2021-02,2021-07
8956,2022-03,2022-03
4460,2020-10,2022-02
9822,2020-07,2020-07
1238,2025-01,2025-01
9476,2020-09,2023-02
3357,2020-02,2020-02
3990,2021-07,2022-03
5891,2021-05,2021-05
5423,2022-06,2022-06
3415,2021-02,2023-05
1993,2022-03,2023-03
3202,2020-08,2021-11
1394,2020-12,2021-07
7301,2021-06,2021-06
2960,2021-04,2022-06
3603,2021-06,2023-12
1560,2020-11,2020-11
9990,2023-05,2024-06
1371,2021-11,2023-05
6256,2021-07,2021-07
2617,2023-05,2023-05
9840,2020-09,2020-09
5309,2022-04,2022-04
6351,2020-01,2020-01
9824,2020-03,2020-03
8327,2021-11,2021-11
1550,2020-09,2020-09
1909,2024-11,2024-11
6923,2021-04,2021-04
6338,2022-02,2023-03
1157,2021-06,2021-06
1794,2020-08,2024-08
9166,2020-09,2024-06
4976,2020-08,2024-07
2172,2021-02,2021-02
2285,2022-10,2022-10
6719,2020-03,2023-08
1854,2021-06,2021-06
1313,2023-10,2023-10
5452,2022-02,2022-02
6068,2021-05,2021-05
1803,2021-03,2021-03
1612,2020-07,2022-01
7755,2023-05,2023-05
5127,2021-08,2021-08
9657,2023-07,2023-07
9773,2021-02,2021-02
3791,2023-10,2024-02
5621,2020-11,2020-11
3326,2020-06,2020-06
7963,2022-04,2022-04
7914,2021-07,2021-07
9689,2020-07,2020-07
6429,2021-01,2024-03
9309,2020-12,2020-12
2749,2020-07,2021-04
6781,2023-07,2023-07
7109,2022-08,2022-08
2925,2020-03,2020-03
1368,2020-04,2020-04
6541,2021-01,2021-01
2157,2021-10,2024-11
2165,2022-02,2022-02
5497,2020-12,2020-12
7345,2021-07,2021-07
1653,2020-12,2020-12
3560,2020-11,2023-02
8513,2020-01,2021-03
3656,2022-12,2022-12
2632,2023-07,2023-07
5792,2022-04,2024-11
7871,2023-06,2023-06
9275,2020-10,2020-10
5117,2022-05,2022-05
9884,2020-07,2020-07
2102,2020-02,2024-10
8273,2020-12,2022-12
5571,2020-07,2024-05
3574,2020-10,2025-03
6318,2020-02,2022-08
5360,2025-04,2025-04
9687,2020-04,2020-04
6009,2021-04,2021-04
6071,2020-01,2023-11
5179,2020-06,2020-06
3534,2021-05,2023-04
9243,2020-01,2020-11
8808,2021-10,2025-02
7509,2021-01,2023-11
8820,2020-09,2020-09
8700,2021-08,2021-08
9702,2023-12,2024-12
5492,2023-12,2023-12
2827,2021-10,2023-08
8447,2021-05,2021-05
9818,2020-08,2025-02
8234,2022-01,2022-03
8086,2022-10,2022-10
1939,2025-03,2025-03
2974,2020-01,2022-02
3681,2020-01,2020-01
3067,2021-06,2025-01
4450,2021-02,2023-02
9130,2022-08,2022-08
9699,2020-08,2020-08
8331,2021-12,2023-08
1428,2021-01,2021-01
8144,2020-05,2023-04
7810,2020-01,2023-07
5964,2020-01,2020-01
8822,2021-01,2024-06
5451,2020-03,2020-03
8668,2022-02,2024-09
3208,2021-05,2024-08
1299,2021-04,2021-04
7037,2020-09,2020-09
5623,2020-10,2024-01
9818,2020-08,2023-09
3165,2020-07,2023-10
4546,2021-11,2021-11
5408,2022-06,2023-07
6518,2020-08,2024-05
8756,2020-07,2024-05
7717,2022-01,2022-01
5448,2024-04,2024-04
6471,2020-11,2025-04
6594,2020-02,2020-02
8361,2020-03,2020-05
8702,2022-04,2022-04
3341,2022-11,2022-11
6357,2021-06,2021-06
9158,2021-09,2024-07
5467,2021-03,2022-06
7985,2022-07,2022-07
4846,2023-07,2024-02
9852,2020-05,2020-05
4070,2023-06,2023-06
6017,2024-04,2024-04
5677,2020-10,2023-01
1756,2020-07,2022-06
7522,2021-08,2021-08
6814,2023-12,2023-12
8651,2020-01,2022-03
3286,2020-05,2022-10
7882,2021-03,2021-03
2058,2021-03,2024-07
4162,2021-06,2024-09
6466,2021-12,2023-09
8712,2023-05,2023-05
3882,2022-08,2023-06
7360,2020-05,2023-10
7997,2020-01,2023-01
2015,2024-09,2024-09
3325,2020-07,2021-01
1754,2022-03,2022-03
4222,2023-02,2023-05
6044,2020-05,2020-05
1301,2020-09,2024-01
5909,2022-10,2024-03
3876,2024-03,2024-03
5610,2021-09,2024-02
2479,2022-04,2025-03
6774,2024-03,2024-03
2930,2022-07,2023-06
3859,2022-06,2022-06
7889,2021-02,2024-10
5051,2021-10,2022-12
9886,2021-07,2021-07
2547,2020-05,2020-05
6716,2020-02,2020-02
3377,2022-10,2022-10
4776,2021-01,2024-08
1975,2021-04,2021-04
7304,2020-11,2020-11
8089,2020-05,2023-07
3526,2020-10,2022-10
4094,2021-11,2024-07
8891,2020-04,2021-08
5702,2021-06,2022-12
9206,2020-11,2020-11
8766,2024-08,2024-08
6021,2020-12,2023-11
6316,2020-07,2020-12
1159,2020-10,2020-10
3937,2021-10,2021-10
3238,2022-03,2023-12
8437,2023-05,2023-05
7570,2023-04,2023-04
6406,2021-02,2023-09
7955,2020-08,2020-11
3386,2023-02,2025-01
6000,2020-12,2023-05
9372,2021-12,2022-07
3352,2022-10,2023-08
8559,2021-07,2021-07
4941,2020-10,2024-04
9626,2021-07,2023-09
2298,2021-09,2021-09
8146,2024-03,2024-03
8988,2020-05,2020-05
9820,2022-12,2023-02
2367,2021-10,2023-04
8259,2022-08,2024-08
7179,2020-07,2020-07
6136,2022-12,2022-12
5615,2020-05,2020-05
8963,2020-03,2020-03
9417,2021-05,2021-05
5680,2020-06,2020-08
1130,2021-06,2021-06
2131,2021-05,2021-05
5085,2024-07,2024-07
8477,2020-10,2020-10
7919,2020-06,2025-04
2633,2021-03,2022-06
